,Date Time, Monitor ID, Location ID, CO(ppm),data.temp_c,data.hum_prcnt,data.press_hpa,data.eq_db,data.onesmin_db,data.onesmax_db,data.co_ppm,data.no2_ppb,data.co_mv,data.no2_mv,data.x_g,data.y_g,data.z_g,data.x_raw,data.y_raw,data.z_raw,data.lux_lx,data.uv_mwpm2,data.nc0p5_npcm3,data.nc1p0_npcm3,data.nc2p5_npcm3,data.nc4p0_npcm3,data.nc10p0_npcm3,data.mc1p0_ugpm3,data.mc2p5_ugpm3,data.mc4p0_ugpm3,data.mc10p0_ugpm3,data.typ_pm_um,data.ozone_ppm,data.ozone_volt_mv,data.tvoc_ppb,data.batt_prcnt,data.batt_volt,data.bme280_int,data.speco3_int,data.mic_int,data.mic4514_int,data.mic4514pre_int,data.sgpc3_int,data.sps30_int,data.sps30pre_int,data.lis3dh_int,data.si1133_int,data.batt_int,data.leds_on,data.code_version,data.gps_avg_snr,data.cell_strength_dbm,data.wifi_strength_dbm,data.wifi_strength_asl,data.location.lat,data.location.lon,data.location.acc,data.timestamp
32,2021-09-16 18:26:00,1,1,0.0,31.15,35.809,938.258,61.134,49.402,76.696,626.0,3378.0,2256.0,1446.0,-0.032,-0.016,0.064,65024.0,65280.0,1024.0,47.229,0.349,323.289,367.956,368.841,368.993,369.092,46.216,48.871,48.871,48.871,0.482,8.0,-167.0,0.0,95.0,4106.0,30.0,30.0,30.0,30.0,120.0,30.0,30.0,30.0,30.0,30.0,30.0,1.0,1.0,0.0,,-41.0,4.0,17.445,78.35,15.058,1631797012733.0
35,2021-09-16 18:29:00,1,1,24.05,31.125,36.122,938.273,56.861,53.295,68.08,535.5,3005.0,2000.5,1341.5,0.04,-0.008,0.0,640.0,32640.0,0.0,51.474,0.388,74.832,85.171,85.376,85.411,85.434,10.698,11.312,11.312,11.312,0.502,10.0,-198.0,0.0,95.0,4094.5,30.0,30.0,30.0,30.0,120.0,30.0,30.0,30.0,30.0,30.0,30.0,1.0,1.0,0.0,,-47.5,4.0,17.445,78.35,14.574,1631797169954.0
36,2021-09-16 18:30:00,1,1,24.23,31.13,35.929,938.872,61.401,49.656,78.638,852.0,4339.0,2882.0,1713.0,-0.016,-0.016,-0.08,65280.0,65280.0,64256.0,53.281,0.117,2119.049,2411.829,2417.628,2418.625,2419.273,302.929,320.336,320.336,320.336,0.506,14.0,-279.0,0.0,95.0,4079.0,30.0,30.0,30.0,30.0,120.0,30.0,30.0,30.0,30.0,30.0,30.0,1.0,1.0,0.0,,-45.0,4.0,17.445,78.35,12.753,1631797216276.0
37,2021-09-16 18:31:00,1,1,24.25,31.18,35.932,938.316,49.309,48.265,50.192,848.0,4539.0,2877.0,1768.0,-0.016,-0.016,-0.048,65280.0,65280.0,64768.0,50.186,1.017,1137.803,1295.008,1298.122,1298.657,1299.005,162.655,172.001,172.001,172.001,0.482,17.0,-347.0,0.0,95.0,4108.0,30.0,30.0,30.0,30.0,120.0,30.0,30.0,30.0,30.0,30.0,30.0,1.0,1.0,0.0,,-44.0,4.0,17.445,78.35,14.057,1631797264772.0
38,2021-09-16 18:32:00,1,1,24.3,31.225,36.021,938.31,48.733,47.71,49.957,845.0,4526.5,2867.5,1764.0,-0.016,0.0,-0.056,65280.0,0.0,64640.0,52.984,0.709,705.083,802.501,804.431,804.763,804.978,100.795,106.587,106.587,106.587,0.472,13.0,-258.5,0.0,95.0,4093.0,30.0,30.0,30.0,30.0,120.0,30.0,30.0,30.0,30.0,30.0,30.0,1.0,1.0,0.0,,-48.5,4.0,17.445,78.35,13.852,1631797350335.5
40,2021-09-16 18:34:00,1,1,22.68,31.33,36.162,938.318,48.147,47.007,49.632,844.0,4442.0,2866.0,1752.0,-0.016,-0.016,-0.112,65280.0,65280.0,63744.0,52.728,0.478,422.069,480.384,481.539,481.737,481.867,60.337,63.804,63.804,63.804,0.456,15.0,-304.0,0.0,94.0,4102.0,30.0,30.0,30.0,30.0,120.0,30.0,30.0,30.0,30.0,30.0,30.0,1.0,1.0,0.0,,-52.0,4.0,17.445,78.35,14.302,1631797497913.0
43,2021-09-16 18:37:00,1,1,22.48,31.4,36.179,938.334,60.352,47.045,78.136,834.0,4346.0,2836.0,1718.0,-0.016,-0.016,0.032,65280.0,65280.0,512.0,50.936,0.562,301.242,342.863,343.687,343.829,343.921,43.064,45.539,45.539,45.539,0.481,5.0,-105.0,0.0,95.0,4083.0,30.0,30.0,30.0,30.0,120.0,30.0,30.0,30.0,30.0,30.0,30.0,1.0,1.0,0.0,,-52.0,4.0,17.445,78.35,14.295,1631797631470.0
45,2021-09-16 18:39:00,1,1,22.53,31.51,36.249,938.391,48.461,47.214,48.787,833.0,4267.0,2829.0,1694.0,0.0,-0.016,-0.096,0.0,65280.0,64000.0,55.348,0.202,225.996,257.221,257.839,257.945,258.015,32.307,34.164,34.164,34.164,0.48,18.0,-363.0,0.0,94.0,4089.0,30.0,30.0,30.0,30.0,120.0,30.0,30.0,30.0,30.0,30.0,30.0,1.0,1.0,0.0,,-52.0,4.0,17.445,78.35,14.197,1631797795439.0
48,2021-09-16 18:42:00,1,1,22.67,31.59,36.316,938.458,47.648,46.663,48.62,831.0,4260.0,2828.0,1691.0,0.032,-0.016,0.08,512.0,65280.0,1280.0,55.608,0.569,174.972,199.148,199.626,199.709,199.762,25.013,26.451,26.451,26.451,0.453,13.0,-250.0,0.0,94.0,4080.0,30.0,30.0,30.0,30.0,120.0,30.0,30.0,30.0,30.0,30.0,30.0,1.0,1.0,0.0,,-52.0,4.0,17.445,78.35,14.297,1631797935762.0
50,2021-09-16 18:44:00,1,1,22.74,31.67,36.395,938.408,47.878,47.408,48.108,832.0,4235.0,2826.0,1684.0,-0.016,0.0,-0.032,65280.0,0.0,65024.0,55.379,0.14,160.568,182.753,183.192,183.268,183.317,22.954,24.273,24.273,24.273,0.438,3.0,-63.0,0.0,94.0,4082.0,30.0,30.0,30.0,30.0,120.0,30.0,30.0,30.0,30.0,30.0,30.0,1.0,1.0,0.0,,-52.0,4.0,17.445,78.35,14.161,1631798062168.0
54,2021-09-16 18:48:00,1,1,13.35,31.79,36.477,938.534,46.169,45.902,46.458,830.0,4221.0,2828.0,1683.0,-0.016,-0.032,0.032,65280.0,65024.0,512.0,55.452,0.172,112.466,128.005,128.312,128.365,128.4,16.078,17.001,17.001,17.001,0.448,8.0,-151.0,0.0,93.0,4088.0,30.0,30.0,30.0,30.0,120.0,30.0,30.0,30.0,30.0,30.0,30.0,1.0,1.0,0.0,,-52.0,4.0,17.445,78.35,14.197,1631798287156.0
57,2021-09-16 18:51:00,1,1,13.06,31.875,35.653,938.583,47.263,46.406,48.312,759.5,3808.5,2633.0,1568.5,0.04,-0.024,0.12,640.0,65152.0,1920.0,53.293,0.349,76.114,86.63,86.838,86.874,86.897,10.881,11.506,11.506,11.506,0.445,0.0,40.0,0.0,93.0,4079.5,30.0,30.0,30.0,30.0,120.0,30.0,30.0,30.0,30.0,30.0,30.0,1.0,1.0,0.0,,-37.0,4.0,17.445,78.35,13.877,1631798479347.5
58,2021-09-16 18:52:00,1,1,12.87,31.895,35.674,938.612,46.996,46.278,47.79,763.5,3803.0,2639.5,1569.0,0.008,-0.032,-0.056,32896.0,65024.0,31872.0,52.303,0.773,70.891,80.685,80.879,80.913,80.934,10.134,10.716,10.716,10.717,0.456,0.0,49.5,0.0,93.0,4075.0,30.0,30.0,30.0,30.0,120.0,30.0,30.0,30.0,30.0,30.0,30.0,1.0,1.0,0.0,,-45.0,4.0,17.445,78.35,14.43,1631798541149.0
60,2021-09-16 18:54:00,1,1,12.18,31.95,35.775,938.644,53.485,52.057,57.006,763.0,3796.0,2641.0,1562.0,-0.016,-0.016,-0.032,65280.0,65280.0,65024.0,55.671,0.078,64.3,73.184,73.36,73.39,73.41,9.192,9.72,9.72,9.72,0.464,1.0,-22.0,0.0,93.0,4085.0,30.0,30.0,30.0,30.0,120.0,30.0,30.0,30.0,30.0,30.0,30.0,1.0,1.0,0.0,,-39.0,4.0,17.445,78.35,14.216,1631798695003.0
64,2021-09-16 18:58:00,1,1,11.0,32.02,35.877,938.613,52.546,51.651,53.92,757.0,3753.0,2622.0,1548.0,-0.016,0.0,0.016,64768.0,65280.0,256.0,54.705,0.047,46.87,53.346,53.474,53.496,53.511,6.7,7.085,7.085,7.085,0.466,0.0,68.0,0.0,93.0,4079.0,30.0,30.0,30.0,30.0,120.0,30.0,30.0,30.0,30.0,30.0,30.0,1.0,1.0,0.0,,-51.0,4.0,17.445,78.35,14.555,1631798899117.0
68,2021-09-16 19:02:00,1,1,9.25,32.1,35.86,938.56,55.851,52.356,61.38,740.0,3703.0,2577.0,1533.0,0.0,0.0,0.128,0.0,0.0,2048.0,55.108,0.318,36.614,41.673,41.773,41.791,41.802,5.234,5.535,5.535,5.535,0.448,0.0,133.0,0.0,93.0,4071.0,30.0,30.0,30.0,30.0,120.0,30.0,30.0,30.0,30.0,30.0,30.0,1.0,1.0,0.0,,-51.0,4.0,17.445,78.35,14.878,1631799121094.0
70,2021-09-16 19:04:00,1,1,8.74,32.13,35.838,938.589,52.678,52.077,54.414,735.0,3678.0,2556.0,1532.0,0.0,0.048,0.048,0.0,768.0,768.0,55.202,0.342,32.45,36.933,37.022,37.037,37.047,4.639,4.905,4.905,4.905,0.474,1.0,-15.0,0.0,93.0,4069.0,30.0,30.0,30.0,30.0,120.0,30.0,30.0,30.0,30.0,30.0,30.0,1.0,1.0,0.0,,-51.0,4.0,17.445,78.35,14.662,1631799252500.0
71,2021-09-16 19:05:00,1,1,8.42,32.16,35.755,938.577,52.506,51.962,53.334,727.0,3646.0,2537.0,1521.0,0.048,-0.016,0.064,768.0,65280.0,1024.0,55.233,0.14,29.067,33.083,33.162,33.176,33.185,4.155,4.394,4.394,4.394,0.493,0.0,20.0,0.0,92.0,4066.0,30.0,30.0,30.0,30.0,120.0,30.0,30.0,30.0,30.0,30.0,30.0,1.0,1.0,0.0,,-51.0,4.0,17.445,78.35,14.193,1631799347886.0
74,2021-09-16 19:08:00,1,1,7.64,32.18,35.709,938.603,52.581,52.141,53.184,717.0,3621.0,2509.0,1509.0,0.0,-0.016,0.0,0.0,65280.0,0.0,55.483,0.41,28.197,32.093,32.17,32.183,32.192,4.031,4.263,4.263,4.263,0.479,0.0,2.0,0.0,92.0,4075.0,30.0,30.0,30.0,30.0,120.0,30.0,30.0,30.0,30.0,30.0,30.0,1.0,1.0,0.0,,-51.0,4.0,17.445,78.35,13.926,1631799494980.0
76,2021-09-16 19:10:00,1,1,7.25,32.23,35.652,938.619,52.724,52.134,53.117,709.0,3607.0,2484.0,1505.0,0.0,0.016,-0.016,0.0,256.0,65280.0,55.452,0.441,20.01,22.774,22.829,22.839,22.845,2.861,3.025,3.025,3.025,0.474,0.0,76.0,0.0,92.0,4074.0,30.0,30.0,30.0,30.0,120.0,30.0,30.0,30.0,30.0,30.0,30.0,1.0,1.0,0.0,,-51.0,4.0,17.445,78.35,13.739,1631799643427.0
79,2021-09-16 19:13:00,1,1,6.29,32.25,35.556,938.664,54.646,52.384,69.299,699.0,3571.0,2462.0,1498.0,0.0,-0.016,0.128,0.0,65280.0,2048.0,54.83,0.086,21.986,25.024,25.084,25.095,25.102,3.143,3.324,3.324,3.324,0.479,1.0,-23.0,0.0,92.0,4069.0,30.0,30.0,30.0,30.0,120.0,30.0,30.0,30.0,30.0,30.0,30.0,1.0,1.0,0.0,,-51.0,4.0,17.445,78.35,14.01,1631799793079.0
80,2021-09-16 19:14:00,1,1,6.11,32.27,35.46,938.65,54.568,52.242,68.529,690.0,3535.0,2432.0,1491.0,-0.016,0.0,-0.08,65280.0,0.0,64256.0,55.16,0.164,20.706,23.567,23.624,23.634,23.64,2.96,3.13,3.13,3.13,0.474,0.0,164.0,0.0,92.0,4068.0,30.0,30.0,30.0,30.0,120.0,30.0,30.0,30.0,30.0,30.0,30.0,1.0,1.0,0.0,,-51.0,4.0,17.445,78.35,12.778,1631799883341.0
83,2021-09-16 19:17:00,1,1,5.81,32.3,35.353,938.717,52.807,51.581,53.615,681.0,3517.0,2414.0,1486.0,-0.016,-0.016,0.032,65280.0,65280.0,512.0,55.16,0.142,15.767,17.945,17.988,17.996,18.0,2.254,2.383,2.383,2.383,0.489,0.0,104.0,0.0,92.0,4071.0,30.0,30.0,30.0,30.0,120.0,30.0,30.0,30.0,30.0,30.0,30.0,1.0,1.0,0.0,,-51.0,4.0,17.445,78.35,12.97,1631800024455.0
85,2021-09-16 19:19:00,1,1,5.53,32.32,35.452,938.715,53.006,52.422,53.629,681.0,3532.0,2409.0,1484.0,-0.016,0.0,-0.096,65280.0,0.0,64000.0,55.535,0.11,16.192,18.43,18.474,18.482,18.487,2.315,2.448,2.448,2.448,0.514,3.0,-62.0,0.0,92.0,4068.0,30.0,30.0,30.0,30.0,120.0,30.0,30.0,30.0,30.0,30.0,30.0,1.0,1.0,0.0,,-51.0,4.0,17.445,78.35,12.955,1631800173505.0
87,2021-09-16 19:21:00,1,1,5.33,32.34,35.477,938.715,52.421,51.703,52.979,676.0,3500.0,2399.0,1484.0,0.032,-0.032,0.016,512.0,65024.0,256.0,55.483,0.218,16.464,18.738,18.783,18.791,18.796,2.354,2.489,2.489,2.489,0.512,0.0,48.0,0.0,92.0,4063.0,30.0,30.0,30.0,30.0,120.0,30.0,30.0,30.0,30.0,30.0,30.0,1.0,1.0,0.0,,-51.0,4.0,17.445,78.35,12.912,1631800264937.0
89,2021-09-16 19:23:00,1,1,5.1,32.37,35.601,938.782,53.024,52.366,53.659,671.0,3478.0,2377.0,1477.0,0.064,0.0,-0.032,1024.0,0.0,65024.0,55.452,0.624,16.585,18.876,18.921,18.929,18.934,2.371,2.507,2.507,2.507,0.493,2.0,-38.0,0.0,92.0,4070.0,30.0,30.0,30.0,30.0,120.0,30.0,30.0,30.0,30.0,30.0,30.0,1.0,1.0,0.0,,-51.0,4.0,17.445,78.35,13.325,1631800405053.0
91,2021-09-16 19:25:00,1,1,4.84,32.37,35.686,938.786,52.792,52.216,53.577,668.0,3485.0,2369.0,1478.0,-0.016,-0.064,-0.032,65280.0,64512.0,65024.0,55.452,0.569,14.415,16.406,16.446,16.453,16.457,2.061,2.179,2.179,2.179,0.495,0.0,112.0,0.0,92.0,4060.0,30.0,30.0,30.0,30.0,120.0,30.0,30.0,30.0,30.0,30.0,30.0,1.0,1.0,0.0,,-51.0,4.0,17.445,78.35,13.003,1631800526294.0
93,2021-09-16 19:27:00,1,1,4.57,32.39,35.748,938.804,52.878,52.305,53.473,663.0,3507.0,2361.0,1480.0,0.032,0.0,-0.032,512.0,0.0,65024.0,55.296,0.569,15.135,17.226,17.267,17.274,17.279,2.164,2.288,2.288,2.288,0.498,0.0,132.0,0.0,91.0,4064.0,30.0,30.0,30.0,30.0,120.0,30.0,30.0,30.0,30.0,30.0,30.0,1.0,1.0,0.0,,-51.0,4.0,17.445,78.35,12.998,1631800625664.0
95,2021-09-16 19:29:00,1,1,4.06,32.41,35.811,938.835,53.157,52.514,54.498,658.0,3457.0,2346.0,1474.0,-0.048,-0.016,-0.064,64768.0,65280.0,64512.0,55.41,0.51,11.331,12.897,12.928,12.933,12.936,1.62,1.713,1.713,1.713,0.485,0.0,120.0,0.0,92.0,4054.0,30.0,30.0,30.0,30.0,120.0,30.0,30.0,30.0,30.0,30.0,30.0,1.0,1.0,0.0,,-51.0,4.0,17.445,78.35,13.083,1631800765202.0
97,2021-09-16 19:31:00,1,1,3.79,32.42,35.691,938.831,53.328,52.516,54.786,648.0,3442.0,2318.0,1463.0,-0.032,0.0,-0.112,65024.0,0.0,63744.0,52.482,0.187,14.03,15.968,16.007,16.013,16.018,2.006,2.121,2.121,2.121,0.473,0.0,134.0,0.0,92.0,4060.0,30.0,30.0,30.0,30.0,120.0,30.0,30.0,30.0,30.0,30.0,30.0,1.0,1.0,0.0,,-51.0,4.0,17.445,78.35,12.846,1631800919824.0
100,2021-09-16 19:34:00,1,1,3.51,32.43,35.728,938.835,54.246,53.151,57.638,644.0,3450.0,2299.0,1459.0,0.032,0.0,0.048,512.0,0.0,768.0,52.635,0.226,12.494,14.22,14.255,14.26,14.264,1.786,1.889,1.889,1.889,0.487,0.0,10.0,0.0,92.0,4070.0,30.0,30.0,30.0,30.0,120.0,30.0,30.0,30.0,30.0,30.0,30.0,1.0,1.0,0.0,,-51.0,4.0,17.445,78.35,13.077,1631801086381.0
102,2021-09-16 19:36:00,1,1,3.37,32.44,35.789,938.831,54.0,53.062,55.0,640.0,3425.0,2296.0,1456.0,0.0,0.0,0.064,0.0,0.0,1024.0,52.42,0.172,13.02,14.818,14.854,14.86,14.864,1.861,1.968,1.968,1.968,0.483,2.0,-31.0,0.0,92.0,4064.0,30.0,30.0,30.0,30.0,120.0,30.0,30.0,30.0,30.0,30.0,30.0,1.0,1.0,0.0,,-51.0,4.0,17.445,78.35,12.224,1631801205235.0
104,2021-09-16 19:38:00,1,1,3.05,32.46,35.839,938.859,53.871,52.963,55.037,640.0,3428.0,2291.0,1458.0,-0.048,-0.032,-0.144,64768.0,65024.0,63232.0,52.76,0.179,11.185,12.731,12.761,12.766,12.77,1.599,1.691,1.691,1.691,0.479,0.0,41.0,0.0,92.0,4058.0,30.0,30.0,30.0,30.0,120.0,30.0,30.0,30.0,30.0,30.0,30.0,1.0,1.0,0.0,,-51.0,4.0,17.445,78.35,13.594,1631801326676.0
106,2021-09-16 19:40:00,1,1,2.77,32.47,35.9,938.875,53.8,53.044,55.474,638.0,3410.0,2286.0,1457.0,0.0,0.016,0.048,0.0,256.0,768.0,52.906,0.078,9.634,10.965,10.992,10.996,10.999,1.377,1.456,1.456,1.456,0.501,8.0,-150.0,0.0,92.0,4064.0,30.0,30.0,30.0,30.0,120.0,30.0,30.0,30.0,30.0,30.0,30.0,1.0,1.0,0.0,,-51.0,4.0,17.445,78.35,13.267,1631801446914.0
108,2021-09-16 19:42:00,1,1,2.62,32.48,35.853,938.89,55.408,52.838,69.497,637.0,3403.0,2287.0,1457.0,-0.016,0.0,0.112,65280.0,0.0,1792.0,53.062,0.41,10.83,12.326,12.356,12.361,12.364,1.548,1.637,1.637,1.637,0.494,0.0,23.0,0.0,92.0,4058.0,30.0,30.0,30.0,30.0,120.0,30.0,30.0,30.0,30.0,30.0,30.0,1.0,1.0,0.0,,-51.0,4.0,17.445,78.35,13.515,1631801566563.0
110,2021-09-16 19:44:00,1,1,2.52,32.48,35.793,938.936,55.25,52.431,69.156,636.0,3400.0,2275.0,1448.0,-0.048,0.0,-0.048,64768.0,0.0,64768.0,55.108,0.078,14.584,16.599,16.639,16.646,16.651,2.085,2.205,2.205,2.205,0.517,0.0,-8.0,0.0,91.0,4051.0,30.0,30.0,30.0,30.0,120.0,30.0,30.0,30.0,30.0,30.0,30.0,1.0,1.0,0.0,,-51.0,4.0,17.445,78.35,12.568,1631801686609.0
112,2021-09-16 19:46:00,1,1,2.42,32.51,35.855,939.006,53.087,52.424,53.801,636.0,3400.0,2286.0,1454.0,0.0,0.032,-0.096,0.0,512.0,64000.0,55.671,0.094,10.081,11.474,11.501,11.506,11.509,1.441,1.524,1.524,1.524,0.513,0.0,22.0,0.0,91.0,4056.0,30.0,30.0,30.0,30.0,120.0,30.0,30.0,30.0,30.0,30.0,30.0,1.0,1.0,0.0,,-51.0,4.0,17.445,78.35,13.509,1631801816990.0
115,2021-09-16 19:49:00,1,1,2.28,32.52,35.965,938.94,53.575,53.131,55.457,636.0,3392.0,2283.0,1453.0,-0.016,0.032,0.016,65280.0,512.0,256.0,55.608,0.357,9.68,11.017,11.044,11.048,11.051,1.384,1.463,1.463,1.463,0.524,0.0,49.0,0.0,91.0,4064.0,30.0,30.0,30.0,30.0,120.0,30.0,30.0,30.0,30.0,30.0,30.0,1.0,1.0,0.0,,-51.0,4.0,17.445,78.35,13.508,1631801987119.0
117,2021-09-16 19:51:00,1,1,2.18,32.54,36.027,938.987,53.42,52.949,54.114,635.0,3385.0,2280.0,1451.0,-0.016,0.016,0.0,65280.0,256.0,0.0,55.233,0.202,9.514,10.829,10.855,10.859,10.862,1.36,1.438,1.438,1.438,0.538,0.0,43.0,0.0,91.0,4064.0,30.0,30.0,30.0,30.0,120.0,30.0,30.0,30.0,30.0,30.0,30.0,1.0,1.0,0.0,,-51.0,4.0,17.445,78.35,13.495,1631802091464.0
119,2021-09-16 19:53:00,1,1,2.11,32.55,36.113,939.01,53.338,52.739,54.069,635.0,3396.0,2281.0,1454.0,0.032,-0.016,0.08,512.0,65280.0,1280.0,55.577,0.457,7.668,8.727,8.748,8.752,8.754,1.096,1.159,1.159,1.159,0.547,0.0,-9.0,0.0,91.0,4052.0,30.0,30.0,30.0,30.0,120.0,30.0,30.0,30.0,30.0,30.0,30.0,1.0,1.0,0.0,,-51.0,4.0,17.445,78.35,13.28,1631802208338.0
121,2021-09-16 19:55:00,1,1,1.96,32.56,36.15,938.995,53.172,52.213,54.343,636.0,3396.0,2277.0,1445.0,0.048,0.0,0.048,768.0,0.0,768.0,55.608,0.055,7.17,8.161,8.181,8.184,8.186,1.025,1.084,1.084,1.084,0.55,0.0,10.0,0.0,91.0,4057.0,30.0,30.0,30.0,30.0,120.0,30.0,30.0,30.0,30.0,30.0,30.0,1.0,1.0,0.0,,-51.0,4.0,17.445,78.35,13.367,1631802317041.0
124,2021-09-16 19:58:00,1,1,1.84,32.58,36.201,939.006,55.378,53.31,68.847,634.0,3392.0,2279.0,1450.0,-0.032,-0.016,-0.016,65024.0,65280.0,65280.0,55.452,0.047,5.98,6.817,6.84,6.845,6.847,0.857,0.913,0.919,0.92,0.562,4.0,-75.0,0.0,91.0,4044.0,30.0,30.0,30.0,30.0,120.0,30.0,30.0,30.0,30.0,30.0,30.0,1.0,1.0,0.0,,-53.0,4.0,17.445,78.35,13.367,1631802527523.0
129,2021-09-16 20:03:00,1,1,1.65,32.61,36.203,938.953,53.723,53.258,54.167,632.0,3364.0,2272.0,1444.0,-0.016,0.016,-0.128,65280.0,256.0,63488.0,55.723,0.265,8.91,10.141,10.166,10.17,10.173,1.274,1.347,1.347,1.347,0.524,0.0,122.0,0.0,91.0,4053.0,30.0,30.0,30.0,30.0,120.0,30.0,30.0,30.0,30.0,30.0,30.0,1.0,1.0,0.0,,-53.0,4.0,17.445,78.35,13.367,1631802818306.0
133,2021-09-16 20:07:00,1,1,1.51,32.63,36.119,938.953,53.864,53.097,55.147,631.0,3389.0,2271.0,1441.0,0.032,0.0,0.0,512.0,0.0,0.0,52.138,0.426,8.09,9.207,9.229,9.233,9.236,1.156,1.223,1.223,1.223,0.549,0.0,0.0,0.0,91.0,4043.0,30.0,30.0,30.0,30.0,120.0,30.0,30.0,30.0,30.0,30.0,30.0,1.0,1.0,0.0,,-53.0,4.0,17.445,78.35,13.367,1631803075883.0
137,2021-09-16 20:11:00,1,1,1.42,32.66,36.17,939.034,53.952,53.372,55.197,631.0,3371.0,2269.0,1446.0,0.016,0.016,-0.048,256.0,256.0,64768.0,55.574,0.055,6.999,7.97,7.992,7.996,7.998,1.001,1.061,1.064,1.064,0.554,0.0,158.0,0.0,91.0,4045.0,30.0,30.0,30.0,30.0,120.0,30.0,30.0,30.0,30.0,30.0,30.0,1.0,1.0,0.0,,-53.0,4.0,17.445,78.35,13.367,1631803289350.0
139,2021-09-16 20:13:00,1,1,1.4,32.67,36.244,939.091,55.312,53.091,61.596,629.0,3364.0,2267.0,1446.0,-0.016,-0.048,0.096,65280.0,64768.0,1536.0,54.327,0.357,6.359,7.254,7.283,7.288,7.29,0.913,0.976,0.984,0.986,0.572,0.0,71.0,0.0,91.0,4050.0,30.0,30.0,30.0,30.0,120.0,30.0,30.0,30.0,30.0,30.0,30.0,1.0,1.0,0.0,,-49.0,4.0,17.445,78.35,14.883,1631803417911.0
141,2021-09-16 20:15:00,1,1,1.33,32.67,36.316,939.105,53.104,52.313,54.075,631.0,3353.0,2268.0,1437.0,0.0,-0.016,0.048,0.0,65280.0,768.0,55.577,0.21,6.49,7.399,7.425,7.43,7.432,0.93,0.992,0.998,0.999,0.572,0.0,59.0,0.0,91.0,4049.0,30.0,30.0,30.0,30.0,120.0,30.0,30.0,30.0,30.0,30.0,30.0,1.0,1.0,0.0,,-49.0,4.0,17.445,78.35,15.47,1631803538555.0
144,2021-09-16 20:18:00,1,1,1.21,32.67,36.401,939.113,54.973,52.713,68.046,631.0,3360.0,2266.0,1441.0,-0.064,0.0,0.08,64512.0,0.0,1280.0,54.736,0.51,5.855,6.675,6.699,6.703,6.705,0.839,0.895,0.901,0.902,0.565,2.0,-48.0,0.0,91.0,4054.0,30.0,30.0,30.0,30.0,120.0,30.0,30.0,30.0,30.0,30.0,30.0,1.0,1.0,0.0,,-49.0,4.0,17.445,78.35,14.984,1631803690215.0
146,2021-09-16 20:20:00,1,1,1.14,32.68,36.476,939.06,53.185,52.559,53.857,629.0,3378.0,2264.0,1437.0,0.016,-0.032,-0.064,256.0,65024.0,64512.0,55.296,0.164,7.731,8.799,8.82,8.824,8.826,1.105,1.169,1.169,1.169,0.55,0.0,-5.0,0.0,91.0,4049.0,30.0,30.0,30.0,30.0,120.0,30.0,30.0,30.0,30.0,30.0,30.0,1.0,1.0,0.0,,-49.0,4.0,17.445,78.35,14.996,1631803853797.0
150,2021-09-16 20:24:00,1,1,1.06,32.71,36.513,939.192,53.563,52.817,55.435,628.0,3367.0,2261.0,1437.0,-0.016,0.016,-0.096,65280.0,256.0,64000.0,55.577,0.279,7.486,8.52,8.541,8.544,8.546,1.07,1.132,1.132,1.132,0.55,0.0,53.0,0.0,91.0,4047.0,30.0,30.0,30.0,30.0,120.0,30.0,30.0,30.0,30.0,30.0,30.0,1.0,1.0,0.0,,-49.0,4.0,17.445,78.35,15.002,1631804042027.0
153,2021-09-16 20:27:00,1,1,1.07,32.71,36.441,939.316,53.318,52.633,55.613,625.0,3335.0,2256.0,1437.0,-0.016,0.0,-0.128,65280.0,0.0,63488.0,55.754,0.233,9.895,11.27,11.303,11.309,11.312,1.416,1.503,1.508,1.508,0.563,0.0,48.0,0.0,91.0,4048.0,30.0,30.0,30.0,30.0,120.0,30.0,30.0,30.0,30.0,30.0,30.0,1.0,1.0,0.0,,-49.0,4.0,17.445,78.35,15.184,1631804232625.0
156,2021-09-16 20:30:00,1,1,1.04,32.73,36.443,939.334,52.315,51.776,53.125,625.0,3357.0,2252.0,1434.0,-0.048,-0.016,0.032,64768.0,65280.0,512.0,56.022,0.233,9.747,11.098,11.127,11.132,11.135,1.394,1.477,1.479,1.48,0.562,0.0,27.0,0.0,90.0,4050.0,30.0,30.0,30.0,30.0,120.0,30.0,30.0,30.0,30.0,30.0,30.0,1.0,1.0,0.0,,-49.0,4.0,17.445,78.35,15.11,1631804424019.0
160,2021-09-16 20:34:00,1,1,0.95,32.74,36.516,939.34,53.57,53.093,54.16,627.0,3342.0,2251.0,1437.0,-0.016,0.0,0.08,65280.0,0.0,1280.0,55.754,0.463,6.038,6.875,6.894,6.897,6.899,0.864,0.915,0.916,0.917,0.559,0.0,10.0,0.0,90.0,4048.0,30.0,30.0,30.0,30.0,120.0,30.0,30.0,30.0,30.0,30.0,30.0,1.0,1.0,0.0,,-49.0,4.0,17.445,78.35,15.628,1631804652968.0
161,2021-09-16 20:35:00,1,1,0.94,32.75,36.566,939.407,53.225,52.54,54.129,626.0,3335.0,2250.0,1439.0,-0.048,0.016,0.016,64768.0,256.0,256.0,55.41,0.213,7.93,9.025,9.047,9.051,9.053,1.134,1.199,1.199,1.199,0.552,2.0,-43.0,0.0,90.0,4048.0,30.0,30.0,30.0,30.0,120.0,30.0,30.0,30.0,30.0,30.0,30.0,1.0,1.0,0.0,,-49.0,4.0,17.445,78.35,15.095,1631804753150.0
164,2021-09-16 20:38:00,1,1,0.89,32.75,36.626,939.342,53.157,51.754,55.13,623.0,3339.0,2244.0,1436.0,-0.016,-0.032,0.064,65280.0,65024.0,1024.0,55.699,0.257,6.765,7.7,7.719,7.722,7.724,0.967,1.023,1.023,1.023,0.554,0.0,69.0,0.0,90.0,4041.0,30.0,30.0,30.0,30.0,120.0,30.0,30.0,30.0,30.0,30.0,30.0,1.0,1.0,0.0,,-49.0,4.0,17.445,78.35,15.684,1631804886506.0
166,2021-09-16 20:40:00,1,1,0.89,32.77,36.628,939.352,52.955,52.376,53.773,622.0,3332.0,2248.0,1434.0,-0.048,0.0,0.0,64768.0,0.0,0.0,55.41,0.055,8.197,9.33,9.352,9.356,9.359,1.172,1.239,1.239,1.239,0.551,0.0,147.0,0.0,90.0,4037.0,30.0,30.0,30.0,30.0,120.0,30.0,30.0,30.0,30.0,30.0,30.0,1.0,1.0,0.0,,-49.0,4.0,17.445,78.35,14.345,1631805025048.0
170,2021-09-16 20:44:00,1,1,0.78,32.77,36.567,939.373,52.849,52.196,53.69,622.0,3328.0,2245.0,1431.0,0.048,0.0,0.016,768.0,0.0,256.0,55.452,0.055,10.29,11.715,11.746,11.752,11.755,1.472,1.559,1.561,1.562,0.559,0.0,37.0,0.0,90.0,4032.0,30.0,30.0,30.0,30.0,120.0,30.0,30.0,30.0,30.0,30.0,30.0,1.0,1.0,0.0,,-49.0,4.0,17.445,78.35,14.538,1631805248639.0
174,2021-09-16 20:48:00,1,1,0.77,32.78,36.544,939.407,53.265,52.335,54.987,619.0,3321.0,2232.0,1432.0,-0.016,0.0,-0.08,65280.0,0.0,64256.0,54.799,0.126,8.249,9.395,9.422,9.427,9.429,1.181,1.253,1.256,1.256,0.563,2.0,-36.0,0.0,90.0,4019.0,30.0,30.0,30.0,30.0,120.0,30.0,30.0,30.0,30.0,30.0,30.0,1.0,1.0,0.0,,-49.0,4.0,17.445,78.35,14.062,1631805493501.0
176,2021-09-16 20:50:00,1,1,0.72,32.79,36.533,939.409,52.707,52.194,53.232,618.0,3310.0,2233.0,1427.0,0.016,0.0,-0.08,256.0,0.0,64256.0,55.671,0.218,6.484,7.386,7.408,7.412,7.415,0.928,0.986,0.989,0.99,0.562,0.0,65.0,0.0,90.0,4024.0,30.0,30.0,30.0,30.0,120.0,30.0,30.0,30.0,30.0,30.0,30.0,1.0,1.0,0.0,,-49.0,4.0,17.445,78.35,14.225,1631805652678.0
179,2021-09-16 20:53:00,1,1,0.74,32.8,36.581,939.417,52.36,52.03,52.82,618.0,3300.0,2227.0,1431.0,0.064,0.016,0.144,1024.0,256.0,2304.0,55.546,0.125,7.268,8.274,8.296,8.3,8.302,1.04,1.101,1.102,1.103,0.553,0.0,17.0,0.0,90.0,4030.0,30.0,30.0,30.0,30.0,120.0,30.0,30.0,30.0,30.0,30.0,30.0,1.0,1.0,0.0,,-49.0,4.0,17.445,78.35,14.806,1631805805344.0
181,2021-09-16 20:55:00,1,1,0.73,32.81,36.607,939.456,52.421,52.143,52.709,618.0,3303.0,2232.0,1423.0,0.032,-0.032,0.048,512.0,65024.0,768.0,55.108,0.039,5.722,6.513,6.529,6.532,6.533,0.818,0.865,0.866,0.866,0.552,0.0,191.0,0.0,90.0,4042.0,30.0,30.0,30.0,30.0,120.0,30.0,30.0,30.0,30.0,30.0,30.0,1.0,1.0,0.0,,-49.0,4.0,17.445,78.35,14.623,1631805937516.0
185,2021-09-16 20:59:00,1,1,0.71,32.81,36.668,939.56,52.665,52.107,53.588,616.0,3307.0,2222.0,1426.0,0.0,0.016,0.08,0.0,256.0,1280.0,55.23,0.194,6.07,6.908,6.925,6.928,6.93,0.868,0.918,0.918,0.918,0.538,0.0,113.0,0.0,90.0,4038.0,30.0,30.0,30.0,30.0,120.0,30.0,30.0,30.0,30.0,30.0,30.0,1.0,1.0,0.0,,-45.0,4.0,17.445,78.35,14.939,1631806144417.0
188,2021-09-16 21:02:00,1,1,0.7,32.82,36.704,939.6,52.246,51.93,52.475,614.0,3310.0,2220.0,1427.0,0.016,0.016,-0.08,256.0,256.0,64256.0,29.786,0.302,8.154,9.281,9.304,9.308,9.311,1.166,1.233,1.233,1.234,0.556,0.0,43.0,0.0,89.0,4029.0,30.0,30.0,30.0,30.0,120.0,30.0,30.0,30.0,30.0,30.0,30.0,1.0,1.0,0.0,,-45.0,4.0,17.445,78.35,14.611,1631806339774.0
191,2021-09-16 21:05:00,1,1,0.62,32.82,36.777,939.628,52.351,51.94,52.751,615.0,3289.0,2221.0,1427.0,0.0,0.0,0.08,0.0,0.0,1280.0,29.443,0.062,7.865,8.958,8.984,8.989,8.991,1.126,1.195,1.198,1.199,0.579,0.0,11.0,0.0,89.0,4034.0,30.0,30.0,30.0,30.0,120.0,30.0,30.0,30.0,30.0,30.0,30.0,1.0,1.0,0.0,,-45.0,4.0,17.445,78.35,14.52,1631806553434.0
194,2021-09-16 21:08:00,1,1,0.61,32.84,36.803,939.651,52.521,52.117,52.863,612.0,3296.0,2218.0,1423.0,0.0,-0.016,0.064,0.0,65280.0,1024.0,29.724,0.202,7.241,8.252,8.278,8.283,8.286,1.037,1.104,1.109,1.11,0.583,0.0,-3.0,0.0,89.0,4021.0,30.0,30.0,30.0,30.0,120.0,30.0,30.0,30.0,30.0,30.0,30.0,1.0,1.0,0.0,,-45.0,4.0,17.445,78.35,14.763,1631806737093.0
198,2021-09-16 21:12:00,1,1,0.6,32.85,36.865,939.661,52.443,52.025,52.841,612.0,3300.0,2214.0,1426.0,-0.032,0.016,0.0,65024.0,256.0,0.0,29.693,0.257,7.856,8.952,8.981,8.986,8.989,1.125,1.197,1.202,1.204,0.573,0.0,162.0,0.0,89.0,4030.0,30.0,30.0,30.0,30.0,120.0,30.0,30.0,30.0,30.0,30.0,30.0,1.0,1.0,0.0,,-45.0,4.0,17.445,78.35,14.643,1631806963077.0
202,2021-09-16 21:16:00,1,1,0.48,32.88,36.928,939.773,52.762,52.226,53.385,606.0,3285.0,2205.0,1425.0,0.016,-0.016,0.032,256.0,65280.0,512.0,49.21,0.109,7.362,8.381,8.402,8.406,8.408,1.053,1.114,1.115,1.115,0.557,0.0,61.0,0.0,89.0,4026.0,30.0,30.0,30.0,30.0,120.0,30.0,30.0,30.0,30.0,30.0,30.0,1.0,1.0,0.0,,-45.0,4.0,17.445,78.35,14.183,1631807186076.0
203,2021-09-16 21:17:00,1,1,0.47,32.88,36.928,939.75,53.266,52.416,55.626,607.0,3282.0,2200.0,1417.0,-0.032,0.016,-0.016,65024.0,256.0,65280.0,49.085,0.023,8.028,9.137,9.159,9.163,9.165,1.148,1.214,1.214,1.214,0.541,2.0,-45.0,0.0,89.0,4025.0,30.0,30.0,30.0,30.0,120.0,30.0,30.0,30.0,30.0,30.0,30.0,1.0,1.0,0.0,,-45.0,4.0,17.445,78.35,14.737,1631807253252.0
205,2021-09-16 21:19:00,1,1,0.46,32.9,36.906,939.74,53.243,52.513,54.1,603.0,3282.0,2194.0,1419.0,0.032,0.016,0.0,512.0,256.0,0.0,48.714,0.125,10.204,11.614,11.642,11.647,11.65,1.459,1.543,1.543,1.543,0.54,0.0,10.0,0.0,89.0,4027.0,30.0,30.0,30.0,30.0,120.0,30.0,30.0,30.0,30.0,30.0,30.0,1.0,1.0,0.0,,-45.0,4.0,17.445,78.35,14.252,1631807365522.0
207,2021-09-16 21:21:00,1,1,0.41,32.92,36.907,939.736,53.374,52.623,54.37,605.0,3285.0,2190.0,1416.0,0.032,0.0,-0.032,512.0,0.0,65024.0,48.745,0.418,11.823,13.457,13.489,13.495,13.498,1.69,1.787,1.787,1.787,0.547,4.0,-89.0,0.0,89.0,4021.0,30.0,30.0,30.0,30.0,120.0,30.0,30.0,30.0,30.0,30.0,30.0,1.0,1.0,0.0,,-45.0,4.0,17.445,78.35,13.976,1631807467696.0
208,2021-09-16 21:22:00,1,1,0.38,32.91,36.894,939.769,53.192,52.558,53.721,606.0,3250.0,2199.0,1421.0,0.0,0.016,0.064,0.0,0.0,1024.0,48.339,0.226,10.222,11.635,11.663,11.668,11.671,1.461,1.545,1.545,1.545,0.543,3.0,-66.0,0.0,89.0,4014.0,30.0,30.0,30.0,30.0,120.0,30.0,30.0,30.0,30.0,30.0,30.0,1.0,1.0,0.0,,-45.0,4.0,17.445,78.35,14.528,1631807568272.0
210,2021-09-16 21:24:00,1,1,0.4,32.93,36.859,939.801,52.794,52.312,53.344,605.0,3278.0,2197.0,1418.0,-0.032,0.016,-0.016,65024.0,256.0,65280.0,48.495,0.426,9.138,10.401,10.426,10.43,10.433,1.306,1.381,1.381,1.381,0.542,2.0,-42.0,0.0,89.0,4019.0,30.0,30.0,30.0,30.0,120.0,30.0,30.0,30.0,30.0,30.0,30.0,1.0,1.0,0.0,,-45.0,4.0,17.445,78.35,14.115,1631807669218.0
212,2021-09-16 21:26:00,1,1,0.44,32.95,36.811,939.807,54.839,52.397,69.605,606.0,3275.0,2194.0,1416.0,0.064,0.0,-0.016,1024.0,0.0,65280.0,47.995,0.326,7.889,8.979,9.0,9.004,9.007,1.128,1.193,1.193,1.193,0.539,1.0,-12.0,0.0,88.0,3999.0,30.0,30.0,30.0,30.0,120.0,30.0,30.0,30.0,30.0,30.0,30.0,1.0,1.0,0.0,,-45.0,4.0,17.445,78.35,14.13,1631807786905.0
215,2021-09-16 21:29:00,1,1,0.43,32.96,36.74,939.771,52.921,52.034,56.169,604.0,3267.0,2193.0,1411.0,-0.032,-0.016,0.08,65024.0,65280.0,1280.0,48.245,0.287,9.314,10.601,10.626,10.631,10.634,1.331,1.408,1.408,1.408,0.535,3.0,-56.0,0.0,88.0,4015.0,30.0,30.0,30.0,30.0,120.0,30.0,30.0,30.0,30.0,30.0,30.0,1.0,1.0,0.0,,-45.0,4.0,17.445,78.35,14.13,1631807973920.0
219,2021-09-16 21:33:00,1,1,0.41,32.97,36.656,939.722,52.735,52.165,53.122,605.0,3271.0,2192.0,1419.0,-0.032,-0.032,-0.032,65024.0,65024.0,65024.0,48.308,0.31,10.141,11.555,11.592,11.599,11.602,1.453,1.544,1.551,1.553,0.558,0.0,96.0,0.0,88.0,4011.0,30.0,30.0,30.0,30.0,120.0,30.0,30.0,30.0,30.0,30.0,30.0,1.0,1.0,0.0,,-45.0,4.0,17.445,78.35,14.13,1631808190966.0
231,2021-09-16 21:45:00,1,1,0.38,33.01,36.429,939.75,53.067,52.264,53.917,606.0,3260.0,2197.0,1411.0,0.016,0.016,0.0,256.0,256.0,0.0,48.339,0.426,8.354,9.508,9.531,9.535,9.538,1.194,1.263,1.263,1.263,0.549,0.0,0.0,0.0,87.0,4002.0,30.0,30.0,30.0,30.0,120.0,30.0,30.0,30.0,30.0,30.0,30.0,1.0,1.0,0.0,,-45.0,4.0,17.445,78.35,14.13,1631808940060.0
236,2021-09-16 21:50:00,1,1,0.41,33.01,36.525,939.746,54.846,52.433,69.873,609.0,3253.0,2203.0,1417.0,-0.032,0.032,0.0,65024.0,512.0,0.0,48.339,0.426,6.065,6.905,6.922,6.925,6.927,0.867,0.918,0.919,0.919,0.565,0.0,45.0,0.0,87.0,4000.0,30.0,30.0,30.0,30.0,120.0,30.0,30.0,30.0,30.0,30.0,30.0,1.0,1.0,0.0,,-45.0,4.0,17.445,78.35,14.13,1631809222093.0
240,2021-09-16 21:54:00,1,1,0.42,33.01,36.647,939.69,52.739,52.2,53.238,609.0,3264.0,2201.0,1415.0,-0.048,0.016,0.08,64768.0,256.0,1280.0,48.464,0.221,7.187,8.18,8.2,8.203,8.205,1.027,1.086,1.086,1.086,0.548,0.0,107.0,0.0,86.0,3995.0,30.0,30.0,30.0,30.0,120.0,30.0,30.0,30.0,30.0,30.0,30.0,1.0,1.0,0.0,,-45.0,4.0,17.445,78.35,14.13,1631809460577.0
243,2021-09-16 21:57:00,1,1,0.4,33.01,36.622,939.663,52.689,52.271,53.215,609.0,3275.0,2209.0,1411.0,-0.048,-0.016,-0.112,64768.0,65280.0,63744.0,48.408,0.387,7.476,8.51,8.531,8.535,8.537,1.069,1.131,1.132,1.132,0.56,0.0,0.0,0.0,86.0,3999.0,30.0,30.0,30.0,30.0,120.0,30.0,30.0,30.0,30.0,30.0,30.0,1.0,1.0,0.0,,-49.0,4.0,17.445,78.35,14.13,1631809668094.0
247,2021-09-16 22:01:00,1,1,0.43,33.01,36.526,939.767,52.85,52.284,56.031,611.0,3278.0,2208.0,1413.0,-0.048,0.016,0.032,64768.0,256.0,512.0,48.495,0.148,10.166,11.576,11.607,11.612,11.616,1.454,1.541,1.544,1.544,0.556,5.0,-92.0,0.0,86.0,3994.0,30.0,30.0,30.0,30.0,120.0,30.0,30.0,30.0,30.0,30.0,30.0,1.0,1.0,0.0,,-49.0,4.0,17.445,78.35,14.13,1631809888312.0
251,2021-09-16 22:05:00,1,1,0.43,33.02,36.211,939.779,52.679,52.218,53.061,610.0,3250.0,2207.0,1409.0,0.0,0.016,-0.096,0.0,256.0,64000.0,48.745,0.039,10.038,11.425,11.453,11.458,11.461,1.435,1.517,1.517,1.517,0.545,0.0,155.0,0.0,85.0,3982.0,30.0,30.0,30.0,30.0,120.0,30.0,30.0,30.0,30.0,30.0,30.0,1.0,1.0,0.0,,-49.0,4.0,17.445,78.35,14.13,1631810123426.0
254,2021-09-16 22:08:00,1,1,0.61,33.01,35.822,939.826,52.976,52.478,54.476,610.0,3228.0,2202.0,1409.0,0.048,0.0,-0.032,768.0,0.0,65024.0,48.37,0.103,10.485,11.934,11.963,11.968,11.971,1.499,1.585,1.585,1.585,0.541,0.0,265.0,0.0,85.0,3985.0,30.0,30.0,30.0,30.0,120.0,30.0,30.0,30.0,30.0,30.0,30.0,1.0,1.0,0.0,,-49.0,4.0,17.445,78.35,14.13,1631810299322.0
257,2021-09-16 22:11:00,1,1,0.6,32.98,33.184,939.769,62.827,62.439,63.347,599.0,3128.0,2178.0,1378.0,-0.032,0.032,0.048,65024.0,512.0,768.0,48.37,0.525,22.923,26.124,26.21,26.226,26.233,3.284,3.495,3.513,3.517,0.556,0.0,709.0,0.0,85.0,3981.0,30.0,30.0,30.0,30.0,120.0,30.0,30.0,30.0,30.0,30.0,30.0,1.0,1.0,0.0,,-49.0,4.0,17.445,78.35,14.13,1631810509215.0
258,2021-09-16 22:12:00,1,1,0.72,32.98,32.77,939.743,62.996,62.025,64.587,599.0,3121.0,2179.0,1372.0,0.0,-0.016,0.112,0.0,65280.0,1792.0,48.158,0.279,24.603,28.003,28.071,28.083,28.09,3.517,3.72,3.721,3.721,0.553,0.0,689.0,0.0,85.0,3985.0,30.0,30.0,30.0,30.0,120.0,30.0,30.0,30.0,30.0,30.0,30.0,1.0,1.0,0.0,,-37.0,4.0,17.445,78.35,14.21,1631810563862.0
259,2021-09-16 22:13:00,1,1,0.71,32.96,32.234,939.765,62.29,60.386,68.923,596.0,3103.0,2169.0,1367.0,0.048,-0.032,0.08,768.0,65024.0,1280.0,45.279,0.41,27.878,31.733,31.812,31.825,31.834,3.986,4.217,4.219,4.219,0.555,0.0,708.0,0.0,85.0,3966.0,30.0,30.0,30.0,30.0,120.0,30.0,30.0,30.0,30.0,30.0,30.0,1.0,1.0,0.0,,-36.0,4.0,17.445,78.35,13.909,1631810623492.0
261,2021-09-16 22:15:00,1,1,0.76,32.92,31.247,939.781,62.315,60.629,71.534,590.0,3042.0,2153.0,1352.0,-0.032,0.0,0.032,65024.0,0.0,512.0,48.47,0.023,39.703,45.339,45.55,45.589,45.604,5.708,6.134,6.212,6.228,0.563,0.0,820.0,0.0,85.0,3968.0,30.0,30.0,30.0,30.0,120.0,30.0,30.0,30.0,30.0,30.0,30.0,1.0,1.0,0.0,,-36.0,4.0,17.445,78.35,14.478,1631810704179.0
262,2021-09-16 22:16:00,1,1,0.76,32.88,30.964,939.791,61.73,61.218,62.212,587.0,3050.0,2146.0,1354.0,-0.032,-0.016,-0.048,65024.0,65280.0,64768.0,48.464,0.349,38.472,43.918,44.113,44.149,44.163,5.528,5.931,6.0,6.013,0.574,0.0,708.0,0.0,84.0,3978.0,30.0,30.0,30.0,30.0,120.0,30.0,30.0,30.0,30.0,30.0,30.0,1.0,1.0,0.0,,-36.0,4.0,17.445,78.35,14.536,1631810805342.0
264,2021-09-16 22:18:00,1,1,0.57,32.86,30.684,939.787,62.41,61.049,67.441,586.0,3021.0,2141.0,1352.0,0.016,-0.032,0.0,256.0,65024.0,0.0,47.845,0.055,33.351,38.063,38.225,38.255,38.268,4.79,5.133,5.187,5.198,0.556,0.0,485.0,0.0,85.0,3979.0,30.0,30.0,30.0,30.0,120.0,30.0,30.0,30.0,30.0,30.0,30.0,1.0,1.0,0.0,,-36.0,4.0,17.445,78.35,13.818,1631810907104.0
265,2021-09-16 22:19:00,1,1,0.51,32.84,30.706,939.779,61.523,60.891,62.436,583.0,3050.0,2145.0,1354.0,0.0,0.016,-0.112,0.0,256.0,63744.0,48.96,0.549,30.366,34.659,34.809,34.837,34.848,4.362,4.676,4.728,4.738,0.563,0.0,472.0,0.0,84.0,3972.0,30.0,30.0,30.0,30.0,120.0,30.0,30.0,30.0,30.0,30.0,30.0,1.0,1.0,0.0,,-36.0,4.0,17.445,78.35,14.356,1631810994550.0
267,2021-09-16 22:21:00,1,1,0.38,32.83,30.961,939.795,61.646,60.859,63.06,587.0,3053.0,2146.0,1358.0,-0.048,0.0,0.0,64768.0,0.0,0.0,48.433,0.265,24.323,27.7,27.778,27.792,27.799,3.481,3.691,3.7,3.701,0.558,0.0,403.0,0.0,84.0,3985.0,30.0,30.0,30.0,30.0,120.0,30.0,30.0,30.0,30.0,30.0,30.0,1.0,1.0,0.0,,-36.0,4.0,17.445,78.35,13.804,1631811079826.0
269,2021-09-16 22:23:00,1,1,0.29,32.84,31.691,939.748,59.83,59.182,60.705,571.0,3042.0,2099.0,1349.0,0.0,-0.016,-0.096,0.0,65280.0,64000.0,48.433,0.226,32.925,37.611,37.795,37.83,37.843,4.736,5.098,5.171,5.185,0.575,0.0,67.0,0.0,84.0,3970.0,30.0,30.0,30.0,30.0,120.0,30.0,30.0,30.0,30.0,30.0,30.0,1.0,1.0,0.0,,-36.0,4.0,17.445,78.35,14.567,1631811180198.0
270,2021-09-16 22:24:00,1,1,0.23,32.83,32.091,939.74,63.047,59.611,76.449,569.0,3042.0,2095.0,1356.0,-0.032,-0.032,0.016,65024.0,65024.0,256.0,43.791,0.016,32.138,36.727,36.916,36.952,36.965,4.626,4.989,5.067,5.082,0.584,7.0,-145.0,0.0,84.0,3980.0,30.0,30.0,30.0,30.0,120.0,30.0,30.0,30.0,30.0,30.0,30.0,1.0,1.0,0.0,,-36.0,4.0,17.445,78.35,14.182,1631811285531.0
272,2021-09-16 22:26:00,1,1,0.19,32.84,32.626,939.761,60.093,59.613,60.564,564.0,3039.0,2084.0,1360.0,-0.032,0.032,0.0,65024.0,512.0,0.0,48.433,0.21,29.572,33.866,34.089,34.132,34.146,4.272,4.403,4.461,4.476,0.588,6.0,-117.0,0.0,84.0,3975.0,30.0,30.0,30.0,30.0,120.0,30.0,30.0,30.0,30.0,30.0,30.0,1.0,1.0,0.0,,-36.0,4.0,17.445,78.35,14.08,1631811406971.0
274,2021-09-16 22:28:00,1,1,0.16,32.84,32.979,939.825,59.882,59.421,60.39,563.0,3053.0,2076.0,1355.0,0.0,0.0,0.112,0.0,0.0,1792.0,48.37,0.563,25.091,28.727,28.911,28.947,28.958,3.624,4.04,4.138,4.156,0.588,5.0,-104.0,0.0,84.0,3971.0,30.0,30.0,30.0,30.0,120.0,30.0,30.0,30.0,30.0,30.0,30.0,1.0,1.0,0.0,,-36.0,4.0,17.445,78.35,13.896,1631811497398.0
275,2021-09-16 22:29:00,1,1,0.15,32.85,33.246,939.805,59.862,59.233,60.375,559.0,3060.0,2071.0,1362.0,0.0,0.0,-0.048,0.0,0.0,64768.0,48.464,0.241,22.973,26.311,26.486,26.52,26.53,3.32,3.617,3.704,3.721,0.595,0.0,28.0,0.0,84.0,3963.0,30.0,30.0,30.0,30.0,120.0,30.0,30.0,30.0,30.0,30.0,30.0,1.0,1.0,0.0,,-36.0,4.0,17.445,78.35,14.142,1631811569729.0
276,2021-09-16 22:30:00,1,1,0.14,32.84,33.465,939.752,60.01,59.316,60.498,558.0,3057.0,2067.0,1363.0,0.016,-0.032,0.048,256.0,65024.0,768.0,48.433,0.265,22.651,26.017,26.24,26.284,26.296,3.289,4.514,4.658,4.689,0.586,5.0,-94.0,0.0,83.0,3961.0,30.0,30.0,30.0,30.0,120.0,30.0,30.0,30.0,30.0,30.0,30.0,1.0,1.0,0.0,,-36.0,4.0,17.445,78.35,13.308,1631811646661.0
278,2021-09-16 22:32:00,1,1,0.13,32.84,33.744,939.775,60.149,59.75,60.63,556.0,3057.0,2062.0,1353.0,0.0,-0.016,-0.016,0.0,65280.0,65280.0,48.464,0.295,20.995,24.065,24.238,24.272,24.282,3.038,3.323,3.412,3.429,0.584,7.0,-143.0,0.0,84.0,3966.0,30.0,30.0,30.0,30.0,120.0,30.0,30.0,30.0,30.0,30.0,30.0,1.0,1.0,0.0,,-36.0,4.0,17.445,78.35,14.063,1631811727550.0
279,2021-09-16 22:33:00,1,1,0.11,32.84,34.108,939.746,60.215,59.669,60.679,553.0,3071.0,2053.0,1361.0,0.032,-0.032,-0.08,512.0,65024.0,64256.0,48.339,0.11,19.874,22.757,22.904,22.933,22.942,2.871,3.125,3.197,3.211,0.589,10.0,-200.0,0.0,83.0,3972.0,30.0,30.0,30.0,30.0,120.0,30.0,30.0,30.0,30.0,30.0,30.0,1.0,1.0,0.0,,-36.0,4.0,17.445,78.35,13.753,1631811831500.0
281,2021-09-16 22:35:00,1,1,0.07,32.85,34.522,939.73,60.344,59.589,60.956,551.0,3067.0,2041.0,1362.0,0.0,0.0,0.112,0.0,0.0,1792.0,48.37,0.324,23.15,26.578,26.798,26.841,26.853,3.359,3.701,3.822,3.846,0.611,10.0,-197.0,0.0,83.0,3968.0,30.0,30.0,30.0,30.0,120.0,30.0,30.0,30.0,30.0,30.0,30.0,1.0,1.0,0.0,,-36.0,4.0,17.445,78.35,14.377,1631811927287.0
282,2021-09-16 22:36:00,1,1,0.07,32.85,34.643,939.716,60.298,59.621,60.937,548.0,3071.0,2036.0,1357.0,0.016,-0.016,0.064,256.0,65280.0,1024.0,48.308,0.241,20.359,23.364,23.551,23.587,23.597,2.952,3.247,3.348,3.368,0.621,15.0,-303.0,0.0,83.0,3965.0,30.0,30.0,30.0,30.0,120.0,30.0,30.0,30.0,30.0,30.0,30.0,1.0,1.0,0.0,,-36.0,4.0,17.445,78.35,14.406,1631811997855.0
284,2021-09-16 22:38:00,1,1,0.06,32.85,35.117,939.73,59.554,52.745,65.691,546.0,3064.0,2025.0,1359.0,-0.032,-0.048,0.016,65024.0,64768.0,256.0,48.37,0.241,30.767,35.482,35.883,35.963,35.982,4.499,5.059,5.304,5.353,0.653,15.0,-293.0,0.0,83.0,3953.0,30.0,30.0,30.0,30.0,120.0,30.0,30.0,30.0,30.0,30.0,30.0,1.0,1.0,0.0,,-36.0,4.0,17.445,78.35,14.314,1631812086306.0
285,2021-09-16 22:39:00,1,1,0.15,32.86,35.13,939.773,52.789,52.148,55.012,545.0,3078.0,2030.0,1364.0,-0.016,-0.032,-0.048,65280.0,65024.0,64768.0,48.37,0.031,24.024,27.585,27.815,27.861,27.873,3.487,3.844,3.971,3.997,0.623,0.0,-5.0,0.0,83.0,3955.0,30.0,30.0,30.0,30.0,120.0,30.0,30.0,30.0,30.0,30.0,30.0,1.0,1.0,0.0,,-36.0,4.0,17.445,78.35,14.019,1631812186481.0
287,2021-09-16 22:41:00,1,1,0.12,32.87,35.203,939.844,52.733,52.13,54.022,545.0,3078.0,2028.0,1360.0,0.064,-0.032,-0.08,1024.0,65024.0,64256.0,48.245,0.318,18.576,21.281,21.427,21.455,21.463,2.686,2.93,3.003,3.018,0.605,3.0,-51.0,0.0,83.0,3952.0,30.0,30.0,30.0,30.0,120.0,30.0,30.0,30.0,30.0,30.0,30.0,1.0,1.0,0.0,,-36.0,4.0,17.445,78.35,13.283,1631812281273.0
288,2021-09-16 22:42:00,1,1,0.12,32.9,37.208,939.791,51.429,48.929,58.434,528.0,3057.0,1980.0,1356.0,0.0,0.016,0.016,0.0,256.0,256.0,48.158,0.233,48.368,55.385,55.745,55.815,55.837,6.987,7.606,7.782,7.817,0.605,38.0,-762.0,0.0,83.0,3949.0,30.0,30.0,30.0,30.0,120.0,30.0,30.0,30.0,30.0,30.0,30.0,1.0,1.0,0.0,,-36.0,4.0,17.445,78.35,14.068,1631812372111.0
290,2021-09-16 22:44:00,1,1,0.08,32.95,37.298,939.824,54.399,49.017,63.78,528.0,3039.0,1976.0,1358.0,0.0,-0.016,-0.048,0.0,65280.0,64768.0,48.058,0.624,41.754,48.177,48.737,48.849,48.875,6.11,6.887,7.231,7.3,0.624,23.0,-455.0,0.0,82.0,3939.0,30.0,30.0,30.0,30.0,120.0,30.0,30.0,30.0,30.0,30.0,30.0,1.0,1.0,0.0,,-36.0,4.0,17.445,78.35,13.155,1631812483809.0
294,2021-09-16 22:48:00,1,1,0.0,33.02,37.231,939.82,52.136,49.672,54.901,527.0,3060.0,1989.0,1354.0,0.016,0.0,-0.048,256.0,0.0,64768.0,47.745,0.357,27.029,30.999,31.234,31.28,31.293,3.915,4.293,4.417,4.442,0.6,12.0,-233.0,0.0,82.0,3944.0,30.0,30.0,30.0,30.0,120.0,30.0,30.0,30.0,30.0,30.0,30.0,1.0,1.0,0.0,,-36.0,4.0,17.445,78.35,14.609,1631812712168.0
296,2021-09-16 22:50:00,1,1,0.07,33.03,37.317,939.844,51.921,49.793,54.148,529.0,3067.0,1986.0,1363.0,-0.032,0.0,-0.048,65024.0,0.0,64768.0,48.064,0.125,25.949,29.734,29.941,29.981,29.993,3.753,4.098,4.203,4.224,0.589,10.0,-206.0,0.0,82.0,3944.0,30.0,30.0,30.0,30.0,120.0,30.0,30.0,30.0,30.0,30.0,30.0,1.0,1.0,0.0,,-36.0,4.0,17.445,78.35,14.389,1631812833410.0
297,2021-09-16 22:51:00,1,1,0.17,33.05,37.366,939.836,53.712,47.925,59.417,529.0,3060.0,1979.0,1356.0,0.0,0.0,0.016,0.0,0.0,256.0,45.186,0.071,26.974,30.92,31.144,31.187,31.2,3.903,4.27,4.385,4.409,0.584,14.0,-279.0,0.0,82.0,3946.0,30.0,30.0,30.0,30.0,120.0,30.0,30.0,30.0,30.0,30.0,30.0,1.0,1.0,0.0,,-38.0,4.0,17.445,78.35,12.835,1631812873358.0
299,2021-09-16 22:53:00,1,1,0.46,33.1,39.991,939.883,51.092,46.556,57.109,511.0,3017.0,1936.0,1341.0,-0.016,-0.016,0.0,65280.0,65280.0,0.0,50.074,0.494,73.501,84.327,84.987,85.115,85.151,10.652,11.701,12.055,12.126,0.598,47.0,-932.0,0.0,82.0,3959.0,30.0,30.0,30.0,30.0,120.0,30.0,30.0,30.0,30.0,30.0,30.0,1.0,1.0,0.0,,-38.0,4.0,17.445,78.35,14.402,1631812981285.0
300,2021-09-16 22:54:00,1,1,0.88,33.13,40.455,939.917,53.705,47.032,64.176,508.0,3000.0,1921.0,1335.0,0.048,-0.032,0.048,768.0,65024.0,768.0,50.289,0.164,65.114,75.358,76.386,76.592,76.637,9.578,10.939,11.595,11.727,0.605,14.0,-286.0,0.0,82.0,3937.0,30.0,30.0,30.0,30.0,120.0,30.0,30.0,30.0,30.0,30.0,30.0,1.0,1.0,0.0,,-38.0,4.0,17.445,78.35,14.525,1631813069727.0
305,2021-09-17 19:04:00,1,1,24.44,26.44,52.812,938.799,51.291,46.203,59.852,407.0,3678.0,1641.0,1529.0,-0.016,-0.016,-0.048,65280.0,65280.0,64768.0,71.613,0.172,48.686,56.778,57.074,57.13,57.15,7.153,7.716,7.84,7.864,0.564,157.0,-3127.0,0.0,100.0,4156.0,30.0,30.0,30.0,30.0,120.0,30.0,30.0,30.0,30.0,30.0,30.0,1.0,1.0,0.0,,-23.0,4.0,17.445,78.35,17.261,1631885672271.0
307,2021-09-17 19:06:00,1,1,45.12,27.29,51.99,938.849,53.735,47.39,61.257,400.0,3178.0,1626.0,1387.0,-0.016,-0.016,-0.032,65280.0,65280.0,65024.0,72.733,0.449,75.539,86.204,86.566,86.634,86.661,10.848,11.62,11.74,11.764,0.586,151.0,-3006.0,0.0,99.0,4153.0,30.0,30.0,30.0,30.0,120.0,30.0,30.0,30.0,30.0,30.0,30.0,1.0,1.0,0.0,,-24.0,4.0,17.445,78.35,14.727,1631885782977.0
308,2021-09-17 19:07:00,1,1,45.98,27.8,51.596,938.888,60.567,47.627,81.494,815.0,4917.0,2783.0,1884.0,-0.032,0.016,-0.016,65024.0,256.0,65280.0,70.882,0.434,7375.342,8395.277,8416.089,8419.687,8421.962,1054.541,1115.735,1116.218,1116.317,0.536,155.0,-3092.0,0.0,99.0,4140.0,30.0,30.0,30.0,30.0,120.0,30.0,30.0,30.0,30.0,30.0,30.0,1.0,1.0,0.0,,-23.0,4.0,17.445,78.35,14.0,1631885879560.0
310,2021-09-17 19:09:00,1,1,46.46,28.23,50.52,938.892,47.528,47.095,47.752,824.0,5042.0,2812.0,1911.0,0.0,0.0,-0.128,0.0,0.0,63488.0,70.619,0.699,6527.156,7430.102,7448.727,7451.954,7453.973,933.331,987.69,988.278,988.397,0.563,125.0,-2491.0,0.0,99.0,4152.0,30.0,30.0,30.0,30.0,120.0,30.0,30.0,30.0,30.0,30.0,30.0,1.0,1.0,0.0,,-23.0,4.0,17.445,78.35,14.311,1631885968217.0
311,2021-09-17 19:10:00,1,1,46.71,28.6,49.555,938.922,47.429,46.933,47.674,827.0,4975.0,2818.0,1891.0,0.032,-0.016,-0.064,512.0,65280.0,64512.0,71.244,0.387,5454.797,6208.51,6223.471,6226.043,6227.712,779.801,824.642,824.666,824.673,0.509,98.0,-1950.0,0.0,99.0,4133.0,30.0,30.0,30.0,30.0,120.0,30.0,30.0,30.0,30.0,30.0,30.0,1.0,1.0,0.0,,-23.0,4.0,17.445,78.35,14.447,1631886050501.0
313,2021-09-17 19:12:00,1,1,47.03,28.92,48.763,938.925,47.982,47.533,48.644,829.0,4892.0,2821.0,1871.0,-0.032,0.032,-0.048,65024.0,512.0,64768.0,71.431,0.101,4619.813,5258.143,5270.807,5272.984,5274.398,660.432,698.403,698.419,698.423,0.509,73.0,-1455.0,0.0,98.0,4143.0,30.0,30.0,30.0,30.0,120.0,30.0,30.0,30.0,30.0,30.0,30.0,1.0,1.0,0.0,,-23.0,4.0,17.445,78.35,17.229,1631886126796.0
315,2021-09-17 19:14:00,1,1,47.44,29.28,47.817,938.988,47.596,47.333,47.946,831.0,4825.0,2831.0,1856.0,0.016,-0.016,0.032,256.0,65280.0,512.0,71.431,0.41,3796.716,4321.295,4331.688,4333.475,4334.636,542.761,573.952,573.954,573.955,0.529,54.0,-1084.0,0.0,98.0,4125.0,30.0,30.0,30.0,30.0,120.0,30.0,30.0,30.0,30.0,30.0,30.0,1.0,1.0,0.0,,-23.0,4.0,17.445,78.35,15.011,1631886252631.0
318,2021-09-17 19:17:00,1,1,47.93,29.72,46.783,938.954,46.977,46.507,47.301,834.0,4746.0,2837.0,1831.0,0.048,0.016,-0.016,768.0,256.0,65280.0,71.306,0.164,3002.32,3417.16,3425.393,3426.808,3427.727,429.202,453.88,453.893,453.896,0.527,41.0,-823.0,0.0,98.0,4125.0,30.0,30.0,30.0,30.0,120.0,30.0,30.0,30.0,30.0,30.0,30.0,1.0,1.0,0.0,,-23.0,4.0,17.445,78.35,14.429,1631886438064.0
321,2021-09-17 19:20:00,1,1,48.36,30.12,45.874,939.054,45.897,45.468,46.275,836.0,4714.0,2847.0,1814.0,0.016,-0.016,0.112,256.0,65280.0,1792.0,71.52,0.086,2338.507,2661.725,2668.204,2669.321,2670.039,334.327,353.614,353.675,353.689,0.557,20.0,-406.0,0.0,97.0,4125.0,30.0,30.0,30.0,30.0,120.0,30.0,30.0,30.0,30.0,30.0,30.0,1.0,1.0,0.0,,-23.0,4.0,17.445,78.35,16.787,1631886649532.0
322,2021-09-17 19:21:00,1,1,13.87,30.17,45.758,938.996,45.778,45.159,46.235,836.0,4692.0,2839.0,1815.0,-0.016,0.016,0.016,65280.0,256.0,256.0,71.275,0.016,2267.115,2581.215,2588.009,2589.196,2589.907,324.282,343.478,343.933,344.024,0.561,19.0,-389.0,0.0,97.0,4129.0,30.0,30.0,30.0,30.0,120.0,30.0,30.0,30.0,30.0,30.0,30.0,1.0,1.0,0.0,,-23.0,4.0,17.445,78.35,15.256,1631886678762.0
323,2021-09-17 19:22:00,1,1,1.56,30.27,45.527,939.081,45.981,45.39,46.395,835.0,4675.0,2844.0,1812.0,-0.032,-0.032,0.096,65024.0,65024.0,1536.0,71.463,0.016,2114.769,2406.967,2412.762,2413.758,2414.405,302.319,319.698,319.703,319.704,0.521,14.0,-287.0,0.0,96.0,4126.0,30.0,30.0,30.0,30.0,120.0,30.0,30.0,30.0,30.0,30.0,30.0,1.0,1.0,0.0,,-23.0,4.0,17.445,78.35,13.354,1631886738379.0
324,2021-09-17 19:23:00,1,1,1.12,30.37,45.32,939.044,45.406,44.926,45.875,838.0,4682.0,2847.0,1807.0,0.048,0.016,-0.08,768.0,256.0,64256.0,71.369,0.265,1991.009,2266.423,2272.094,2273.075,2273.691,284.695,301.266,301.437,301.471,0.539,13.0,-265.0,0.0,96.0,4107.0,30.0,30.0,30.0,30.0,120.0,30.0,30.0,30.0,30.0,30.0,30.0,1.0,1.0,0.0,,-23.0,4.0,17.445,78.35,16.501,1631886806552.0
325,2021-09-17 19:24:00,1,1,5.62,30.45,46.389,939.123,61.751,48.445,76.511,693.0,4107.0,2444.0,1648.0,0.016,0.016,0.0,256.0,256.0,0.0,62.435,0.031,937.114,1066.591,1069.155,1069.596,1069.883,133.965,141.663,141.663,141.663,0.508,35.0,-690.0,0.0,96.0,4102.0,30.0,30.0,30.0,30.0,120.0,30.0,30.0,30.0,30.0,30.0,30.0,1.0,1.0,0.0,,-23.0,4.0,17.445,78.35,18.261,1631886862202.0
326,2021-09-17 19:25:00,1,1,5.74,30.6,47.799,939.189,62.496,45.035,87.497,486.0,3507.0,1865.0,1482.0,-0.016,-0.032,-0.048,65280.0,65024.0,64768.0,71.369,0.086,157.694,179.482,179.913,179.988,180.036,22.543,23.839,23.839,23.839,0.5,40.0,-799.0,0.0,96.0,4107.0,30.0,30.0,30.0,30.0,120.0,30.0,30.0,30.0,30.0,30.0,30.0,1.0,1.0,0.0,,-23.0,4.0,17.445,78.35,14.728,1631886959992.0
327,2021-09-17 19:26:00,1,1,5.7,30.69,47.64,939.204,54.942,45.614,76.714,579.0,3782.0,2125.0,1560.0,-0.016,0.0,-0.048,65280.0,0.0,64768.0,68.847,0.387,617.726,703.075,704.765,705.056,705.245,88.307,93.381,93.381,93.382,0.487,29.0,-569.0,0.0,96.0,4111.0,30.0,30.0,30.0,30.0,120.0,30.0,30.0,30.0,30.0,30.0,30.0,1.0,1.0,0.0,,-23.0,4.0,17.445,78.35,14.208,1631887019809.0
329,2021-09-17 19:28:00,1,1,5.72,30.79,47.266,939.238,46.031,45.661,46.323,580.0,3760.0,2127.0,1550.0,0.0,-0.016,0.064,0.0,65280.0,1024.0,69.275,0.64,464.097,528.219,529.489,529.707,529.849,66.345,70.157,70.157,70.157,0.458,15.0,-295.0,0.0,96.0,4101.0,30.0,30.0,30.0,30.0,120.0,30.0,30.0,30.0,30.0,30.0,30.0,1.0,1.0,0.0,,-23.0,4.0,17.445,78.35,14.793,1631887097523.0
331,2021-09-17 19:30:00,1,1,5.79,30.91,46.821,939.286,46.464,46.086,46.892,580.0,3728.0,2124.0,1548.0,0.0,-0.032,0.0,0.0,65024.0,0.0,69.467,0.265,348.83,397.026,397.981,398.145,398.252,49.867,52.733,52.732,52.733,0.469,13.0,-263.0,0.0,95.0,4093.0,30.0,30.0,30.0,30.0,120.0,30.0,30.0,30.0,30.0,30.0,30.0,1.0,1.0,0.0,,-23.0,4.0,17.445,78.35,13.557,1631887231082.0
333,2021-09-17 19:32:00,1,1,5.85,31.03,46.47,939.271,47.047,46.723,47.417,580.0,3707.0,2129.0,1535.0,0.064,0.016,0.032,1024.0,256.0,512.0,69.181,0.434,286.81,326.437,327.222,327.357,327.445,41.001,43.357,43.357,43.357,0.472,4.0,-77.0,0.0,95.0,4109.0,30.0,30.0,30.0,30.0,120.0,30.0,30.0,30.0,30.0,30.0,30.0,1.0,1.0,0.0,,-23.0,4.0,17.445,78.35,14.561,1631887332055.0
334,2021-09-17 19:33:00,1,1,5.92,31.09,46.272,939.224,47.28,46.94,47.697,582.0,3710.0,2122.0,1540.0,-0.032,-0.016,0.08,65024.0,65280.0,1280.0,69.404,0.249,250.152,277.486,278.154,278.268,278.343,34.853,36.855,36.855,36.855,0.466,0.0,93.0,0.0,95.0,4098.0,30.0,30.0,30.0,30.0,120.0,30.0,30.0,30.0,30.0,30.0,30.0,1.0,1.0,0.0,,-24.0,4.0,17.445,78.35,15.088,1631887412743.0
335,2021-09-17 19:34:00,1,1,5.96,31.14,46.121,939.307,47.334,47.022,47.594,579.0,3685.0,2132.0,1536.0,0.032,-0.032,0.016,512.0,65024.0,256.0,69.525,0.533,241.989,275.423,276.085,276.199,276.273,34.593,36.581,36.581,36.581,0.445,2.0,-44.0,0.0,95.0,4094.0,30.0,30.0,30.0,30.0,120.0,30.0,30.0,30.0,30.0,30.0,30.0,1.0,1.0,0.0,,-24.0,4.0,17.445,78.35,14.643,1631887467013.0
336,2021-09-17 19:35:00,1,1,6.0,31.23,45.912,939.313,47.58,47.296,47.844,581.0,3682.0,2132.0,1534.0,0.048,-0.016,0.08,768.0,65280.0,1280.0,69.494,0.125,202.765,230.78,231.335,231.43,231.492,28.986,30.652,30.652,30.652,0.467,0.0,23.0,0.0,95.0,4091.0,30.0,30.0,30.0,30.0,120.0,30.0,30.0,30.0,30.0,30.0,30.0,1.0,1.0,0.0,,-24.0,4.0,17.445,78.35,14.673,1631887547895.0
338,2021-09-17 19:37:00,1,1,6.11,31.29,45.703,939.337,47.801,47.35,48.343,581.0,3682.0,2128.0,1533.0,-0.016,-0.032,-0.016,65280.0,65024.0,65280.0,69.65,0.624,182.384,207.584,208.083,208.168,208.224,26.073,27.571,27.571,27.571,0.465,0.0,99.0,0.0,95.0,4094.0,30.0,30.0,30.0,30.0,120.0,30.0,30.0,30.0,30.0,30.0,30.0,1.0,1.0,0.0,,-24.0,4.0,17.445,78.35,14.562,1631887637728.0
339,2021-09-17 19:38:00,1,1,6.15,31.37,45.505,939.349,47.731,47.464,47.981,583.0,3671.0,2129.0,1530.0,-0.032,0.032,0.032,65024.0,512.0,512.0,69.467,0.758,169.047,192.403,192.866,192.945,192.997,24.166,25.555,25.555,25.555,0.474,0.0,164.0,0.0,94.0,4084.0,30.0,30.0,30.0,30.0,120.0,30.0,30.0,30.0,30.0,30.0,30.0,1.0,1.0,0.0,,-24.0,4.0,17.445,78.35,17.596,1631887732148.0
341,2021-09-17 19:40:00,1,1,6.25,31.44,45.331,939.383,47.847,47.512,48.16,582.0,3660.0,2127.0,1527.0,0.0,0.032,-0.08,0.0,512.0,64256.0,69.744,0.334,146.724,166.996,167.397,167.466,167.511,20.975,22.18,22.18,22.18,0.477,0.0,261.0,0.0,94.0,4087.0,30.0,30.0,30.0,30.0,120.0,30.0,30.0,30.0,30.0,30.0,30.0,1.0,1.0,0.0,,-23.0,4.0,17.445,78.35,14.344,1631887826524.0
342,2021-09-17 19:41:00,1,1,6.26,31.51,45.144,939.43,47.758,47.458,47.989,583.0,3646.0,2135.0,1528.0,-0.016,0.0,-0.048,65280.0,0.0,64768.0,69.592,0.287,142.567,162.265,162.655,162.722,162.765,20.381,21.552,21.552,21.552,0.459,0.0,245.0,0.0,94.0,4075.0,30.0,30.0,30.0,30.0,120.0,30.0,30.0,30.0,30.0,30.0,30.0,1.0,1.0,0.0,,-23.0,4.0,17.445,78.35,14.284,1631887894919.0
343,2021-09-17 19:42:00,1,1,6.3,31.56,45.052,939.432,47.646,47.248,47.887,584.0,3664.0,2128.0,1523.0,-0.048,-0.016,-0.064,64768.0,65280.0,64512.0,69.485,0.569,130.242,148.237,148.593,148.655,148.694,18.619,19.689,19.689,19.689,0.465,0.0,134.0,0.0,94.0,4082.0,30.0,30.0,30.0,30.0,120.0,30.0,30.0,30.0,30.0,30.0,30.0,1.0,1.0,0.0,,-28.0,4.0,17.445,78.35,16.81,1631887958721.0
344,2021-09-17 19:43:00,1,1,6.35,31.59,44.96,939.409,47.861,47.477,48.076,583.0,3642.0,2140.0,1520.0,-0.032,0.0,0.048,65024.0,0.0,768.0,69.869,0.387,106.386,121.085,121.376,121.426,121.458,15.208,16.082,16.082,16.082,0.435,0.0,153.0,0.0,94.0,4080.0,30.0,30.0,30.0,30.0,120.0,30.0,30.0,30.0,30.0,30.0,30.0,1.0,1.0,0.0,,-28.0,4.0,17.445,78.35,14.567,1631888031851.0
346,2021-09-17 19:45:00,1,1,6.43,31.63,44.842,939.455,48.016,47.655,48.269,583.0,3646.0,2135.0,1524.0,0.0,0.0,0.0,256.0,64768.0,0.0,69.842,0.117,101.947,116.033,116.312,116.36,116.391,14.574,15.411,15.411,15.411,0.461,0.0,287.0,0.0,94.0,4091.0,30.0,30.0,30.0,30.0,120.0,30.0,30.0,30.0,30.0,30.0,30.0,1.0,1.0,0.0,,-28.0,4.0,17.445,78.35,14.839,1631888102602.0
347,2021-09-17 19:46:00,1,1,6.45,31.7,44.693,939.479,48.241,47.893,48.448,583.0,3650.0,2139.0,1519.0,0.032,-0.032,-0.016,512.0,65024.0,65280.0,69.619,0.502,100.857,114.792,115.068,115.116,115.147,14.418,15.247,15.247,15.247,0.458,0.0,185.0,0.0,94.0,4087.0,30.0,30.0,30.0,30.0,120.0,30.0,30.0,30.0,30.0,30.0,30.0,1.0,1.0,0.0,,-23.0,4.0,17.445,78.35,17.364,1631888164425.0
348,2021-09-17 19:47:00,1,1,6.48,31.76,44.565,939.504,48.326,47.928,48.559,584.0,3635.0,2138.0,1519.0,0.032,0.0,0.0,512.0,0.0,0.0,69.81,0.202,101.297,115.293,115.57,115.618,115.649,14.481,15.313,15.313,15.313,0.488,0.0,269.0,0.0,94.0,4081.0,30.0,30.0,30.0,30.0,120.0,30.0,30.0,30.0,30.0,30.0,30.0,1.0,1.0,0.0,,-23.0,4.0,17.445,78.35,14.857,1631888268565.0
350,2021-09-17 19:49:00,1,1,6.55,31.84,44.379,939.536,48.464,48.153,48.642,586.0,3642.0,2139.0,1518.0,0.016,-0.032,-0.096,256.0,65024.0,64000.0,69.592,0.202,79.768,90.789,91.007,91.045,91.069,11.403,12.058,12.058,12.058,0.446,0.0,365.0,0.0,94.0,4089.0,30.0,30.0,30.0,30.0,120.0,30.0,30.0,30.0,30.0,30.0,30.0,1.0,1.0,0.0,,-23.0,4.0,17.445,78.35,13.978,1631888393791.0
353,2021-09-17 19:52:00,1,1,6.62,31.93,44.183,939.491,48.401,48.173,48.573,586.0,3632.0,2136.0,1518.0,0.0,0.0,0.048,0.0,0.0,768.0,69.681,0.426,72.111,82.074,82.271,82.305,82.327,10.309,10.901,10.901,10.901,0.464,0.0,312.0,0.0,93.0,4078.0,30.0,30.0,30.0,30.0,120.0,30.0,30.0,30.0,30.0,30.0,30.0,1.0,1.0,0.0,,-23.0,4.0,17.445,78.35,16.874,1631888538884.0
354,2021-09-17 19:53:00,1,1,6.64,31.98,44.079,939.566,48.466,48.208,48.689,587.0,3635.0,2143.0,1521.0,-0.048,0.0,-0.064,64768.0,0.0,64512.0,69.619,0.086,66.896,76.139,76.322,76.353,76.374,9.563,10.113,10.113,10.113,0.482,0.0,190.0,0.0,93.0,4076.0,30.0,30.0,30.0,30.0,120.0,30.0,30.0,30.0,30.0,30.0,30.0,1.0,1.0,0.0,,-23.0,4.0,17.445,78.35,14.899,1631888637828.0
356,2021-09-17 19:55:00,1,1,6.69,32.06,43.954,939.591,48.448,48.216,48.634,585.0,3632.0,2148.0,1519.0,-0.016,-0.016,0.0,65280.0,65280.0,0.0,69.592,0.226,61.629,70.144,70.312,70.341,70.36,8.81,9.316,9.316,9.316,0.465,0.0,132.0,0.0,93.0,4086.0,30.0,30.0,30.0,30.0,120.0,30.0,30.0,30.0,30.0,30.0,30.0,1.0,1.0,0.0,,-23.0,4.0,17.445,78.35,14.928,1631888740211.0
358,2021-09-17 19:57:00,1,1,6.73,32.12,43.815,939.648,48.443,48.249,48.698,587.0,3617.0,2148.0,1517.0,0.0,0.0,-0.016,0.0,0.0,65280.0,69.275,0.202,49.298,56.109,56.244,56.267,56.282,7.047,7.452,7.452,7.452,0.481,0.0,227.0,0.0,93.0,4071.0,30.0,30.0,30.0,30.0,120.0,30.0,30.0,30.0,30.0,30.0,30.0,1.0,1.0,0.0,,-23.0,4.0,17.445,78.35,14.558,1631888858837.0
360,2021-09-17 19:59:00,1,1,6.78,32.18,43.663,939.666,48.512,48.286,48.67,589.0,3621.0,2150.0,1516.0,0.0,0.016,0.08,0.0,256.0,1280.0,69.56,0.525,49.91,56.806,56.942,56.966,56.981,7.135,7.545,7.545,7.545,0.454,0.0,193.0,0.0,93.0,4083.0,30.0,30.0,30.0,30.0,120.0,30.0,30.0,30.0,30.0,30.0,30.0,1.0,1.0,0.0,,-23.0,4.0,17.445,78.35,16.935,1631888981879.0
362,2021-09-17 20:01:00,1,1,6.81,32.24,43.56,939.659,48.534,48.224,48.696,588.0,3625.0,2148.0,1516.0,0.0,-0.016,0.016,0.0,65280.0,256.0,69.681,0.549,49.262,56.068,56.203,56.226,56.241,7.042,7.447,7.447,7.447,0.475,0.0,133.0,0.0,93.0,4078.0,30.0,30.0,30.0,30.0,120.0,30.0,30.0,30.0,30.0,30.0,30.0,1.0,1.0,0.0,,-23.0,4.0,17.445,78.35,14.952,1631889100534.0
364,2021-09-17 20:03:00,1,1,6.82,32.3,43.468,939.655,48.692,48.389,48.855,588.0,3614.0,2150.0,1509.0,-0.048,0.016,0.048,64768.0,256.0,768.0,70.244,0.148,41.797,47.572,47.686,47.706,47.719,5.975,6.318,6.318,6.318,0.452,0.0,315.0,0.0,92.0,4066.0,30.0,30.0,30.0,30.0,120.0,30.0,30.0,30.0,30.0,30.0,30.0,1.0,1.0,0.0,,-23.0,4.0,17.445,78.35,14.585,1631889224573.0
367,2021-09-17 20:06:00,1,1,6.87,32.36,43.366,939.625,48.781,48.398,48.959,591.0,3617.0,2149.0,1517.0,0.0,-0.032,0.096,0.0,65024.0,1536.0,69.994,0.047,35.521,40.429,40.526,40.542,40.553,5.078,5.37,5.37,5.37,0.46,0.0,169.0,0.0,92.0,4068.0,30.0,30.0,30.0,30.0,120.0,30.0,30.0,30.0,30.0,30.0,30.0,1.0,1.0,0.0,,-23.0,4.0,17.445,78.35,14.139,1631889360312.0
369,2021-09-17 20:08:00,1,1,6.91,32.43,43.239,939.698,48.667,48.445,48.881,591.0,3632.0,2156.0,1511.0,0.0,-0.032,-0.032,0.0,65024.0,65024.0,69.828,0.365,33.146,37.725,37.816,37.831,37.842,4.738,5.011,5.011,5.011,0.461,0.0,218.0,0.0,92.0,4064.0,30.0,30.0,30.0,30.0,120.0,30.0,30.0,30.0,30.0,30.0,30.0,1.0,1.0,0.0,,-23.0,4.0,17.445,78.35,17.22,1631889507397.0
373,2021-09-17 20:12:00,1,1,6.96,32.53,43.067,939.831,48.784,48.439,48.941,588.0,3592.0,2156.0,1513.0,0.0,0.0,-0.048,0.0,0.0,64768.0,70.185,0.094,33.673,38.326,38.418,38.434,38.444,4.814,5.09,5.09,5.09,0.445,0.0,172.0,0.0,93.0,4064.0,30.0,30.0,30.0,30.0,120.0,30.0,30.0,30.0,30.0,30.0,30.0,1.0,1.0,0.0,,-23.0,4.0,17.445,78.35,14.731,1631889720649.0
376,2021-09-17 20:15:00,1,1,6.97,32.61,42.929,939.818,48.855,48.559,49.008,591.0,3617.0,2158.0,1513.0,0.0,-0.032,-0.048,0.0,65024.0,64768.0,70.078,0.233,27.997,31.866,31.942,31.955,31.964,4.002,4.232,4.232,4.232,0.45,0.0,231.0,0.0,93.0,4064.0,30.0,30.0,30.0,30.0,120.0,30.0,30.0,30.0,30.0,30.0,30.0,1.0,1.0,0.0,,-23.0,4.0,17.445,78.35,14.767,1631889903504.0
378,2021-09-17 20:17:00,1,1,7.0,32.66,42.838,939.874,48.843,48.555,48.988,591.0,3603.0,2158.0,1510.0,-0.08,-0.032,0.048,64256.0,65024.0,768.0,70.414,0.244,22.294,25.374,25.435,25.445,25.452,3.187,3.37,3.37,3.37,0.455,0.0,152.0,0.0,92.0,4068.0,30.0,30.0,30.0,30.0,120.0,30.0,30.0,30.0,30.0,30.0,30.0,1.0,1.0,0.0,,-23.0,4.0,17.445,78.35,15.015,1631890033489.0
386,2021-09-17 20:25:00,1,1,7.09,32.84,42.587,939.921,49.088,48.77,49.208,594.0,3617.0,2163.0,1506.0,-0.048,-0.032,0.112,64768.0,65024.0,1792.0,70.414,0.062,16.368,18.629,18.674,18.681,18.686,2.34,2.474,2.474,2.474,0.459,0.0,254.0,0.0,92.0,4057.0,30.0,30.0,30.0,30.0,120.0,30.0,30.0,30.0,30.0,30.0,30.0,1.0,1.0,0.0,,-23.0,4.0,17.445,78.35,15.015,1631890503338.0
400,2021-09-17 20:39:00,1,1,6.84,33.14,42.167,940.152,48.859,48.587,49.009,597.0,3592.0,2175.0,1510.0,0.0,-0.032,-0.032,0.0,65024.0,65024.0,70.445,0.318,8.649,9.844,9.868,9.872,9.875,1.236,1.308,1.308,1.308,0.459,0.0,110.0,0.0,91.0,4058.0,30.0,30.0,30.0,30.0,120.0,30.0,30.0,30.0,30.0,30.0,30.0,1.0,1.0,0.0,,-23.0,4.0,17.445,78.35,15.015,1631891378756.0
408,2021-09-17 20:47:00,1,1,4.94,33.28,42.046,940.236,49.696,49.286,52.387,570.0,3546.0,2097.0,1491.0,0.0,0.0,0.08,0.0,0.0,1280.0,70.57,0.31,17.329,19.723,19.77,19.779,19.784,2.477,2.62,2.62,2.62,0.466,0.0,224.0,0.0,91.0,4051.0,30.0,30.0,30.0,30.0,120.0,30.0,30.0,30.0,30.0,30.0,30.0,1.0,1.0,0.0,,-32.0,4.0,17.445,78.35,15.015,1631891852655.0
420,2021-09-17 20:59:00,1,1,3.11,33.48,41.907,940.406,49.461,49.009,50.092,543.0,3464.0,2019.0,1476.0,-0.016,0.016,-0.08,65280.0,256.0,64256.0,29.411,0.024,26.613,30.29,30.363,30.376,30.384,3.804,4.023,4.023,4.023,0.508,0.0,122.0,0.0,91.0,4058.0,30.0,30.0,30.0,30.0,120.0,30.0,30.0,30.0,30.0,30.0,30.0,1.0,1.0,0.0,,-32.0,4.0,17.445,78.35,15.015,1631892548108.0
431,2021-09-17 21:10:00,1,1,1.97,33.65,41.765,940.672,49.71,49.388,50.213,522.0,3428.0,1965.0,1465.0,-0.016,0.0,0.048,65280.0,0.0,768.0,29.823,0.086,23.91,27.214,27.279,27.291,27.298,3.418,3.615,3.615,3.615,0.507,6.0,-122.0,0.0,91.0,4060.0,30.0,30.0,30.0,30.0,120.0,30.0,30.0,30.0,30.0,30.0,30.0,1.0,1.0,0.0,,-32.0,4.0,17.445,78.35,14.601,1631893216097.0
436,2021-09-17 21:15:00,1,1,1.69,33.73,41.626,940.76,49.733,49.083,50.269,516.0,3417.0,1946.0,1456.0,-0.032,0.016,-0.112,65024.0,256.0,63744.0,29.479,0.428,24.198,27.541,27.607,27.619,27.626,3.459,3.658,3.658,3.658,0.528,0.0,59.0,0.0,91.0,4048.0,30.0,30.0,30.0,30.0,120.0,30.0,30.0,30.0,30.0,30.0,30.0,1.0,1.0,0.0,,-32.0,4.0,17.445,78.35,14.601,1631893535102.0
445,2021-09-17 21:24:00,1,1,1.05,33.84,41.502,940.977,52.962,49.341,68.883,507.0,3396.0,1925.0,1453.0,-0.064,0.016,-0.016,64512.0,256.0,65280.0,67.475,0.062,19.905,22.655,22.71,22.719,22.725,2.846,3.009,3.009,3.009,0.508,0.0,71.0,0.0,91.0,4048.0,30.0,30.0,30.0,30.0,120.0,30.0,30.0,30.0,30.0,30.0,30.0,1.0,1.0,0.0,,-23.0,4.0,17.445,78.35,14.601,1631894069541.0
449,2021-09-17 21:28:00,1,1,0.81,33.89,41.458,940.983,51.995,51.053,52.824,503.0,3375.0,1909.0,1443.0,0.016,-0.016,-0.016,256.0,65280.0,65280.0,72.113,0.07,25.597,29.133,29.203,29.216,29.223,3.659,3.869,3.869,3.869,0.526,0.0,59.0,0.0,90.0,4037.0,30.0,30.0,30.0,30.0,120.0,30.0,30.0,30.0,30.0,30.0,30.0,1.0,1.0,0.0,,-23.0,4.0,17.445,78.35,14.601,1631894293931.0
453,2021-09-17 21:32:00,1,1,0.67,33.95,41.294,940.953,52.008,51.196,52.998,499.0,3367.0,1901.0,1445.0,-0.048,0.0,-0.096,64768.0,0.0,64000.0,71.908,0.218,22.743,25.886,25.948,25.959,25.966,3.251,3.438,3.438,3.438,0.505,0.0,138.0,0.0,90.0,4045.0,30.0,30.0,30.0,30.0,120.0,30.0,30.0,30.0,30.0,30.0,30.0,1.0,1.0,0.0,,-23.0,4.0,17.445,78.35,14.601,1631894571002.0
462,2021-09-17 21:41:00,1,1,0.33,34.05,39.673,941.058,50.727,49.739,51.623,488.0,3300.0,1870.0,1424.0,0.016,-0.016,-0.016,256.0,65280.0,65280.0,71.676,0.434,22.913,26.078,26.141,26.152,26.159,3.275,3.464,3.464,3.464,0.537,0.0,371.0,0.0,90.0,4037.0,30.0,30.0,30.0,30.0,120.0,30.0,30.0,30.0,30.0,30.0,30.0,1.0,1.0,0.0,,-23.0,4.0,17.445,78.35,14.601,1631895067072.0
467,2021-09-17 21:46:00,1,1,0.23,34.06,38.361,940.994,51.101,50.267,52.033,482.0,3275.0,1856.0,1417.0,-0.032,0.032,0.0,65024.0,512.0,0.0,71.431,0.318,28.929,32.926,33.005,33.019,33.028,4.136,4.373,4.373,4.373,0.517,0.0,372.0,0.0,90.0,4043.0,30.0,30.0,30.0,30.0,120.0,30.0,30.0,30.0,30.0,30.0,30.0,1.0,1.0,0.0,,-23.0,4.0,17.445,78.35,14.601,1631895363219.0
469,2021-09-17 21:48:00,1,1,0.2,34.06,37.766,941.026,50.967,50.221,51.901,481.0,3267.0,1851.0,1410.0,0.0,-0.016,0.016,0.0,65280.0,256.0,71.752,0.062,24.869,28.305,28.373,28.385,28.393,3.555,3.759,3.759,3.759,0.529,0.0,483.0,0.0,90.0,4041.0,30.0,30.0,30.0,30.0,120.0,30.0,30.0,30.0,30.0,30.0,30.0,1.0,1.0,0.0,,-23.0,4.0,17.445,78.35,14.601,1631895527782.0
473,2021-09-17 21:52:00,1,1,0.16,34.08,36.794,941.016,51.222,50.291,52.318,477.0,3232.0,1841.0,1403.0,0.064,-0.016,-0.16,1024.0,65280.0,62976.0,71.507,0.07,27.511,31.313,31.388,31.401,31.409,3.933,4.159,4.159,4.159,0.517,0.0,430.0,0.0,90.0,4039.0,30.0,30.0,30.0,30.0,120.0,30.0,30.0,30.0,30.0,30.0,30.0,1.0,1.0,0.0,,-23.0,4.0,17.445,78.35,14.601,1631895773055.0
478,2021-09-17 21:57:00,1,1,0.13,34.07,36.039,940.959,51.195,50.549,52.328,477.0,3210.0,1838.0,1399.0,0.048,-0.016,0.112,768.0,65280.0,1792.0,71.582,0.103,26.303,29.937,30.009,30.021,30.029,3.76,3.976,3.976,3.976,0.536,0.0,297.0,0.0,90.0,4027.0,30.0,30.0,30.0,30.0,120.0,30.0,30.0,30.0,30.0,30.0,30.0,1.0,1.0,0.0,,-23.0,4.0,17.445,78.35,14.601,1631896023681.0
482,2021-09-17 22:01:00,1,1,0.09,34.07,35.381,940.941,51.381,50.562,52.403,472.0,3182.0,1829.0,1388.0,0.016,-0.016,0.0,256.0,65280.0,0.0,71.676,0.218,25.27,28.762,28.831,28.843,28.851,3.613,3.82,3.82,3.82,0.525,0.0,276.0,0.0,90.0,4020.0,30.0,30.0,30.0,30.0,120.0,30.0,30.0,30.0,30.0,30.0,30.0,1.0,1.0,0.0,,-23.0,4.0,17.445,78.35,14.601,1631896314654.0
486,2021-09-17 22:05:00,1,1,0.1,34.06,34.905,940.977,51.482,50.556,52.711,474.0,3150.0,1826.0,1388.0,0.0,-0.016,0.064,0.0,65280.0,1024.0,71.463,0.055,25.306,28.802,28.871,28.883,28.891,3.618,3.825,3.825,3.825,0.553,0.0,415.0,0.0,89.0,4029.0,30.0,30.0,30.0,30.0,120.0,30.0,30.0,30.0,30.0,30.0,30.0,1.0,1.0,0.0,,-23.0,4.0,17.445,78.35,14.601,1631896504258.0
490,2021-09-17 22:09:00,1,1,0.1,34.06,35.002,940.981,54.003,50.572,69.495,472.0,3171.0,1827.0,1389.0,0.032,0.0,0.016,512.0,0.0,256.0,71.551,0.165,24.568,27.962,28.03,28.041,28.049,3.512,3.714,3.714,3.714,0.545,0.0,221.0,0.0,89.0,4029.0,30.0,30.0,30.0,30.0,120.0,30.0,30.0,30.0,30.0,30.0,30.0,1.0,1.0,0.0,,-23.0,4.0,17.445,78.35,14.601,1631896744552.0
495,2021-09-17 22:14:00,1,1,0.1,34.03,34.745,940.973,51.798,50.684,53.334,470.0,3167.0,1821.0,1387.0,-0.048,0.016,0.016,64768.0,256.0,256.0,71.539,0.334,18.144,20.651,20.701,20.709,20.715,2.594,2.743,2.743,2.743,0.54,0.0,193.0,0.0,89.0,4038.0,30.0,30.0,30.0,30.0,120.0,30.0,30.0,30.0,30.0,30.0,30.0,1.0,1.0,0.0,,-23.0,4.0,17.445,78.35,14.601,1631897075070.0
500,2021-09-17 22:19:00,1,1,0.12,34.03,34.416,940.951,52.396,50.429,55.055,468.0,3142.0,1818.0,1380.0,0.048,0.016,0.08,768.0,256.0,1280.0,71.783,0.024,23.066,26.253,26.316,26.327,26.334,3.297,3.487,3.487,3.487,0.545,0.0,132.0,0.0,88.0,4031.0,30.0,30.0,30.0,30.0,120.0,30.0,30.0,30.0,30.0,30.0,30.0,1.0,1.0,0.0,,-23.0,4.0,17.445,78.35,14.601,1631897361475.0
504,2021-09-17 22:23:00,1,1,0.12,34.01,34.025,940.836,51.355,50.346,53.858,469.0,3135.0,1804.0,1374.0,-0.016,0.0,-0.064,65280.0,0.0,64512.0,71.783,0.379,23.6,26.861,26.926,26.937,26.944,3.374,3.568,3.568,3.568,0.543,0.0,288.0,0.0,88.0,4016.0,30.0,30.0,30.0,30.0,120.0,30.0,30.0,30.0,30.0,30.0,30.0,1.0,1.0,0.0,,-23.0,4.0,17.445,78.35,14.601,1631897616670.0
507,2021-09-17 22:26:00,1,1,0.13,33.99,33.573,940.836,51.273,50.385,52.741,466.0,3107.0,1805.0,1372.0,0.0,-0.016,-0.032,0.0,65280.0,65024.0,71.752,0.094,19.791,22.525,22.579,22.588,22.594,2.829,2.992,2.992,2.992,0.533,0.0,133.0,0.0,88.0,4021.0,30.0,30.0,30.0,30.0,120.0,30.0,30.0,30.0,30.0,30.0,30.0,1.0,1.0,0.0,,-33.0,4.0,17.445,78.35,14.601,1631897796537.0
512,2021-09-17 22:31:00,1,1,0.14,33.97,32.95,940.839,50.87,50.086,51.586,465.0,3096.0,1803.0,1371.0,-0.032,-0.032,-0.112,65024.0,65024.0,63744.0,71.738,0.086,22.655,25.785,25.847,25.858,25.865,3.239,3.425,3.425,3.425,0.52,0.0,320.0,0.0,88.0,4008.0,30.0,30.0,30.0,30.0,120.0,30.0,30.0,30.0,30.0,30.0,30.0,1.0,1.0,0.0,,-33.0,4.0,17.445,78.35,14.601,1631898087116.0
517,2021-09-17 22:36:00,1,1,0.14,33.91,32.35,940.94,51.353,50.276,52.155,465.0,3067.0,1802.0,1362.0,0.048,0.0,0.016,768.0,0.0,256.0,71.877,0.302,21.728,24.73,24.789,24.8,24.806,3.106,3.285,3.285,3.285,0.553,0.0,232.0,0.0,88.0,4013.0,30.0,30.0,30.0,30.0,120.0,30.0,30.0,30.0,30.0,30.0,30.0,1.0,1.0,0.0,,-33.0,4.0,17.445,78.35,14.601,1631898393588.0
521,2021-09-17 22:40:00,1,1,0.18,33.88,32.031,940.865,51.408,50.497,53.377,463.0,3067.0,1797.0,1358.0,-0.016,0.016,-0.192,65280.0,256.0,62464.0,71.382,0.109,19.742,22.47,22.524,22.533,22.539,2.822,2.984,2.984,2.984,0.538,0.0,285.0,0.0,87.0,4003.0,30.0,30.0,30.0,30.0,120.0,30.0,30.0,30.0,30.0,30.0,30.0,1.0,1.0,0.0,,-33.0,4.0,17.445,78.35,14.601,1631898632895.0
525,2021-09-17 22:44:00,1,1,0.19,33.86,31.907,940.853,51.805,50.522,55.041,464.0,3060.0,1801.0,1357.0,0.016,0.032,-0.032,256.0,512.0,65024.0,71.463,0.233,18.154,20.662,20.712,20.72,20.726,2.595,2.744,2.744,2.744,0.55,0.0,100.0,0.0,87.0,4002.0,30.0,30.0,30.0,30.0,120.0,30.0,30.0,30.0,30.0,30.0,30.0,1.0,1.0,0.0,,-33.0,4.0,17.445,78.35,14.601,1631898891275.0
530,2021-09-17 22:49:00,1,1,0.2,33.82,31.71,940.956,51.555,50.52,52.655,463.0,3057.0,1800.0,1351.0,0.016,-0.016,0.0,256.0,65280.0,0.0,71.877,0.047,18.445,21.001,21.057,21.067,21.073,2.638,2.795,2.8,2.8,0.558,0.0,212.0,0.0,86.0,4004.0,30.0,30.0,30.0,30.0,120.0,30.0,30.0,30.0,30.0,30.0,30.0,1.0,1.0,0.0,,-33.0,4.0,17.445,78.35,14.601,1631899179260.0
535,2021-09-17 22:54:00,1,1,0.21,33.78,31.793,940.914,51.106,49.798,52.21,463.0,3060.0,1800.0,1359.0,0.0,-0.016,0.096,0.0,65280.0,1536.0,71.507,0.0,18.851,21.462,21.518,21.528,21.534,2.696,2.855,2.859,2.859,0.554,0.0,106.0,0.0,86.0,3993.0,30.0,30.0,30.0,30.0,120.0,30.0,30.0,30.0,30.0,30.0,30.0,1.0,1.0,0.0,,-33.0,4.0,17.445,78.35,14.601,1631899460304.0
540,2021-09-17 22:59:00,1,1,1.23,33.71,31.204,940.885,51.226,47.788,61.472,445.0,2896.0,1751.0,1317.0,-0.048,0.0,0.032,64768.0,0.0,512.0,73.028,0.008,40.865,46.557,46.7,46.726,46.74,5.852,6.218,6.242,6.247,0.567,0.0,847.0,0.0,86.0,3987.0,30.0,30.0,30.0,30.0,120.0,30.0,30.0,30.0,30.0,30.0,30.0,1.0,1.0,0.0,,-33.0,4.0,17.445,78.35,14.601,1631899764594.0
545,2021-09-17 23:04:00,1,1,0.97,33.19,32.992,940.909,50.432,47.19,57.904,438.0,2864.0,1726.0,1305.0,0.0,0.0,0.0,0.0,0.0,0.0,76.719,0.016,42.168,48.069,48.236,48.266,48.281,6.044,6.44,6.48,6.488,0.577,0.0,55.0,0.0,86.0,3995.0,30.0,30.0,30.0,30.0,120.0,30.0,30.0,30.0,30.0,30.0,30.0,1.0,1.0,0.0,,-33.0,4.0,17.445,78.35,14.601,1631900050578.0
549,2021-09-17 23:08:00,1,1,0.54,33.13,36.498,941.008,46.917,45.743,49.404,431.0,2878.0,1705.0,1308.0,0.016,-0.016,0.032,256.0,256.0,512.0,76.362,0.287,63.009,71.802,72.033,72.075,72.096,9.026,9.602,9.648,9.657,0.558,47.0,-931.0,0.0,85.0,3987.0,30.0,30.0,30.0,30.0,120.0,30.0,30.0,30.0,30.0,30.0,30.0,1.0,1.0,0.0,,-33.0,4.0,17.445,78.35,14.601,1631900311127.0
550,2021-09-17 23:09:00,1,1,0.48,33.13,37.02,940.952,47.152,45.739,52.612,428.0,2871.0,1702.0,1302.0,0.032,0.0,-0.096,512.0,0.0,64000.0,76.05,0.365,57.519,65.561,65.784,65.824,65.844,8.243,8.779,8.829,8.839,0.565,59.0,-1175.0,0.0,85.0,3976.0,30.0,30.0,30.0,30.0,120.0,30.0,30.0,30.0,30.0,30.0,30.0,1.0,1.0,0.0,,-33.0,4.0,17.445,78.35,16.779,1631900341961.0
553,2021-09-17 23:12:00,1,1,0.42,33.11,38.416,940.97,46.531,45.982,47.945,427.0,2860.0,1692.0,1298.0,0.0,0.0,0.0,0.0,0.0,0.0,76.469,0.047,63.253,72.442,72.922,73.015,73.043,9.14,9.957,10.194,10.241,0.576,41.0,-818.0,0.0,85.0,3975.0,30.0,30.0,30.0,30.0,120.0,30.0,30.0,30.0,30.0,30.0,30.0,1.0,1.0,0.0,,-33.0,4.0,17.445,78.35,16.779,1631900555022.0
558,2021-09-17 23:17:00,1,1,0.16,33.08,39.577,940.915,47.622,45.944,53.149,424.0,2875.0,1689.0,1301.0,0.064,0.0,-0.048,65280.0,65280.0,64768.0,76.361,0.494,68.302,78.539,79.272,79.416,79.453,9.937,11.028,11.45,11.534,0.602,42.0,-834.0,0.0,85.0,3971.0,30.0,30.0,30.0,30.0,120.0,30.0,30.0,30.0,30.0,30.0,30.0,1.0,1.0,0.0,,-33.0,4.0,17.445,78.35,16.779,1631900851168.0
563,2021-09-17 23:22:00,1,1,0.0,33.07,40.414,940.945,46.718,46.015,47.162,422.0,2860.0,1691.0,1299.0,-0.016,-0.016,0.112,65280.0,65280.0,1792.0,76.75,0.086,63.663,73.024,73.584,73.693,73.724,9.223,10.121,10.418,10.478,0.606,34.0,-683.0,0.0,85.0,3963.0,30.0,30.0,30.0,30.0,120.0,30.0,30.0,30.0,30.0,30.0,30.0,1.0,1.0,0.0,,-33.0,4.0,17.445,78.35,16.779,1631901152467.0
566,2021-09-17 23:25:00,1,1,0.1,33.06,40.778,940.899,47.031,46.651,47.613,423.0,2842.0,1683.0,1302.0,-0.048,0.0,-0.032,64768.0,0.0,65024.0,76.004,0.078,67.27,77.182,77.788,77.906,77.939,9.75,10.712,11.037,11.103,0.598,28.0,-556.0,0.0,84.0,3972.0,30.0,30.0,30.0,30.0,120.0,30.0,30.0,30.0,30.0,30.0,30.0,1.0,1.0,0.0,,-23.0,4.0,17.445,78.35,16.779,1631901351621.0
570,2021-09-17 23:29:00,1,1,0.1,33.03,41.271,940.876,47.792,46.051,56.972,422.0,2846.0,1682.0,1296.0,-0.064,0.0,-0.112,64512.0,0.0,63744.0,74.524,0.016,70.198,80.407,80.947,81.052,81.083,10.145,11.06,11.328,11.382,0.629,30.0,-590.0,0.0,84.0,3957.0,30.0,30.0,30.0,30.0,120.0,30.0,30.0,30.0,30.0,30.0,30.0,1.0,1.0,0.0,,-23.0,4.0,17.445,78.35,16.779,1631901582579.0
572,2021-09-17 23:31:00,1,1,0.09,33.03,41.393,940.872,46.083,45.747,46.921,422.0,2835.0,1681.0,1299.0,-0.016,0.016,0.08,65280.0,256.0,1280.0,76.3,0.226,69.211,79.271,79.8,79.903,79.934,10.002,10.9,11.162,11.215,0.613,23.0,-462.0,0.0,84.0,3966.0,30.0,30.0,30.0,30.0,120.0,30.0,30.0,30.0,30.0,30.0,30.0,1.0,1.0,0.0,,-23.0,4.0,17.445,78.35,16.779,1631901714553.0
577,2021-09-17 23:36:00,1,1,0.0,33.02,41.768,940.822,46.182,45.724,46.884,421.0,2842.0,1688.0,1295.0,-0.016,0.0,-0.064,65280.0,0.0,64512.0,76.254,0.094,69.627,79.857,80.464,80.582,80.616,10.085,11.062,11.383,11.448,0.59,26.0,-518.0,0.0,83.0,3956.0,30.0,30.0,30.0,30.0,120.0,30.0,30.0,30.0,30.0,30.0,30.0,1.0,1.0,0.0,,-23.0,4.0,17.445,78.35,16.779,1631901977883.0
582,2021-09-17 23:41:00,1,1,0.0,33.04,42.036,940.805,45.618,45.181,46.061,421.0,2846.0,1679.0,1299.0,-0.032,0.0,0.048,65024.0,0.0,768.0,75.977,0.295,77.745,89.283,90.039,90.187,90.227,11.286,12.452,12.872,12.955,0.6,28.0,-563.0,0.0,83.0,3959.0,30.0,30.0,30.0,30.0,120.0,30.0,30.0,30.0,30.0,30.0,30.0,1.0,1.0,0.0,,-23.0,4.0,17.445,78.35,16.779,1631902273232.0
585,2021-09-17 23:44:00,1,1,0.08,33.05,42.122,940.834,45.72,45.384,46.371,422.0,2835.0,1681.0,1295.0,-0.032,0.0,0.0,65024.0,0.0,0.0,76.407,0.024,70.863,81.293,81.923,82.046,82.081,10.268,11.274,11.611,11.678,0.559,23.0,-456.0,0.0,83.0,3952.0,30.0,30.0,30.0,30.0,120.0,30.0,30.0,30.0,30.0,30.0,30.0,1.0,1.0,0.0,,-23.0,4.0,17.445,78.35,16.779,1631902454699.0
590,2021-09-17 23:49:00,1,1,0.0,33.03,42.495,940.729,45.699,44.955,46.948,422.0,2832.0,1681.0,1298.0,-0.048,0.016,-0.064,64768.0,256.0,64512.0,75.925,0.024,82.129,94.61,95.609,95.807,95.855,11.986,13.413,14.01,14.129,0.628,19.0,-373.0,0.0,82.0,3945.0,30.0,30.0,30.0,30.0,120.0,30.0,30.0,30.0,30.0,30.0,30.0,1.0,1.0,0.0,,-23.0,4.0,17.445,78.35,16.779,1631902757398.0
594,2021-09-17 23:53:00,1,1,0.06,33.04,42.667,940.726,46.227,45.039,53.723,421.0,2846.0,1686.0,1297.0,-0.016,-0.016,0.0,65280.0,65280.0,0.0,75.987,0.318,65.751,75.702,76.473,76.625,76.663,9.587,10.701,11.157,11.248,0.58,20.0,-408.0,0.0,82.0,3949.0,30.0,30.0,30.0,30.0,120.0,30.0,30.0,30.0,30.0,30.0,30.0,1.0,1.0,0.0,,-23.0,4.0,17.445,78.35,16.779,1631903009423.0
599,2021-09-17 23:58:00,1,1,0.0,33.03,42.909,940.645,45.445,45.02,45.956,423.0,2846.0,1689.0,1296.0,-0.064,-0.016,-0.016,64512.0,65280.0,65280.0,76.3,0.569,75.369,86.721,87.568,87.735,87.777,10.977,12.219,12.713,12.812,0.629,19.0,-375.0,0.0,81.0,3932.0,30.0,30.0,30.0,30.0,120.0,30.0,30.0,30.0,30.0,30.0,30.0,1.0,1.0,0.0,,-23.0,4.0,17.445,78.35,16.779,1631903290651.0
601,2021-09-18 00:00:00,1,1,0.0,33.05,42.994,940.582,45.576,44.819,46.671,424.0,2842.0,1690.0,1299.0,0.016,0.0,-0.096,256.0,0.0,64000.0,76.081,0.624,77.021,88.76,89.719,89.909,89.955,11.248,11.108,11.576,11.676,0.636,20.0,-403.0,0.0,81.0,3933.0,30.0,30.0,30.0,30.0,120.0,30.0,30.0,30.0,30.0,30.0,30.0,1.0,1.0,0.0,,-23.0,4.0,17.445,78.35,16.779,1631903459986.0
606,2021-09-18 00:05:00,1,1,0.0,33.07,43.142,940.645,46.636,45.161,51.986,421.0,2846.0,1687.0,1294.0,0.016,0.016,0.032,256.0,256.0,512.0,75.518,0.418,74.485,85.289,85.843,85.95,85.983,10.759,11.711,11.981,12.035,0.592,13.0,-263.0,0.0,81.0,3927.0,30.0,30.0,30.0,30.0,120.0,30.0,30.0,30.0,30.0,30.0,30.0,1.0,1.0,0.0,,-23.0,4.0,17.445,78.35,16.779,1631903738838.0
610,2021-09-18 00:09:00,1,1,0.05,33.08,43.058,940.775,45.811,45.057,47.879,424.0,2835.0,1691.0,1293.0,-0.016,0.0,-0.032,65280.0,0.0,65024.0,76.112,0.318,72.426,83.253,84.012,84.161,84.2,10.531,11.67,12.103,12.189,0.596,18.0,-358.0,0.0,81.0,3925.0,30.0,30.0,30.0,30.0,120.0,30.0,30.0,30.0,30.0,30.0,30.0,1.0,1.0,0.0,,-23.0,4.0,17.445,78.35,16.779,1631903986481.0
615,2021-09-18 00:14:00,1,1,0.0,33.08,43.094,940.74,46.418,45.377,48.171,423.0,2828.0,1686.0,1293.0,-0.016,-0.016,-0.16,65280.0,65280.0,62976.0,76.3,0.302,68.841,79.27,80.085,80.246,80.285,10.039,11.213,11.697,11.793,0.624,10.0,-196.0,0.0,80.0,3934.0,30.0,30.0,30.0,30.0,120.0,30.0,30.0,30.0,30.0,30.0,30.0,1.0,1.0,0.0,,-23.0,4.0,17.445,78.35,16.779,1631904281419.0
620,2021-09-18 00:19:00,1,1,0.0,33.11,43.158,940.763,45.782,45.349,46.162,423.0,2821.0,1685.0,1291.0,-0.016,0.0,0.048,65280.0,0.0,768.0,76.393,0.039,71.49,81.986,82.604,82.724,82.759,10.354,11.351,11.677,11.742,0.576,7.0,-149.0,0.0,80.0,3947.0,30.0,30.0,30.0,30.0,120.0,30.0,30.0,30.0,30.0,30.0,30.0,1.0,1.0,0.0,,-23.0,4.0,17.445,78.35,16.779,1631904576971.0
624,2021-09-18 00:23:00,1,1,0.0,33.14,43.379,940.765,45.79,45.249,46.203,421.0,2817.0,1679.0,1290.0,0.016,-0.016,-0.048,256.0,65280.0,64768.0,76.004,0.257,73.5,84.614,85.47,85.639,85.681,10.714,11.954,12.46,12.561,0.618,15.0,-299.0,0.0,80.0,3912.0,30.0,30.0,30.0,30.0,120.0,30.0,30.0,30.0,30.0,30.0,30.0,1.0,1.0,0.0,,-23.0,4.0,17.445,78.35,16.779,1631904827194.0
629,2021-09-18 00:28:00,1,1,0.0,33.16,43.393,940.761,45.948,45.478,46.527,422.0,2821.0,1680.0,1292.0,0.048,0.016,0.032,768.0,256.0,512.0,76.081,0.047,76.139,87.139,87.674,87.777,87.81,10.988,11.931,12.184,12.234,0.599,7.0,-136.0,0.0,80.0,3911.0,30.0,30.0,30.0,30.0,120.0,30.0,30.0,30.0,30.0,30.0,30.0,1.0,1.0,0.0,,-23.0,4.0,17.445,78.35,16.779,1631905085979.0
631,2021-09-18 00:30:00,1,1,0.0,33.17,43.43,940.771,45.753,45.198,46.141,421.0,2821.0,1681.0,1289.0,0.032,0.0,0.064,512.0,0.0,1024.0,76.331,0.14,71.568,81.843,82.302,82.39,82.42,10.315,11.159,11.363,11.403,0.584,10.0,-205.0,0.0,79.0,3920.0,30.0,30.0,30.0,30.0,120.0,30.0,30.0,30.0,30.0,30.0,30.0,1.0,1.0,0.0,,-23.0,4.0,17.445,78.35,16.779,1631905224909.0
636,2021-09-18 00:35:00,1,1,0.0,33.18,43.371,940.607,46.107,45.613,51.075,421.0,2810.0,1681.0,1298.0,-0.048,-0.016,-0.016,64768.0,65280.0,65280.0,76.3,0.156,77.54,89.163,89.995,90.159,90.201,11.281,12.521,13.0,13.095,0.607,13.0,-265.0,0.0,79.0,3910.0,30.0,30.0,30.0,30.0,120.0,30.0,30.0,30.0,30.0,30.0,30.0,1.0,1.0,0.0,,-23.0,4.0,17.445,78.35,16.779,1631905508917.0
639,2021-09-18 00:38:00,1,1,0.0,33.2,43.361,940.57,45.466,45.113,45.931,421.0,2814.0,1674.0,1291.0,-0.032,-0.016,0.032,65024.0,65280.0,512.0,76.004,0.533,74.589,85.83,86.673,86.839,86.881,10.865,12.098,12.591,12.69,0.6,19.0,-388.0,0.0,79.0,3907.0,30.0,30.0,30.0,30.0,120.0,30.0,30.0,30.0,30.0,30.0,30.0,1.0,1.0,0.0,,-23.0,4.0,17.445,78.35,16.779,1631905724358.0
645,2021-09-18 00:44:00,1,1,0.0,33.2,43.276,940.532,46.063,45.564,46.465,421.0,2825.0,1682.0,1292.0,-0.048,0.016,-0.112,64768.0,256.0,63744.0,76.05,0.51,78.117,89.934,90.846,91.027,91.071,11.388,12.709,13.248,13.356,0.618,11.0,-214.0,0.0,79.0,3906.0,30.0,30.0,30.0,30.0,120.0,30.0,30.0,30.0,30.0,30.0,30.0,1.0,1.0,0.0,,-23.0,4.0,17.445,78.35,16.779,1631906060060.0
650,2021-09-18 00:49:00,1,1,0.0,33.24,43.255,940.473,45.939,45.36,49.603,421.0,2807.0,1675.0,1290.0,0.016,-0.016,-0.016,256.0,65280.0,65280.0,76.469,0.024,72.169,82.905,83.624,83.765,83.802,10.482,11.582,11.985,12.065,0.603,13.0,-256.0,0.0,78.0,3903.0,30.0,30.0,30.0,30.0,120.0,30.0,30.0,30.0,30.0,30.0,30.0,1.0,1.0,0.0,,-23.0,4.0,17.445,78.35,16.779,1631906376674.0
