,Date Time, Monitor ID, Location ID, CO(ppm),data.temp_c,data.hum_prcnt,data.press_hpa,data.eq_db,data.onesmin_db,data.onesmax_db,data.co_ppm,data.no2_ppb,data.co_mv,data.no2_mv,data.x_g,data.y_g,data.z_g,data.x_raw,data.y_raw,data.z_raw,data.lux_lx,data.uv_mwpm2,data.nc0p5_npcm3,data.nc1p0_npcm3,data.nc2p5_npcm3,data.nc4p0_npcm3,data.nc10p0_npcm3,data.mc1p0_ugpm3,data.mc2p5_ugpm3,data.mc4p0_ugpm3,data.mc10p0_ugpm3,data.typ_pm_um,data.ozone_ppm,data.ozone_volt_mv,data.tvoc_ppb,data.batt_prcnt,data.batt_volt,data.bme280_int,data.speco3_int,data.mic_int,data.mic4514_int,data.mic4514pre_int,data.sgpc3_int,data.sps30_int,data.sps30pre_int,data.lis3dh_int,data.si1133_int,data.batt_int,data.leds_on,data.code_version,data.gps_avg_snr,data.cell_strength_dbm,data.wifi_strength_dbm,data.wifi_strength_asl,data.location.lat,data.location.lon,data.location.acc,data.timestamp,Unnamed: 0,Unnamed: 0.1,timestamp,temp_c,hum_prcnt,press_hpa,ozone_ppm,ozone_volt_mv,co_ppm,co_mv,no2_ppb,no2_mv,tvoc_ppb,mc2p5_ugpm3,mc1p0_ugpm3,mc4p0_ugpm3,mc10p0_ugpm3,nc0p5_npcm3,nc1p0_npcm3,nc2p5_npcm3,nc4p0_npcm3,nc10p0_npcm3,typ_pm_um,x_g,y_g,z_g,x_raw,y_raw,z_raw,eq_db,onesmin_db,onesmax_db,lux_lx,uv_mwpm2,batt_volt,batt_prcnt,si1133_int,lis3dh_int,sgpc3_int,batt_int,speco3_int,sps30_int,sps30pre_int,mic4514_int,mic4514pre_int,mic_int,bme280_int,leds_on,code_version,receivedTimestamp,lat,lon,acc,co-ug,no2-ug,o3-ug,co-mg,bc-proxy,ldsa-proxy,newaqi,dosage-male-walking-low,dosage-male-walking-high,dosage-female-walking-low,dosage-female-walking-high,accbin
2,2021-09-16 17:56:00,1,1,4.36,30.41,51.707,937.623,55.425,49.062,61.811,494.0,0.0,1887.0,448.0,-0.016,0.0,0.032,65280.0,0.0,512.0,34.713,0.585,48.77,55.991,56.524,56.627,56.65,7.086,7.877,8.188,8.25,0.63,0.0,1604.0,0.0,100.0,4217.0,30.0,30.0,30.0,30.0,120.0,30.0,30.0,30.0,30.0,30.0,30.0,1.0,1.0,0.0,,-52.0,4.0,17.445,78.35,14.991,1631795166624.0,232455.0,232455.0,1631795166624.0,30.41,51.707,937.623,0.0,1604.0,494.0,1887.0,0.0,448.0,0.0,7.877,7.086,8.188,8.25,48.77,55.991,56.524,56.627,56.65,0.63,-0.016,0.0,0.032,65280.0,0.0,512.0,55.425,49.062,61.811,34.713,0.585,4217.0,100.0,30.0,30.0,30.0,30.0,30.0,30.0,30.0,30.0,120.0,30.0,30.0,1.0,1.0,1631794816611.0,17.445,78.35,14.991,103.229,0.0,45.282,0.103,0.0,0.0,37.9,2.174,5.435,1.891,4.726,1.0
6,2021-09-16 18:00:00,1,1,0.0,30.4,51.732,937.7,53.692,48.732,60.474,497.0,0.0,1888.0,450.0,0.0,0.032,0.096,0.0,512.0,1536.0,33.878,0.426,41.827,47.924,48.316,48.391,48.409,6.056,6.672,6.889,6.933,0.613,0.0,1769.0,0.0,100.0,4217.0,30.0,30.0,30.0,30.0,120.0,30.0,30.0,30.0,30.0,30.0,30.0,1.0,1.0,0.0,,-40.0,4.0,17.445,78.35,14.991,1631795414681.0,232468.0,232468.0,1631795414681.0,30.4,51.732,937.7,0.0,1769.0,497.0,1888.0,0.0,450.0,0.0,6.672,6.056,6.889,6.933,41.827,47.924,48.316,48.391,48.409,0.613,0.0,0.032,0.096,0.0,512.0,1536.0,53.692,48.732,60.474,33.878,0.426,4217.0,100.0,30.0,30.0,30.0,30.0,30.0,30.0,30.0,30.0,120.0,30.0,30.0,1.0,1.0,1631795063682.0,17.445,78.35,14.991,102.77,0.0,45.287,0.103,0.0,0.0,37.9,1.842,4.604,1.601,4.003,1.0
7,2021-09-16 18:01:00,1,1,0.0,30.42,47.386,937.741,59.878,42.308,79.338,545.0,0.0,2023.0,476.0,0.032,0.0,0.016,512.0,0.0,256.0,231.125,0.249,88.16,100.171,100.429,100.472,100.494,12.584,13.334,13.355,13.36,0.539,0.0,1092.0,0.0,100.0,4163.0,30.0,30.0,30.0,30.0,120.0,30.0,30.0,30.0,30.0,30.0,30.0,1.0,1.0,0.0,2147483647.0,-44.0,4.0,17.445,78.35,20.0,1631795497201.0,232471.0,232471.0,1631795497201.0,30.42,47.386,937.741,0.0,1092.0,545.0,2023.0,0.0,476.0,0.0,13.334,12.584,13.355,13.36,88.16,100.171,100.429,100.472,100.494,0.539,0.032,0.0,0.016,512.0,0.0,256.0,59.878,42.308,79.338,231.125,0.249,4163.0,100.0,30.0,30.0,30.0,30.0,30.0,30.0,30.0,30.0,120.0,30.0,30.0,1.0,1.0,1631795154181.0,17.445,78.35,20.0,95.033,0.0,45.381,0.095,0.0,0.0,54.8,3.68,9.2,3.2,8.0,1.0
8,2021-09-16 18:02:00,1,1,0.0,30.32,47.376,937.735,61.991,47.298,74.946,546.0,0.0,2032.0,485.0,0.016,-0.032,0.112,256.0,65024.0,1792.0,167.235,0.525,81.073,92.081,92.292,92.326,92.346,11.564,12.229,12.229,12.229,0.515,0.0,702.0,0.0,100.0,4167.0,30.0,30.0,30.0,30.0,120.0,30.0,30.0,30.0,30.0,30.0,30.0,1.0,1.0,0.0,,-37.0,4.0,17.445,78.35,15.218,1631795528012.0,232474.0,232474.0,1631795528012.0,30.32,47.376,937.735,0.0,702.0,546.0,2032.0,0.0,485.0,0.0,12.229,11.564,12.229,12.229,81.073,92.081,92.292,92.326,92.346,0.515,0.016,-0.032,0.112,256.0,65024.0,1792.0,61.991,47.298,74.946,167.235,0.525,4167.0,100.0,30.0,30.0,30.0,30.0,30.0,30.0,30.0,30.0,120.0,30.0,30.0,1.0,1.0,1631795176013.0,17.445,78.35,15.218,95.33,0.0,45.43,0.095,0.0,0.0,53.0,3.375,8.438,2.935,7.337,1.0
9,2021-09-16 18:03:00,1,1,0.0,30.39,45.892,937.784,56.57,51.352,65.799,546.0,0.0,2031.0,486.0,-0.016,-0.008,-0.064,32512.0,32640.0,64512.0,97.827,0.475,72.65,82.514,82.703,82.734,82.751,10.363,10.958,10.958,10.958,0.538,0.0,2094.0,0.0,100.0,4171.0,30.0,30.0,30.0,30.0,120.0,30.0,30.0,30.0,30.0,30.0,30.0,1.0,1.0,0.0,2147483647.0,-38.0,4.0,17.445,78.35,17.451,1631795616306.0,232481.5,232481.5,1631795616306.0,30.39,45.892,937.784,0.0,2094.0,546.0,2031.0,0.0,486.0,0.0,10.958,10.363,10.958,10.958,72.65,82.514,82.703,82.734,82.751,0.538,-0.016,-0.008,-0.064,32512.0,32640.0,64512.0,56.57,51.352,65.799,97.827,0.475,4171.0,100.0,30.0,30.0,30.0,30.0,30.0,30.0,30.0,30.0,120.0,30.0,30.0,1.0,1.0,1631795264550.0,17.445,78.35,17.451,95.142,0.0,45.431,0.095,0.0,0.0,50.0,3.024,7.561,2.63,6.575,1.0
14,2021-09-16 18:08:00,1,1,0.0,30.98,40.64,937.798,58.019,49.922,71.553,586.0,178.0,2141.0,552.0,0.0,0.0,-0.112,0.0,0.0,63744.0,63.766,0.287,103.224,117.238,117.508,117.552,117.576,14.724,15.57,15.57,15.57,0.476,0.0,4454.0,0.0,99.0,4161.0,30.0,30.0,30.0,30.0,120.0,30.0,30.0,30.0,30.0,30.0,30.0,1.0,1.0,0.0,2147483647.0,-36.0,4.0,17.445,78.35,14.901,1631795926599.0,232497.0,232497.0,1631795926599.0,30.98,40.64,937.798,0.0,4454.0,586.0,2141.0,178.0,552.0,0.0,15.57,14.724,15.57,15.57,103.224,117.238,117.508,117.552,117.576,0.476,0.0,0.0,-0.112,0.0,0.0,63744.0,58.019,49.922,71.553,63.766,0.287,4161.0,99.0,30.0,30.0,30.0,30.0,30.0,30.0,30.0,30.0,120.0,30.0,30.0,1.0,1.0,1631795575101.0,17.445,78.35,14.901,86.183,5.264,45.269,0.086,0.343,0.0,58.7,4.297,10.743,3.737,9.342,1.0
15,2021-09-16 18:09:00,1,1,0.0,31.05,38.375,937.841,58.91,49.003,71.461,566.667,55.667,2085.667,512.333,0.021,-0.016,-0.021,341.333,43434.667,43349.333,69.509,0.782,79.356,90.13,90.337,90.37,90.39,11.319,11.97,11.97,11.97,0.513,0.0,3900.333,0.0,98.667,4154.0,30.0,30.0,30.0,30.0,120.0,30.0,30.0,30.0,30.0,30.0,30.0,1.0,1.0,0.0,2147483647.0,-40.0,4.0,17.445,78.35,15.724,1631795975892.667,232500.667,232500.667,1631795975892.667,31.05,38.375,937.841,0.0,3900.333,566.667,2085.667,55.667,512.333,0.0,11.97,11.319,11.97,11.97,79.356,90.13,90.337,90.37,90.39,0.513,0.021,-0.016,-0.021,341.333,43434.667,43349.333,58.91,49.003,71.461,69.509,0.782,4154.0,98.667,30.0,30.0,30.0,30.0,30.0,30.0,30.0,30.0,120.0,30.0,30.0,1.0,1.0,1631795744917.0,17.445,78.35,15.724,89.307,1.486,45.289,0.089,0.143,0.0,52.5,3.304,8.259,2.873,7.182,1.0
16,2021-09-16 18:10:00,1,1,0.0,31.05,37.592,937.837,53.27,48.757,60.081,562.5,21.0,2078.0,505.0,0.008,-0.016,-0.04,32896.0,65280.0,64896.0,66.276,0.429,78.853,89.559,89.765,89.798,89.817,11.248,11.894,11.894,11.894,0.522,0.0,5303.0,0.0,99.0,4150.0,30.0,30.0,30.0,30.0,120.0,30.0,30.0,30.0,30.0,30.0,30.0,1.0,1.0,0.0,2147483647.0,-46.5,4.0,17.445,78.35,35.036,1631796035809.5,232505.0,232505.0,1631796035809.5,31.05,37.592,937.837,0.0,5303.0,562.5,2078.0,21.0,505.0,0.0,11.894,11.248,11.894,11.894,78.853,89.559,89.765,89.798,89.817,0.522,0.008,-0.016,-0.04,32896.0,65280.0,64896.0,53.27,48.757,60.081,66.276,0.429,4150.0,99.0,30.0,30.0,30.0,30.0,30.0,30.0,30.0,30.0,120.0,30.0,30.0,1.0,1.0,1631795683610.0,17.445,78.35,35.036,90.077,0.282,45.308,0.09,0.058,0.0,52.5,3.283,8.207,2.855,7.136,1.0
17,2021-09-16 18:11:00,1,1,0.0,31.04,36.799,937.848,55.832,49.115,70.272,562.0,10.0,2071.0,501.0,-0.032,-0.032,-0.032,65024.0,65024.0,65024.0,59.922,0.109,74.158,84.227,84.421,84.452,84.47,10.578,11.186,11.186,11.186,0.529,0.0,5168.0,0.0,99.0,4151.0,30.0,30.0,30.0,30.0,120.0,30.0,30.0,30.0,30.0,30.0,30.0,1.0,1.0,0.0,2147483647.0,-42.0,4.0,17.445,78.35,15.737,1631796083195.0,232508.0,232508.0,1631796083195.0,31.04,36.799,937.848,0.0,5168.0,562.0,2071.0,10.0,501.0,0.0,11.186,10.578,11.186,11.186,74.158,84.227,84.421,84.452,84.47,0.529,-0.032,-0.032,-0.032,65024.0,65024.0,65024.0,55.832,49.115,70.272,59.922,0.109,4151.0,99.0,30.0,30.0,30.0,30.0,30.0,30.0,30.0,30.0,120.0,30.0,30.0,1.0,1.0,1631795730991.0,17.445,78.35,15.737,90.28,0.0,45.332,0.09,0.0,0.0,51.3,3.087,7.718,2.685,6.711,1.0
18,2021-09-16 18:12:00,1,1,0.0,31.05,35.454,937.876,55.215,50.234,63.622,569.333,1.0,2097.667,489.667,-0.005,-0.021,-0.043,43605.333,43349.333,43008.0,68.803,0.593,67.249,76.38,76.556,76.584,76.6,9.592,10.144,10.144,10.144,0.518,0.0,4529.0,0.0,98.667,4138.667,30.0,30.0,30.0,30.0,120.0,30.0,30.0,30.0,30.0,30.0,30.0,1.0,1.0,0.0,2147483647.0,-43.667,4.0,17.445,78.35,15.879,1631796151167.333,232512.333,232512.333,1631796151167.333,31.05,35.454,937.876,0.0,4529.0,569.333,2097.667,1.0,489.667,0.0,10.144,9.592,10.144,10.144,67.249,76.38,76.556,76.584,76.6,0.518,-0.005,-0.021,-0.043,43605.333,43349.333,43008.0,55.215,50.234,63.622,68.803,0.593,4138.667,98.667,30.0,30.0,30.0,30.0,30.0,30.0,30.0,30.0,120.0,30.0,30.0,1.0,1.0,1631795920276.0,17.445,78.35,15.879,89.128,0.0,45.359,0.089,0.0,0.0,47.0,2.8,6.999,2.434,6.086,1.0
19,2021-09-16 18:13:00,1,1,0.0,31.03,35.56,937.842,57.795,49.257,71.521,565.0,0.0,2089.5,493.0,0.0,0.0,-0.064,32768.0,32768.0,64512.0,63.699,0.566,69.614,79.065,79.247,79.276,79.293,9.93,10.5,10.5,10.5,0.529,0.0,4576.5,0.0,99.0,4149.5,30.0,30.0,30.0,30.0,120.0,30.0,30.0,30.0,30.0,30.0,30.0,1.0,1.0,0.0,,-39.0,4.0,17.445,78.35,17.142,1631796216301.0,232517.0,232517.0,1631796216301.0,31.03,35.56,937.842,0.0,4576.5,565.0,2089.5,0.0,493.0,0.0,10.5,9.93,10.5,10.5,69.614,79.065,79.247,79.276,79.293,0.529,0.0,0.0,-0.064,32768.0,32768.0,64512.0,57.795,49.257,71.521,63.699,0.566,4149.5,99.0,30.0,30.0,30.0,30.0,30.0,30.0,30.0,30.0,120.0,30.0,30.0,1.0,1.0,1631795864129.0,17.445,78.35,17.142,89.938,0.0,45.367,0.09,0.0,0.0,48.55,2.898,7.245,2.52,6.3,1.0
20,2021-09-16 18:14:00,1,1,0.0,31.04,35.468,937.897,53.83,48.853,65.961,564.5,0.0,2082.0,492.0,-0.008,-0.024,0.016,32640.0,65152.0,33024.0,65.733,0.624,76.569,86.965,87.165,87.197,87.216,10.922,11.549,11.549,11.549,0.514,0.0,4447.5,0.0,98.5,4144.5,30.0,30.0,30.0,30.0,120.0,30.0,30.0,30.0,30.0,30.0,30.0,1.0,1.0,0.0,,-39.5,4.0,17.445,78.35,17.142,1631796278496.0,232521.0,232521.0,1631796278496.0,31.04,35.468,937.897,0.0,4447.5,564.5,2082.0,0.0,492.0,0.0,11.549,10.922,11.549,11.549,76.569,86.965,87.165,87.197,87.216,0.514,-0.008,-0.024,0.016,32640.0,65152.0,33024.0,53.83,48.853,65.961,65.733,0.624,4144.5,98.5,30.0,30.0,30.0,30.0,30.0,30.0,30.0,30.0,120.0,30.0,30.0,1.0,1.0,1631795926322.5,17.445,78.35,17.142,89.984,0.0,45.364,0.09,0.0,0.0,51.75,3.188,7.969,2.772,6.93,1.0
22,2021-09-16 18:16:00,1,1,0.0,30.98,32.609,937.861,56.627,52.817,67.354,568.0,0.0,2087.0,476.0,0.032,-0.048,-0.048,512.0,64768.0,64768.0,71.213,0.525,69.152,78.54,78.721,78.75,78.767,9.864,10.431,10.431,10.431,0.521,0.0,3167.0,0.0,98.0,4121.0,30.0,30.0,30.0,30.0,120.0,30.0,30.0,30.0,30.0,30.0,30.0,1.0,1.0,0.0,,-43.0,4.0,17.445,78.35,17.142,1631796365330.0,232526.0,232526.0,1631796365330.0,30.98,32.609,937.861,0.0,3167.0,568.0,2087.0,0.0,476.0,0.0,10.431,9.864,10.431,10.431,69.152,78.54,78.721,78.75,78.767,0.521,0.032,-0.048,-0.048,512.0,64768.0,64768.0,56.627,52.817,67.354,71.213,0.525,4121.0,98.0,30.0,30.0,30.0,30.0,30.0,30.0,30.0,30.0,120.0,30.0,30.0,1.0,1.0,1631796377315.0,17.445,78.35,17.142,89.938,0.0,45.461,0.09,0.0,0.0,48.2,2.879,7.197,2.503,6.258,1.0
28,2021-09-16 18:22:00,1,1,6.24,30.92,33.719,937.939,54.594,52.02,59.552,568.0,0.0,2096.0,478.0,-0.016,-0.048,0.096,65280.0,64768.0,1536.0,71.275,0.921,59.622,67.716,67.872,67.897,67.912,8.504,8.993,8.993,8.993,0.505,0.0,2180.0,0.0,97.0,4119.0,30.0,30.0,30.0,30.0,120.0,30.0,30.0,30.0,30.0,30.0,30.0,1.0,1.0,0.0,,-43.0,4.0,17.445,78.35,17.142,1631796741218.0,232551.0,232551.0,1631796741218.0,30.92,33.719,937.939,0.0,2180.0,568.0,2096.0,0.0,478.0,0.0,8.993,8.504,8.993,8.993,59.622,67.716,67.872,67.897,67.912,0.505,-0.016,-0.048,0.096,65280.0,64768.0,1536.0,54.594,52.02,59.552,71.275,0.921,4119.0,97.0,30.0,30.0,30.0,30.0,30.0,30.0,30.0,30.0,120.0,30.0,30.0,1.0,1.0,1631796758257.0,17.445,78.35,17.142,90.115,0.0,45.464,0.09,0.0,0.0,41.7,2.482,6.205,2.158,5.396,1.0
30,2021-09-16 18:24:00,1,1,1.37,30.94,35.517,938.466,59.185,47.483,73.615,799.0,850.0,2738.0,739.0,-0.016,-0.032,-0.048,65280.0,65024.0,64768.0,63.886,0.616,1664.952,1891.0,1895.352,1896.05,1896.452,237.488,251.134,251.134,251.134,0.521,0.0,1572.0,0.0,97.0,4108.0,30.0,30.0,30.0,30.0,120.0,30.0,30.0,30.0,30.0,30.0,30.0,1.0,1.0,0.0,2147483647.0,-40.0,4.0,17.445,78.35,16.155,1631796891847.0,232560.0,232560.0,1631796891847.0,30.94,35.517,938.466,0.0,1572.0,799.0,2738.0,850.0,739.0,0.0,251.134,237.488,251.134,251.134,1664.952,1891.0,1895.352,1896.05,1896.452,0.521,-0.016,-0.032,-0.048,65280.0,65024.0,64768.0,59.185,47.483,73.615,63.886,0.616,4108.0,97.0,30.0,30.0,30.0,30.0,30.0,30.0,30.0,30.0,120.0,30.0,30.0,1.0,1.0,1631796903125.0,17.445,78.35,16.155,51.141,26.713,45.411,0.051,1.709,0.0,156.3,69.313,173.283,60.272,150.681,1.0
31,2021-09-16 18:25:00,1,1,0.0,30.97,35.655,938.081,47.8,47.225,48.144,792.0,814.0,2724.0,727.0,-0.032,0.032,0.0,65024.0,512.0,0.0,65.803,0.295,1540.295,1749.419,1753.445,1754.091,1754.463,219.707,232.332,232.332,232.332,0.479,0.0,1715.0,0.0,97.0,4113.0,30.0,30.0,30.0,30.0,120.0,30.0,30.0,30.0,30.0,30.0,30.0,1.0,1.0,0.0,2147483647.0,-40.0,4.0,17.445,78.35,15.58,1631796922654.0,232563.0,232563.0,1631796922654.0,30.97,35.655,938.081,0.0,1715.0,792.0,2724.0,814.0,727.0,0.0,232.332,219.707,232.332,232.332,1540.295,1749.419,1753.445,1754.091,1754.463,0.479,-0.032,0.032,0.0,65024.0,512.0,0.0,47.8,47.225,48.144,65.803,0.295,4113.0,97.0,30.0,30.0,30.0,30.0,30.0,30.0,30.0,30.0,120.0,30.0,30.0,1.0,1.0,1631796933580.0,17.445,78.35,15.58,52.162,25.562,45.393,0.052,1.636,0.0,155.7,64.124,160.309,55.76,139.399,1.0
32,2021-09-16 18:26:00,1,1,0.0,31.04,35.709,938.022,48.493,47.862,49.396,791.0,771.0,2712.0,718.0,-0.048,0.0,-0.064,64768.0,0.0,64512.0,63.871,0.371,1170.028,1328.882,1331.94,1332.43,1332.713,166.892,176.482,176.482,176.482,0.476,0.0,1555.0,0.0,97.0,4119.0,30.0,30.0,30.0,30.0,120.0,30.0,30.0,30.0,30.0,30.0,30.0,1.0,1.0,0.0,,-40.0,4.0,17.445,78.35,14.933,1631796984217.0,232568.0,232568.0,1631796984217.0,31.04,35.709,938.022,0.0,1555.0,791.0,2712.0,771.0,718.0,0.0,176.482,166.892,176.482,176.482,1170.028,1328.882,1331.94,1332.43,1332.713,0.476,-0.048,0.0,-0.064,64768.0,0.0,64512.0,48.493,47.862,49.396,63.871,0.371,4119.0,97.0,30.0,30.0,30.0,30.0,30.0,30.0,30.0,30.0,120.0,30.0,30.0,1.0,1.0,1631796995104.0,17.445,78.35,14.933,52.0,24.187,45.358,0.052,1.465,0.0,154.0,48.709,121.773,42.356,105.889,1.0
40,2021-09-16 18:34:00,1,1,22.68,31.55,36.01,938.097,46.833,46.368,47.191,859.0,1625.0,2908.0,953.0,0.048,0.0,-0.08,768.0,0.0,64256.0,58.125,0.434,414.542,470.823,471.907,472.081,472.181,59.13,62.528,62.528,62.528,0.464,0.0,1894.0,0.0,96.0,4104.0,30.0,30.0,30.0,30.0,120.0,30.0,30.0,30.0,30.0,30.0,30.0,1.0,1.0,0.0,,-40.0,4.0,17.445,78.35,14.933,1631797488697.0,232609.0,232609.0,1631797488697.0,31.55,36.01,938.097,0.0,1894.0,859.0,2908.0,1625.0,953.0,0.0,62.528,59.13,62.528,62.528,414.542,470.823,471.907,472.081,472.181,0.464,0.048,0.0,-0.08,768.0,0.0,64256.0,46.833,46.368,47.191,58.125,0.434,4104.0,96.0,30.0,30.0,30.0,30.0,30.0,30.0,30.0,30.0,120.0,30.0,30.0,1.0,1.0,1631797499790.0,17.445,78.35,14.933,38.209,51.52,45.103,0.038,1.494,0.0,124.0,17.258,43.144,15.007,37.517,1.0
53,2021-09-16 18:47:00,1,1,13.88,31.99,36.429,938.309,44.766,44.491,45.049,844.0,1342.0,2871.0,877.0,-0.016,-0.016,0.096,65280.0,65280.0,1536.0,65.96,0.371,125.798,142.878,143.206,143.259,143.289,17.944,18.85,18.797,18.797,0.449,0.0,1940.0,0.0,95.0,4089.0,30.0,30.0,30.0,30.0,120.0,30.0,30.0,30.0,30.0,30.0,30.0,1.0,1.0,0.0,,-40.0,4.0,17.445,78.35,14.933,1631798277425.0,232664.0,232664.0,1631798277425.0,31.99,36.429,938.309,0.0,1940.0,844.0,2871.0,1342.0,877.0,0.0,18.85,17.944,18.797,18.797,125.798,142.878,143.206,143.259,143.289,0.449,-0.016,-0.016,0.096,65280.0,65280.0,1536.0,44.766,44.491,45.049,65.96,0.371,4089.0,95.0,30.0,30.0,30.0,30.0,30.0,30.0,30.0,30.0,120.0,30.0,30.0,1.0,1.0,1631798292273.0,17.445,78.35,14.933,38.642,42.471,44.878,0.039,0.944,0.0,64.0,5.203,13.006,4.524,11.31,1.0
57,2021-09-16 18:51:00,1,1,13.06,32.065,35.511,938.322,45.679,44.922,46.296,804.0,960.0,2753.5,767.5,0.032,-0.008,-0.072,512.0,32640.0,64384.0,62.561,0.187,71.042,80.687,80.873,80.903,80.92,10.133,10.716,10.716,10.716,0.452,0.0,2298.5,0.0,95.0,4090.5,30.0,30.0,30.0,30.0,120.0,30.0,30.0,30.0,30.0,30.0,30.0,1.0,1.0,0.0,1073741793.0,-38.0,4.0,17.445,78.35,15.064,1631798485409.5,232681.0,232681.0,1631798485409.5,32.065,35.511,938.322,0.0,2298.5,804.0,2753.5,960.0,767.5,0.0,10.716,10.133,10.716,10.716,71.042,80.687,80.873,80.903,80.92,0.452,0.032,-0.008,-0.072,512.0,32640.0,64384.0,45.679,44.922,46.296,62.561,0.187,4090.5,95.0,30.0,30.0,30.0,30.0,30.0,30.0,30.0,30.0,120.0,30.0,30.0,1.0,1.0,1631798495553.0,17.445,78.35,15.064,45.083,30.237,44.864,0.045,0.679,0.0,49.5,2.958,7.394,2.572,6.429,1.0
58,2021-09-16 18:52:00,1,1,12.87,32.085,35.599,938.347,45.455,44.835,46.018,806.0,958.5,2756.5,766.5,0.0,0.016,-0.008,0.0,256.0,32640.0,62.519,0.402,67.028,76.128,76.303,76.332,76.348,9.561,10.11,10.11,10.11,0.45,0.0,2239.0,0.0,95.0,4091.0,30.0,30.0,30.0,30.0,120.0,30.0,30.0,30.0,30.0,30.0,30.0,1.0,1.0,23.068,2147483647.0,-40.0,4.0,17.445,78.35,7.3,1631798547413.0,232689.0,232689.0,1631798547413.0,32.085,35.599,938.347,0.0,2239.0,806.0,2756.5,958.5,766.5,0.0,10.11,9.561,10.11,10.11,67.028,76.128,76.303,76.332,76.348,0.45,0.0,0.016,-0.008,0.0,256.0,32640.0,45.455,44.835,46.018,62.519,0.402,4091.0,95.0,30.0,30.0,30.0,30.0,30.0,30.0,30.0,30.0,120.0,30.0,30.0,1.0,1.0,1631798557349.0,17.445,78.35,7.3,44.646,30.19,44.852,0.045,0.666,0.0,46.85,2.79,6.976,2.426,6.066,1.0
59,2021-09-16 18:53:00,1,1,12.47,32.105,35.675,938.308,45.702,44.933,46.276,807.5,953.5,2762.0,765.5,-0.016,-0.024,-0.032,65280.0,65152.0,32256.0,63.621,0.232,63.617,72.254,72.42,72.447,72.462,9.074,9.596,9.596,9.596,0.431,0.0,2164.5,0.0,94.0,4099.0,30.0,30.0,30.0,30.0,120.0,30.0,30.0,30.0,30.0,30.0,30.0,1.0,1.0,22.485,2147483647.0,-42.0,4.0,17.445,78.35,6.25,1631798609583.5,232695.5,232695.5,1631798609583.5,32.105,35.675,938.308,0.0,2164.5,807.5,2762.0,953.5,765.5,0.0,9.596,9.074,9.596,9.596,63.617,72.254,72.42,72.447,72.462,0.431,-0.016,-0.024,-0.032,65280.0,65152.0,32256.0,45.702,44.933,46.276,63.621,0.232,4099.0,94.0,30.0,30.0,30.0,30.0,30.0,30.0,30.0,30.0,120.0,30.0,30.0,1.0,1.0,1631798619518.5,17.445,78.35,6.25,44.295,30.031,44.84,0.044,0.654,0.0,44.5,2.648,6.621,2.303,5.757,0.0
66,2021-09-16 19:00:00,1,1,10.13,32.22,35.864,938.28,51.925,51.25,52.228,792.0,889.0,2721.0,746.0,0.0,0.032,0.096,0.0,512.0,1536.0,65.152,0.226,42.316,48.061,48.172,48.189,48.2,6.036,6.383,6.383,6.383,0.451,0.0,2145.0,0.0,94.0,4093.0,30.0,30.0,30.0,30.0,120.0,30.0,30.0,30.0,30.0,30.0,30.0,1.0,1.0,23.95,,-42.0,4.0,17.445,78.35,5.7,1631799011373.0,232717.0,232717.0,1631799011373.0,32.22,35.864,938.28,0.0,2145.0,792.0,2721.0,889.0,746.0,0.0,6.383,6.036,6.383,6.383,42.316,48.061,48.172,48.189,48.2,0.451,0.0,0.032,0.096,0.0,512.0,1536.0,51.925,51.25,52.228,65.152,0.226,4093.0,94.0,30.0,30.0,30.0,30.0,30.0,30.0,30.0,30.0,120.0,30.0,30.0,1.0,1.0,1631799021589.0,17.445,78.35,5.7,46.342,27.97,44.78,0.046,0.558,0.0,37.5,1.762,4.404,1.532,3.83,0.0
69,2021-09-16 19:03:00,1,1,8.98,32.26,35.793,938.274,54.198,51.774,67.891,787.0,864.0,2705.0,741.0,-0.016,-0.016,-0.032,65280.0,65280.0,65024.0,65.678,0.31,33.573,38.131,38.219,38.233,38.241,4.789,5.064,5.064,5.064,0.474,0.0,2029.0,0.0,94.0,4081.0,30.0,30.0,30.0,30.0,120.0,30.0,30.0,30.0,30.0,30.0,30.0,1.0,1.0,23.95,,-42.0,4.0,17.445,78.35,5.7,1631799234981.0,232726.0,232726.0,1631799234981.0,32.26,35.793,938.274,0.0,2029.0,787.0,2705.0,864.0,741.0,0.0,5.064,4.789,5.064,5.064,33.573,38.131,38.219,38.233,38.241,0.474,-0.016,-0.016,-0.032,65280.0,65280.0,65024.0,54.198,51.774,67.891,65.678,0.31,4081.0,94.0,30.0,30.0,30.0,30.0,30.0,30.0,30.0,30.0,120.0,30.0,30.0,1.0,1.0,1631799245078.0,17.445,78.35,5.7,47.001,27.169,44.762,0.047,0.512,0.0,37.5,1.398,3.494,1.215,3.038,0.0
73,2021-09-16 19:07:00,1,1,8.02,32.32,35.686,938.272,52.151,51.605,53.426,778.0,832.0,2684.0,735.0,-0.032,0.016,-0.032,65024.0,256.0,65024.0,65.897,0.164,28.525,32.398,32.472,32.484,32.491,4.069,4.303,4.303,4.303,0.465,0.0,1985.0,0.0,94.0,4081.0,30.0,30.0,30.0,30.0,120.0,30.0,30.0,30.0,30.0,30.0,30.0,1.0,1.0,23.95,,-42.0,4.0,17.445,78.35,5.7,1631799427285.0,232735.0,232735.0,1631799427285.0,32.32,35.686,938.272,0.0,1985.0,778.0,2684.0,832.0,735.0,0.0,4.303,4.069,4.303,4.303,28.525,32.398,32.472,32.484,32.491,0.465,-0.032,0.016,-0.032,65024.0,256.0,65024.0,52.151,51.605,53.426,65.897,0.164,4081.0,94.0,30.0,30.0,30.0,30.0,30.0,30.0,30.0,30.0,120.0,30.0,30.0,1.0,1.0,1631799441007.0,17.445,78.35,5.7,48.241,26.144,44.736,0.048,0.479,0.0,37.4,1.188,2.969,1.033,2.582,0.0
76,2021-09-16 19:10:00,1,1,7.25,32.35,35.639,938.341,52.476,51.719,55.857,773.0,817.0,2664.0,730.0,-0.032,-0.032,-0.08,65024.0,65024.0,64256.0,65.772,0.562,26.652,30.271,30.341,30.352,30.358,3.802,4.02,4.02,4.02,0.455,0.0,2000.0,0.0,94.0,4087.0,30.0,30.0,30.0,30.0,120.0,30.0,30.0,30.0,30.0,30.0,30.0,1.0,1.0,23.95,,-42.0,4.0,17.445,78.35,5.7,1631799615837.0,232743.0,232743.0,1631799615837.0,32.35,35.639,938.341,0.0,2000.0,773.0,2664.0,817.0,730.0,0.0,4.02,3.802,4.02,4.02,26.652,30.271,30.341,30.352,30.358,0.455,-0.032,-0.032,-0.08,65024.0,65024.0,64256.0,52.476,51.719,55.857,65.772,0.562,4087.0,94.0,30.0,30.0,30.0,30.0,30.0,30.0,30.0,30.0,120.0,30.0,30.0,1.0,1.0,1631799627176.0,17.445,78.35,5.7,48.944,25.664,44.722,0.049,0.465,0.0,37.4,1.11,2.774,0.965,2.412,0.0
79,2021-09-16 19:13:00,1,1,6.29,32.39,35.505,938.373,54.49,51.986,68.432,766.0,814.0,2642.0,726.0,0.0,-0.032,0.0,0.0,65024.0,0.0,64.227,0.463,22.486,25.539,25.598,25.607,25.613,3.207,3.392,3.392,3.392,0.457,0.0,2208.0,0.0,94.0,4075.0,30.0,30.0,30.0,30.0,120.0,30.0,30.0,30.0,30.0,30.0,30.0,1.0,1.0,23.95,,-42.0,4.0,17.445,78.35,5.7,1631799820708.0,232753.0,232753.0,1631799820708.0,32.39,35.505,938.373,0.0,2208.0,766.0,2642.0,814.0,726.0,0.0,3.392,3.207,3.392,3.392,22.486,25.539,25.598,25.607,25.613,0.457,0.0,-0.032,0.0,0.0,65024.0,0.0,54.49,51.986,68.432,64.227,0.463,4075.0,94.0,30.0,30.0,30.0,30.0,30.0,30.0,30.0,30.0,120.0,30.0,30.0,1.0,1.0,1631799830444.0,17.445,78.35,5.7,49.944,25.566,44.706,0.05,0.44,0.0,37.4,0.936,2.34,0.814,2.035,0.0
82,2021-09-16 19:16:00,1,1,6.0,32.41,35.333,938.391,52.408,51.329,52.903,756.0,814.0,2615.0,725.0,0.0,-0.048,0.048,0.0,64768.0,768.0,65.803,0.172,17.109,19.432,19.477,19.484,19.488,2.44,2.581,2.581,2.581,0.487,0.0,2207.0,0.0,94.0,4097.0,30.0,30.0,30.0,30.0,120.0,30.0,30.0,30.0,30.0,30.0,30.0,1.0,1.0,23.95,,-42.0,4.0,17.445,78.35,5.7,1631800019531.0,232761.0,232761.0,1631800019531.0,32.41,35.333,938.391,0.0,2207.0,756.0,2615.0,814.0,725.0,0.0,2.581,2.44,2.581,2.581,17.109,19.432,19.477,19.484,19.488,0.487,0.0,-0.048,0.048,0.0,64768.0,768.0,52.408,51.329,52.903,65.803,0.172,4097.0,94.0,30.0,30.0,30.0,30.0,30.0,30.0,30.0,30.0,120.0,30.0,30.0,1.0,1.0,1631800029492.0,17.445,78.35,5.7,51.543,25.565,44.7,0.052,0.404,0.0,37.4,0.712,1.781,0.619,1.548,0.0
86,2021-09-16 19:20:00,1,1,5.43,32.45,35.535,938.454,52.153,51.345,52.845,752.0,825.0,2604.0,730.0,0.016,-0.016,-0.144,256.0,65280.0,63232.0,65.741,0.31,17.322,19.674,19.719,19.726,19.73,2.471,2.613,2.613,2.613,0.467,0.0,2149.0,0.0,93.0,4079.0,30.0,30.0,30.0,30.0,120.0,30.0,30.0,30.0,30.0,30.0,30.0,1.0,1.0,23.95,,-42.0,4.0,17.445,78.35,5.7,1631800241497.0,232771.0,232771.0,1631800241497.0,32.45,35.535,938.454,0.0,2149.0,752.0,2604.0,825.0,730.0,0.0,2.613,2.471,2.613,2.613,17.322,19.674,19.719,19.726,19.73,0.467,0.016,-0.016,-0.144,256.0,65280.0,63232.0,52.153,51.345,52.845,65.741,0.31,4079.0,93.0,30.0,30.0,30.0,30.0,30.0,30.0,30.0,30.0,120.0,30.0,30.0,1.0,1.0,1631800251119.0,17.445,78.35,5.7,52.009,25.919,44.676,0.052,0.408,0.0,37.4,0.721,1.803,0.627,1.568,0.0
90,2021-09-16 19:24:00,1,1,4.99,32.48,35.748,938.43,52.656,52.135,53.521,743.0,853.0,2585.0,738.0,0.016,0.016,0.064,256.0,256.0,1024.0,65.772,0.426,15.727,17.862,17.903,17.91,17.913,2.243,2.372,2.372,2.372,0.456,0.0,2033.0,0.0,94.0,4086.0,30.0,30.0,30.0,30.0,120.0,30.0,30.0,30.0,30.0,30.0,30.0,1.0,1.0,23.95,,-42.0,4.0,17.445,78.35,5.7,1631800476225.0,232776.0,232776.0,1631800476225.0,32.48,35.748,938.43,0.0,2033.0,743.0,2585.0,853.0,738.0,0.0,2.372,2.243,2.372,2.372,15.727,17.862,17.903,17.91,17.913,0.456,0.016,0.016,0.064,256.0,256.0,1024.0,52.656,52.135,53.521,65.772,0.426,4086.0,94.0,30.0,30.0,30.0,30.0,30.0,30.0,30.0,30.0,120.0,30.0,30.0,1.0,1.0,1631800485696.0,17.445,78.35,5.7,53.359,26.817,44.656,0.053,0.402,0.0,37.4,0.655,1.637,0.569,1.423,0.0
95,2021-09-16 19:29:00,1,1,4.06,32.51,35.887,938.549,52.811,51.884,54.019,739.0,882.0,2567.0,746.0,0.048,0.0,-0.016,768.0,0.0,65280.0,65.647,0.0,11.344,12.884,12.913,12.918,12.921,1.618,1.711,1.711,1.711,0.449,0.0,2073.0,0.0,93.0,4078.0,30.0,30.0,30.0,30.0,120.0,30.0,30.0,30.0,30.0,30.0,30.0,1.0,1.0,23.95,,-42.0,4.0,17.445,78.35,5.7,1631800748107.0,232779.0,232779.0,1631800748107.0,32.51,35.887,938.549,0.0,2073.0,739.0,2567.0,882.0,746.0,0.0,1.711,1.618,1.711,1.711,11.344,12.884,12.913,12.918,12.921,0.449,0.048,0.0,-0.016,768.0,0.0,65280.0,52.811,51.884,54.019,65.647,0.0,4078.0,93.0,30.0,30.0,30.0,30.0,30.0,30.0,30.0,30.0,120.0,30.0,30.0,1.0,1.0,1631800761557.0,17.445,78.35,5.7,53.877,27.747,44.638,0.054,0.369,0.0,37.3,0.472,1.181,0.411,1.027,0.0
97,2021-09-16 19:31:00,1,1,3.79,32.52,35.714,938.553,54.314,51.568,63.934,730.0,860.0,2542.0,740.0,0.016,0.0,-0.096,256.0,0.0,64000.0,62.805,0.577,12.875,14.623,14.656,14.662,14.665,1.836,1.942,1.942,1.942,0.452,0.0,2010.0,0.0,93.0,4073.0,30.0,30.0,30.0,30.0,120.0,30.0,30.0,30.0,30.0,30.0,30.0,1.0,1.0,23.95,,-42.0,4.0,17.445,78.35,5.7,1631800913559.0,232781.0,232781.0,1631800913559.0,32.52,35.714,938.553,0.0,2010.0,730.0,2542.0,860.0,740.0,0.0,1.942,1.836,1.942,1.942,12.875,14.623,14.656,14.662,14.665,0.452,0.016,0.0,-0.096,256.0,0.0,64000.0,54.314,51.568,63.934,62.805,0.577,4073.0,93.0,30.0,30.0,30.0,30.0,30.0,30.0,30.0,30.0,120.0,30.0,30.0,1.0,1.0,1631800922649.0,17.445,78.35,5.7,55.355,27.041,44.637,0.055,0.379,0.0,37.3,0.536,1.34,0.466,1.165,0.0
101,2021-09-16 19:35:00,1,1,3.46,32.54,35.877,938.562,53.654,52.971,54.422,724.0,903.0,2525.0,753.0,0.048,-0.032,0.0,768.0,65024.0,0.0,62.685,0.062,10.875,12.352,12.38,12.385,12.387,1.551,1.64,1.64,1.64,0.458,0.0,2121.0,0.0,93.0,4081.0,30.0,30.0,30.0,30.0,120.0,30.0,30.0,30.0,30.0,30.0,30.0,1.0,1.0,23.95,,-42.0,4.0,17.445,78.35,5.7,1631801141845.0,232784.0,232784.0,1631801141845.0,32.54,35.877,938.562,0.0,2121.0,724.0,2525.0,903.0,753.0,0.0,1.64,1.551,1.64,1.64,10.875,12.352,12.38,12.385,12.387,0.458,0.048,-0.032,0.0,768.0,65024.0,0.0,53.654,52.971,54.422,62.685,0.062,4081.0,93.0,30.0,30.0,30.0,30.0,30.0,30.0,30.0,30.0,120.0,30.0,30.0,1.0,1.0,1631801150802.0,17.445,78.35,5.7,56.253,28.419,44.624,0.056,0.368,0.0,37.3,0.453,1.132,0.394,0.984,0.0
105,2021-09-16 19:39:00,1,1,2.92,32.56,35.991,938.534,53.629,53.029,54.182,722.0,942.0,2523.0,761.0,-0.016,-0.032,0.032,65280.0,65024.0,512.0,62.965,0.326,9.647,10.957,10.982,10.986,10.988,1.376,1.455,1.455,1.455,0.495,0.0,2037.0,0.0,93.0,4079.0,30.0,30.0,30.0,30.0,120.0,30.0,30.0,30.0,30.0,30.0,30.0,1.0,1.0,23.95,,-42.0,4.0,17.445,78.35,5.7,1631801384178.0,232787.0,232787.0,1631801384178.0,32.56,35.991,938.534,0.0,2037.0,722.0,2523.0,942.0,761.0,0.0,1.455,1.376,1.455,1.455,9.647,10.957,10.982,10.986,10.988,0.495,-0.016,-0.032,0.032,65280.0,65024.0,512.0,53.629,53.029,54.182,62.965,0.326,4079.0,93.0,30.0,30.0,30.0,30.0,30.0,30.0,30.0,30.0,120.0,30.0,30.0,1.0,1.0,1631801394594.0,17.445,78.35,5.7,56.484,29.668,44.611,0.056,0.361,0.0,37.3,0.402,1.004,0.349,0.873,0.0
109,2021-09-16 19:43:00,1,1,2.56,32.57,35.892,938.636,53.389,52.76,54.755,724.0,950.0,2524.0,764.0,-0.032,0.0,0.048,65024.0,0.0,768.0,63.528,1.01,12.79,14.526,14.56,14.565,14.568,1.824,1.929,1.929,1.929,0.501,0.0,1977.0,0.0,93.0,4070.0,30.0,30.0,30.0,30.0,120.0,30.0,30.0,30.0,30.0,30.0,30.0,1.0,1.0,23.95,,-42.0,4.0,17.445,78.35,5.7,1631801591518.0,232790.0,232790.0,1631801591518.0,32.57,35.892,938.636,0.0,1977.0,724.0,2524.0,950.0,764.0,0.0,1.929,1.824,1.929,1.929,12.79,14.526,14.56,14.565,14.568,0.501,-0.032,0.0,0.048,65024.0,0.0,768.0,53.389,52.76,54.755,63.528,1.01,4070.0,93.0,30.0,30.0,30.0,30.0,30.0,30.0,30.0,30.0,120.0,30.0,30.0,1.0,1.0,1631801600323.0,17.445,78.35,5.7,56.112,29.923,44.609,0.056,0.397,0.0,37.3,0.532,1.331,0.463,1.157,0.0
112,2021-09-16 19:46:00,1,1,2.42,32.59,35.931,938.663,52.727,52.312,53.612,723.0,964.0,2524.0,770.0,0.016,0.016,0.112,256.0,256.0,1792.0,66.085,0.302,12.232,13.892,13.924,13.93,13.933,1.745,1.845,1.845,1.845,0.494,0.0,1979.0,0.0,93.0,4091.0,30.0,30.0,30.0,30.0,120.0,30.0,30.0,30.0,30.0,30.0,30.0,1.0,1.0,23.95,,-42.0,4.0,17.445,78.35,5.7,1631801768166.0,232792.0,232792.0,1631801768166.0,32.59,35.931,938.663,0.0,1979.0,723.0,2524.0,964.0,770.0,0.0,1.845,1.745,1.845,1.845,12.232,13.892,13.924,13.93,13.933,0.494,0.016,0.016,0.112,256.0,256.0,1792.0,52.727,52.312,53.612,66.085,0.302,4091.0,93.0,30.0,30.0,30.0,30.0,30.0,30.0,30.0,30.0,120.0,30.0,30.0,1.0,1.0,1631801776884.0,17.445,78.35,5.7,56.183,30.372,44.598,0.056,0.394,0.0,37.8,0.509,1.273,0.443,1.107,0.0
116,2021-09-16 19:50:00,1,1,2.23,32.62,36.144,938.693,53.146,52.701,54.048,723.0,1014.0,2523.0,782.0,0.016,-0.032,0.016,256.0,65024.0,256.0,66.022,0.055,10.204,11.59,11.616,11.621,11.623,1.456,1.539,1.539,1.539,0.5,0.0,1929.0,0.0,93.0,4077.0,30.0,30.0,30.0,30.0,120.0,30.0,30.0,30.0,30.0,30.0,30.0,1.0,1.0,23.95,,-42.0,4.0,17.445,78.35,5.7,1631802015965.0,232795.0,232795.0,1631802015965.0,32.62,36.144,938.693,0.0,1929.0,723.0,2523.0,1014.0,782.0,0.0,1.539,1.456,1.539,1.539,10.204,11.59,11.616,11.621,11.623,0.5,0.016,-0.032,0.016,256.0,65024.0,256.0,53.146,52.701,54.048,66.022,0.055,4077.0,93.0,30.0,30.0,30.0,30.0,30.0,30.0,30.0,30.0,120.0,30.0,30.0,1.0,1.0,1631802027954.0,17.445,78.35,5.7,56.024,31.974,44.579,0.056,0.381,0.0,39.8,0.425,1.062,0.369,0.923,0.0
118,2021-09-16 19:52:00,1,1,2.15,32.63,36.244,938.641,53.167,52.749,53.592,722.0,1039.0,2524.0,790.0,-0.032,0.0,0.0,65024.0,0.0,0.0,65.866,0.295,10.993,12.486,12.514,12.519,12.522,1.568,1.658,1.658,1.658,0.499,0.0,1845.0,0.0,93.0,4077.0,30.0,30.0,30.0,30.0,120.0,30.0,30.0,30.0,30.0,30.0,30.0,1.0,1.0,23.95,,-42.0,4.0,17.445,78.35,5.7,1631802144148.0,232797.0,232797.0,1631802144148.0,32.63,36.244,938.641,0.0,1845.0,722.0,2524.0,1039.0,790.0,0.0,1.658,1.568,1.658,1.658,10.993,12.486,12.514,12.519,12.522,0.499,-0.032,0.0,0.0,65024.0,0.0,0.0,53.167,52.749,53.592,65.866,0.295,4077.0,93.0,30.0,30.0,30.0,30.0,30.0,30.0,30.0,30.0,120.0,30.0,30.0,1.0,1.0,1631802152494.0,17.445,78.35,5.7,56.136,32.775,44.571,0.056,0.394,0.0,40.8,0.458,1.144,0.398,0.995,0.0
121,2021-09-16 19:55:00,1,1,1.96,32.65,36.333,938.704,52.27,51.756,52.997,721.0,1060.0,2519.0,794.0,0.0,-0.032,-0.064,0.0,65024.0,64512.0,66.022,0.64,8.161,9.269,9.291,9.294,9.296,1.164,1.231,1.231,1.231,0.511,0.0,1727.0,0.0,93.0,4072.0,30.0,30.0,30.0,30.0,120.0,30.0,30.0,30.0,30.0,30.0,30.0,1.0,1.0,23.95,,-42.0,4.0,17.445,78.35,5.7,1631802335281.0,232800.0,232800.0,1631802335281.0,32.65,36.333,938.704,0.0,1727.0,721.0,2519.0,1060.0,794.0,0.0,1.231,1.164,1.231,1.231,8.161,9.269,9.291,9.294,9.296,0.511,0.0,-0.032,-0.064,0.0,65024.0,64512.0,52.27,51.756,52.997,66.022,0.64,4072.0,93.0,30.0,30.0,30.0,30.0,30.0,30.0,30.0,30.0,120.0,30.0,30.0,1.0,1.0,1631802343670.0,17.445,78.35,5.7,56.203,33.449,44.559,0.056,0.362,0.0,41.5,0.34,0.849,0.295,0.739,0.0
124,2021-09-16 19:58:00,1,1,1.84,32.67,36.323,938.743,53.326,53.0,54.038,720.0,1082.0,2518.0,806.0,-0.016,-0.016,-0.032,65280.0,65280.0,65024.0,65.991,0.608,5.967,6.777,6.793,6.795,6.796,0.851,0.9,0.9,0.9,0.529,0.0,1919.0,0.0,93.0,4066.0,30.0,30.0,30.0,30.0,120.0,30.0,30.0,30.0,30.0,30.0,30.0,1.0,1.0,23.95,,-42.0,4.0,17.445,78.35,5.7,1631802531904.0,232802.0,232802.0,1631802531904.0,32.67,36.323,938.743,0.0,1919.0,720.0,2518.0,1082.0,806.0,0.0,0.9,0.851,0.9,0.9,5.967,6.777,6.793,6.795,6.796,0.529,-0.016,-0.016,-0.032,65280.0,65280.0,65024.0,53.326,53.0,54.038,65.991,0.608,4066.0,93.0,30.0,30.0,30.0,30.0,30.0,30.0,30.0,30.0,120.0,30.0,30.0,1.0,1.0,1631802540163.0,17.445,78.35,5.7,56.279,34.153,44.55,0.056,0.331,0.0,42.5,0.248,0.621,0.216,0.54,0.0
128,2021-09-16 20:02:00,1,1,1.67,32.69,36.362,938.667,53.575,52.855,56.584,719.0,1117.0,2518.0,815.0,0.0,-0.016,0.032,0.0,65280.0,512.0,66.022,0.257,7.947,9.026,9.047,9.05,9.052,1.134,1.199,1.199,1.199,0.529,0.0,1961.0,0.0,92.0,4065.0,30.0,30.0,30.0,30.0,120.0,30.0,30.0,30.0,30.0,30.0,30.0,1.0,1.0,23.95,,-42.0,4.0,17.445,78.35,5.7,1631802762079.0,232803.0,232803.0,1631802762079.0,32.69,36.362,938.667,0.0,1961.0,719.0,2518.0,1117.0,815.0,0.0,1.199,1.134,1.199,1.199,7.947,9.026,9.047,9.05,9.052,0.529,0.0,-0.016,0.032,0.0,65280.0,512.0,53.575,52.855,56.584,66.022,0.257,4065.0,92.0,30.0,30.0,30.0,30.0,30.0,30.0,30.0,30.0,120.0,30.0,30.0,1.0,1.0,1631802770857.0,17.445,78.35,5.7,56.35,35.273,44.539,0.056,0.368,0.0,43.9,0.331,0.827,0.288,0.719,0.0
130,2021-09-16 20:04:00,1,1,1.57,32.71,36.288,938.722,53.432,52.927,54.344,717.0,1128.0,2518.0,813.0,0.0,0.0,-0.08,0.0,0.0,64256.0,66.085,0.279,8.433,9.577,9.599,9.603,9.605,1.203,1.272,1.272,1.272,0.517,0.0,1922.0,0.0,92.0,4068.0,30.0,30.0,30.0,30.0,120.0,30.0,30.0,30.0,30.0,30.0,30.0,1.0,1.0,23.95,,-42.0,4.0,17.445,78.35,5.7,1631802888824.0,232805.0,232805.0,1631802888824.0,32.71,36.288,938.722,0.0,1922.0,717.0,2518.0,1128.0,813.0,0.0,1.272,1.203,1.272,1.272,8.433,9.577,9.599,9.603,9.605,0.517,0.0,0.0,-0.08,0.0,0.0,64256.0,53.432,52.927,54.344,66.085,0.279,4068.0,92.0,30.0,30.0,30.0,30.0,30.0,30.0,30.0,30.0,120.0,30.0,30.0,1.0,1.0,1631802896879.0,17.445,78.35,5.7,56.599,35.624,44.531,0.057,0.377,0.0,44.3,0.351,0.878,0.305,0.763,0.0
133,2021-09-16 20:07:00,1,1,1.51,32.72,36.201,938.672,53.442,52.831,55.372,717.0,1150.0,2509.0,823.0,0.0,0.016,0.064,0.0,256.0,1024.0,65.71,0.365,8.092,9.19,9.211,9.215,9.217,1.154,1.22,1.22,1.22,0.522,0.0,1858.0,0.0,92.0,4071.0,30.0,30.0,30.0,30.0,120.0,30.0,30.0,30.0,30.0,30.0,30.0,1.0,1.0,23.95,,-42.0,4.0,17.445,78.35,5.7,1631803073663.0,232806.0,232806.0,1631803073663.0,32.72,36.201,938.672,0.0,1858.0,717.0,2509.0,1150.0,823.0,0.0,1.22,1.154,1.22,1.22,8.092,9.19,9.211,9.215,9.217,0.522,0.0,0.016,0.064,0.0,256.0,1024.0,53.442,52.831,55.372,65.71,0.365,4071.0,92.0,30.0,30.0,30.0,30.0,30.0,30.0,30.0,30.0,120.0,30.0,30.0,1.0,1.0,1631803081638.0,17.445,78.35,5.7,56.561,36.327,44.528,0.057,0.375,0.0,45.2,0.337,0.842,0.293,0.732,0.0
137,2021-09-16 20:11:00,1,1,1.42,32.73,36.339,938.728,53.377,52.982,53.716,715.0,1185.0,2514.0,835.0,0.016,0.016,-0.032,256.0,256.0,65024.0,65.71,0.434,7.224,8.205,8.224,8.227,8.228,1.03,1.09,1.09,1.09,0.526,0.0,1976.0,0.0,92.0,4071.0,30.0,30.0,30.0,30.0,120.0,30.0,30.0,30.0,30.0,30.0,30.0,1.0,1.0,23.95,,-42.0,4.0,17.445,78.35,5.7,1631803289001.0,232808.0,232808.0,1631803289001.0,32.73,36.339,938.728,0.0,1976.0,715.0,2514.0,1185.0,835.0,0.0,1.09,1.03,1.09,1.09,7.224,8.205,8.224,8.227,8.228,0.526,0.016,0.016,-0.032,256.0,256.0,65024.0,53.377,52.982,53.716,65.71,0.434,4071.0,92.0,30.0,30.0,30.0,30.0,30.0,30.0,30.0,30.0,120.0,30.0,30.0,1.0,1.0,1631803300203.0,17.445,78.35,5.7,56.837,37.449,44.52,0.057,0.367,0.0,46.5,0.301,0.752,0.262,0.654,0.0
141,2021-09-16 20:15:00,1,1,1.33,32.75,36.502,938.813,52.886,52.374,53.373,715.0,1232.0,2501.0,844.0,-0.016,0.0,0.0,65280.0,0.0,0.0,66.069,0.426,9.872,11.213,11.239,11.243,11.245,1.408,1.489,1.489,1.489,0.534,0.0,2032.0,0.0,92.0,4080.0,30.0,30.0,30.0,30.0,120.0,30.0,30.0,30.0,30.0,30.0,30.0,1.0,1.0,23.95,,-42.0,4.0,17.445,78.35,5.7,1631803519114.0,232811.0,232811.0,1631803519114.0,32.75,36.502,938.813,0.0,2032.0,715.0,2501.0,1232.0,844.0,0.0,1.489,1.408,1.489,1.489,9.872,11.213,11.239,11.243,11.245,0.534,-0.016,0.0,0.0,65280.0,0.0,0.0,52.886,52.374,53.373,66.069,0.426,4080.0,92.0,30.0,30.0,30.0,30.0,30.0,30.0,30.0,30.0,120.0,30.0,30.0,1.0,1.0,1631803560771.0,17.445,78.35,5.7,56.729,38.955,44.507,0.057,0.412,0.0,48.5,0.411,1.027,0.357,0.893,0.0
152,2021-09-16 20:26:00,1,1,1.06,32.79,36.605,938.978,52.987,52.587,54.18,711.0,1307.0,2488.0,870.0,0.0,-0.032,0.08,0.0,65024.0,1280.0,66.101,0.486,7.699,8.744,8.764,8.767,8.769,1.098,1.161,1.161,1.161,0.512,0.0,1806.0,0.0,92.0,4067.0,30.0,30.0,30.0,30.0,120.0,30.0,30.0,30.0,30.0,30.0,30.0,1.0,1.0,23.95,,-42.0,4.0,17.445,78.35,5.7,1631804166466.0,232816.0,232816.0,1631804166466.0,32.79,36.605,938.978,0.0,1806.0,711.0,2488.0,1307.0,870.0,0.0,1.161,1.098,1.161,1.161,7.699,8.744,8.764,8.767,8.769,0.512,0.0,-0.032,0.08,0.0,65024.0,1280.0,52.987,52.587,54.18,66.101,0.486,4067.0,92.0,30.0,30.0,30.0,30.0,30.0,30.0,30.0,30.0,120.0,30.0,30.0,1.0,1.0,1631804173721.0,17.445,78.35,5.7,57.204,41.356,44.485,0.057,0.392,0.0,51.3,0.321,0.801,0.279,0.697,0.0
183,2021-09-16 20:57:00,1,1,0.72,32.9,36.812,939.14,52.593,52.272,52.981,696.0,1528.0,2447.0,926.0,-0.048,0.016,0.048,64768.0,256.0,768.0,65.522,0.426,6.835,7.763,7.78,7.783,7.785,0.975,1.031,1.031,1.031,0.539,0.0,1800.0,0.0,91.0,4052.0,30.0,30.0,30.0,30.0,120.0,30.0,30.0,30.0,30.0,30.0,30.0,1.0,1.0,23.95,,-42.0,4.0,17.445,78.35,5.7,1631806049210.0,232828.0,232828.0,1631806049210.0,32.9,36.812,939.14,0.0,1800.0,696.0,2447.0,1528.0,926.0,0.0,1.031,0.975,1.031,1.031,6.835,7.763,7.78,7.783,7.785,0.539,-0.048,0.016,0.048,64768.0,256.0,768.0,52.593,52.272,52.981,65.522,0.426,4052.0,91.0,30.0,30.0,30.0,30.0,30.0,30.0,30.0,30.0,120.0,30.0,30.0,1.0,1.0,1631806058162.0,17.445,78.35,5.7,59.189,48.431,44.426,0.059,0.406,0.0,57.2,0.285,0.711,0.247,0.619,0.0
184,2021-09-16 20:58:00,1,1,0.7,32.91,36.813,939.209,52.373,51.788,53.049,697.0,1535.0,2445.0,934.0,-0.016,0.016,0.096,65280.0,256.0,1536.0,64.902,0.226,6.729,7.642,7.66,7.663,7.664,0.96,1.015,1.015,1.015,0.538,0.0,1919.0,0.0,91.0,4044.0,30.0,30.0,30.0,30.0,120.0,30.0,30.0,30.0,30.0,30.0,30.0,1.0,1.0,23.95,,-42.0,4.0,17.445,78.35,5.7,1631806117098.0,232829.0,232829.0,1631806117098.0,32.91,36.813,939.209,0.0,1919.0,697.0,2445.0,1535.0,934.0,0.0,1.015,0.96,1.015,1.015,6.729,7.642,7.66,7.663,7.664,0.538,-0.016,0.016,0.096,65280.0,256.0,1536.0,52.373,51.788,53.049,64.902,0.226,4044.0,91.0,30.0,30.0,30.0,30.0,30.0,30.0,30.0,30.0,120.0,30.0,30.0,1.0,1.0,1631806122407.0,17.445,78.35,5.7,58.975,48.655,44.421,0.059,0.405,0.0,57.4,0.28,0.7,0.244,0.609,0.0
202,2021-09-16 21:16:00,1,1,0.48,32.98,37.068,939.49,52.671,52.162,53.039,682.0,1614.0,2412.0,951.0,0.0,-0.032,0.032,0.0,65024.0,512.0,57.33,0.008,12.777,14.512,14.545,14.55,14.554,1.822,1.927,1.927,1.927,0.539,0.0,1619.0,0.0,90.0,4044.0,30.0,30.0,30.0,30.0,120.0,30.0,30.0,30.0,30.0,30.0,30.0,1.0,1.0,23.95,,-42.0,4.0,17.445,78.35,5.7,1631807195016.0,232836.0,232836.0,1631807195016.0,32.98,37.068,939.49,0.0,1619.0,682.0,2412.0,1614.0,951.0,0.0,1.927,1.822,1.927,1.927,12.777,14.512,14.545,14.55,14.554,0.539,0.0,-0.032,0.032,0.0,65024.0,512.0,52.671,52.162,53.039,57.33,0.008,4044.0,90.0,30.0,30.0,30.0,30.0,30.0,30.0,30.0,30.0,120.0,30.0,30.0,1.0,1.0,1631807203603.0,17.445,78.35,5.7,61.14,51.186,44.381,0.061,0.507,0.0,59.5,0.532,1.33,0.463,1.156,0.0
209,2021-09-16 21:23:00,1,1,0.4,33.02,37.033,939.53,52.865,52.014,53.296,681.0,1660.0,2403.0,967.0,0.0,-0.016,0.016,0.0,65280.0,256.0,56.591,0.47,9.734,11.055,11.081,11.085,11.087,1.388,1.468,1.468,1.468,0.523,0.0,1823.0,0.0,90.0,4039.0,30.0,30.0,30.0,30.0,120.0,30.0,30.0,30.0,30.0,30.0,30.0,1.0,1.0,23.95,,-42.0,4.0,17.445,78.35,5.7,1631807634333.0,232841.0,232841.0,1631807634333.0,33.02,37.033,939.53,0.0,1823.0,681.0,2403.0,1660.0,967.0,0.0,1.468,1.388,1.468,1.468,9.734,11.055,11.081,11.085,11.087,0.523,0.0,-0.016,0.016,0.0,65280.0,256.0,52.865,52.014,53.296,56.591,0.47,4039.0,90.0,30.0,30.0,30.0,30.0,30.0,30.0,30.0,30.0,120.0,30.0,30.0,1.0,1.0,1631807639196.0,17.445,78.35,5.7,61.125,52.658,44.363,0.061,0.472,0.0,60.8,0.405,1.013,0.352,0.881,0.0
213,2021-09-16 21:27:00,1,1,0.42,33.04,36.961,939.508,58.144,51.227,66.798,681.0,1682.0,2406.0,969.0,-0.016,0.0,-0.016,65280.0,0.0,65280.0,56.022,0.554,9.94,11.29,11.316,11.32,11.323,1.418,1.499,1.499,1.499,0.521,0.0,1804.0,0.0,89.0,4021.0,30.0,30.0,30.0,30.0,120.0,30.0,30.0,30.0,30.0,30.0,30.0,1.0,1.0,23.95,,-42.0,4.0,17.445,78.35,5.7,1631807869915.0,232844.0,232844.0,1631807869915.0,33.04,36.961,939.508,0.0,1804.0,681.0,2406.0,1682.0,969.0,0.0,1.499,1.418,1.499,1.499,9.94,11.29,11.316,11.32,11.323,0.521,-0.016,0.0,-0.016,65280.0,0.0,65280.0,58.144,51.227,66.798,56.022,0.554,4021.0,89.0,30.0,30.0,30.0,30.0,30.0,30.0,30.0,30.0,120.0,30.0,30.0,1.0,1.0,1631807874700.0,17.445,78.35,5.7,61.039,53.361,44.355,0.061,0.478,0.0,61.3,0.414,1.035,0.36,0.9,0.0
215,2021-09-16 21:29:00,1,1,0.43,33.05,36.887,939.515,52.849,52.223,53.258,678.0,1667.0,2406.0,968.0,-0.032,-0.016,0.064,65024.0,65280.0,1024.0,56.518,0.715,10.631,12.075,12.102,12.107,12.11,1.516,1.604,1.604,1.604,0.533,0.0,1923.0,0.0,89.0,4031.0,30.0,30.0,30.0,30.0,120.0,30.0,30.0,30.0,30.0,30.0,30.0,1.0,1.0,23.95,,-42.0,4.0,17.445,78.35,5.7,1631807984828.0,232846.0,232846.0,1631807984828.0,33.05,36.887,939.515,0.0,1923.0,678.0,2406.0,1667.0,968.0,0.0,1.604,1.516,1.604,1.604,10.631,12.075,12.102,12.107,12.11,0.533,-0.032,-0.016,0.064,65024.0,65280.0,1024.0,52.849,52.223,53.258,56.518,0.715,4031.0,89.0,30.0,30.0,30.0,30.0,30.0,30.0,30.0,30.0,120.0,30.0,30.0,1.0,1.0,1631807989611.0,17.445,78.35,5.7,61.502,52.88,44.351,0.062,0.486,0.0,60.9,0.443,1.106,0.385,0.962,0.0
219,2021-09-16 21:33:00,1,1,0.41,33.06,36.751,939.409,52.758,52.284,54.557,678.0,1682.0,2405.0,976.0,-0.016,-0.032,0.08,65280.0,65024.0,1280.0,56.283,0.218,9.085,10.318,10.342,10.345,10.348,1.296,1.37,1.37,1.37,0.52,0.0,1814.0,0.0,89.0,4031.0,30.0,30.0,30.0,30.0,120.0,30.0,30.0,30.0,30.0,30.0,30.0,1.0,1.0,23.95,,-42.0,4.0,17.445,78.35,5.7,1631808209214.0,232848.0,232848.0,1631808209214.0,33.06,36.751,939.409,0.0,1814.0,678.0,2405.0,1682.0,976.0,0.0,1.37,1.296,1.37,1.37,9.085,10.318,10.342,10.345,10.348,0.52,-0.016,-0.032,0.08,65280.0,65024.0,1280.0,52.758,52.284,54.557,56.283,0.218,4031.0,89.0,30.0,30.0,30.0,30.0,30.0,30.0,30.0,30.0,120.0,30.0,30.0,1.0,1.0,1631808213874.0,17.445,78.35,5.7,61.469,53.359,44.35,0.061,0.465,0.0,61.3,0.378,0.945,0.329,0.822,0.0
227,2021-09-16 21:41:00,1,1,0.41,33.1,36.592,939.438,52.645,52.214,53.452,678.0,1714.0,2402.0,980.0,0.0,0.0,0.0,0.0,0.0,0.0,56.439,0.179,9.29,10.551,10.575,10.579,10.581,1.325,1.401,1.401,1.401,0.518,0.0,1911.0,0.0,89.0,4021.0,30.0,30.0,30.0,30.0,120.0,30.0,30.0,30.0,30.0,30.0,30.0,1.0,1.0,23.95,,-42.0,4.0,17.445,78.35,5.7,1631808687471.0,232849.0,232849.0,1631808687471.0,33.1,36.592,939.438,0.0,1911.0,678.0,2402.0,1714.0,980.0,0.0,1.401,1.325,1.401,1.401,9.29,10.551,10.575,10.579,10.581,0.518,0.0,0.0,0.0,0.0,0.0,0.0,52.645,52.214,53.452,56.439,0.179,4021.0,89.0,30.0,30.0,30.0,30.0,30.0,30.0,30.0,30.0,120.0,30.0,30.0,1.0,1.0,1631808697181.0,17.445,78.35,5.7,61.298,54.381,44.334,0.061,0.472,0.0,62.2,0.387,0.967,0.336,0.841,0.0
232,2021-09-16 21:46:00,1,1,0.39,33.11,36.544,939.426,54.511,52.148,67.378,680.0,1742.0,2401.0,985.0,0.0,0.016,-0.032,0.0,256.0,65024.0,56.283,0.51,8.913,10.123,10.147,10.15,10.152,1.271,1.344,1.344,1.344,0.539,0.0,1856.0,0.0,88.0,4029.0,30.0,30.0,30.0,30.0,120.0,30.0,30.0,30.0,30.0,30.0,30.0,1.0,1.0,23.95,,-42.0,4.0,17.445,78.35,5.7,1631808970983.0,232851.0,232851.0,1631808970983.0,33.11,36.544,939.426,0.0,1856.0,680.0,2401.0,1742.0,985.0,0.0,1.344,1.271,1.344,1.344,8.913,10.123,10.147,10.15,10.152,0.539,0.0,0.016,-0.032,0.0,256.0,65024.0,54.511,52.148,67.378,56.283,0.51,4029.0,88.0,30.0,30.0,30.0,30.0,30.0,30.0,30.0,30.0,120.0,30.0,30.0,1.0,1.0,1631808974976.0,17.445,78.35,5.7,60.92,55.277,44.33,0.061,0.47,0.0,62.9,0.371,0.928,0.323,0.807,0.0
236,2021-09-16 21:50:00,1,1,0.41,33.11,36.705,939.484,53.388,52.324,59.406,681.0,1739.0,2406.0,991.0,-0.048,-0.016,0.048,64768.0,65280.0,768.0,56.439,0.357,8.199,9.312,9.334,9.337,9.339,1.169,1.237,1.237,1.237,0.546,0.0,1833.0,0.0,88.0,4001.0,30.0,30.0,30.0,30.0,120.0,30.0,30.0,30.0,30.0,30.0,30.0,1.0,1.0,23.95,,-42.0,4.0,17.445,78.35,5.7,1631809246489.0,232853.0,232853.0,1631809246489.0,33.11,36.705,939.484,0.0,1833.0,681.0,2406.0,1739.0,991.0,0.0,1.237,1.169,1.237,1.237,8.199,9.312,9.334,9.337,9.339,0.546,-0.048,-0.016,0.048,64768.0,65280.0,768.0,53.388,52.324,59.406,56.439,0.357,4001.0,88.0,30.0,30.0,30.0,30.0,30.0,30.0,30.0,30.0,120.0,30.0,30.0,1.0,1.0,1631809250490.0,17.445,78.35,5.7,60.738,55.182,44.327,0.061,0.457,0.0,62.8,0.341,0.853,0.297,0.742,0.0
240,2021-09-16 21:54:00,1,1,0.42,33.11,36.792,939.434,52.554,51.88,52.879,684.0,1767.0,2413.0,996.0,0.032,0.0,-0.016,512.0,0.0,65280.0,56.366,0.517,7.985,9.069,9.09,9.093,9.095,1.139,1.204,1.204,1.204,0.528,0.0,1817.0,0.0,87.0,4007.0,30.0,30.0,30.0,30.0,120.0,30.0,30.0,30.0,30.0,30.0,30.0,1.0,1.0,23.95,,-42.0,4.0,17.445,78.35,5.7,1631809481724.0,232855.0,232855.0,1631809481724.0,33.11,36.792,939.434,0.0,1817.0,684.0,2413.0,1767.0,996.0,0.0,1.204,1.139,1.204,1.204,7.985,9.069,9.09,9.093,9.095,0.528,0.032,0.0,-0.016,512.0,0.0,65280.0,52.554,51.88,52.879,56.366,0.517,4007.0,87.0,30.0,30.0,30.0,30.0,30.0,30.0,30.0,30.0,120.0,30.0,30.0,1.0,1.0,1631809485554.0,17.445,78.35,5.7,60.227,56.079,44.325,0.06,0.457,0.0,63.6,0.332,0.831,0.289,0.723,0.0
244,2021-09-16 21:58:00,1,1,0.38,33.11,36.705,939.407,52.732,52.304,53.189,684.0,1789.0,2423.0,998.0,-0.016,0.016,0.0,65280.0,256.0,0.0,56.518,0.616,8.032,9.122,9.143,9.146,9.148,1.146,1.211,1.211,1.211,0.542,0.0,1798.0,0.0,87.0,4005.0,30.0,30.0,30.0,30.0,120.0,30.0,30.0,30.0,30.0,30.0,30.0,1.0,1.0,23.95,,-42.0,4.0,17.445,78.35,5.7,1631809727460.0,232857.0,232857.0,1631809727460.0,33.11,36.705,939.407,0.0,1798.0,684.0,2423.0,1789.0,998.0,0.0,1.211,1.146,1.211,1.211,8.032,9.122,9.143,9.146,9.148,0.542,-0.016,0.016,0.0,65280.0,256.0,0.0,52.732,52.304,53.189,56.518,0.616,4005.0,87.0,30.0,30.0,30.0,30.0,30.0,30.0,30.0,30.0,120.0,30.0,30.0,1.0,1.0,1631809730908.0,17.445,78.35,5.7,60.235,56.782,44.327,0.06,0.46,0.0,64.2,0.334,0.836,0.291,0.727,0.0
248,2021-09-16 22:02:00,1,1,0.43,33.11,36.556,939.484,52.374,52.086,52.682,686.0,1800.0,2429.0,999.0,0.0,-0.032,-0.016,0.0,65024.0,65280.0,56.768,0.601,9.367,10.639,10.663,10.667,10.67,1.336,1.413,1.413,1.413,0.536,0.0,1803.0,0.0,87.0,4007.0,30.0,30.0,30.0,30.0,120.0,30.0,30.0,30.0,30.0,30.0,30.0,1.0,1.0,23.95,,-42.0,4.0,17.445,78.35,5.7,1631809942679.0,232859.0,232859.0,1631809942679.0,33.11,36.556,939.484,0.0,1803.0,686.0,2429.0,1800.0,999.0,0.0,1.413,1.336,1.413,1.413,9.367,10.639,10.663,10.667,10.67,0.536,0.0,-0.032,-0.016,0.0,65024.0,65280.0,52.374,52.086,52.682,56.768,0.601,4007.0,87.0,30.0,30.0,30.0,30.0,30.0,30.0,30.0,30.0,120.0,30.0,30.0,1.0,1.0,1631809949281.0,17.445,78.35,5.7,59.914,57.133,44.33,0.06,0.484,0.0,64.4,0.39,0.975,0.339,0.848,0.0
253,2021-09-16 22:07:00,1,1,0.54,33.11,35.959,939.488,52.78,52.06,53.825,687.0,1775.0,2428.0,1002.0,-0.016,-0.016,-0.064,65280.0,65280.0,64512.0,56.487,0.194,11.067,12.579,12.614,12.62,12.623,1.581,1.678,1.683,1.683,0.581,0.0,1850.0,0.0,86.0,4003.0,30.0,30.0,30.0,30.0,120.0,30.0,30.0,30.0,30.0,30.0,30.0,1.0,1.0,23.95,,-42.0,4.0,17.445,78.35,5.7,1631810223380.0,232861.0,232861.0,1631810223380.0,33.11,35.959,939.488,0.0,1850.0,687.0,2428.0,1775.0,1002.0,0.0,1.678,1.581,1.683,1.683,11.067,12.579,12.614,12.62,12.623,0.581,-0.016,-0.016,-0.064,65280.0,65280.0,64512.0,52.78,52.06,53.825,56.487,0.194,4003.0,86.0,30.0,30.0,30.0,30.0,30.0,30.0,30.0,30.0,120.0,30.0,30.0,1.0,1.0,1631810226762.0,17.445,78.35,5.7,59.801,56.326,44.344,0.06,0.508,0.0,63.8,0.463,1.158,0.403,1.007,0.0
257,2021-09-16 22:11:00,1,1,0.6,33.11,32.998,939.494,62.186,61.498,64.642,677.0,1667.0,2400.0,964.0,0.0,-0.032,0.016,0.0,65024.0,256.0,56.189,0.486,26.114,29.659,29.728,29.739,29.745,3.725,3.939,3.939,3.939,0.547,0.0,2659.0,0.0,86.0,3990.0,30.0,30.0,30.0,30.0,120.0,30.0,30.0,30.0,30.0,30.0,30.0,1.0,1.0,23.95,,-42.0,4.0,17.445,78.35,5.7,1631810468910.0,232863.0,232863.0,1631810468910.0,33.11,32.998,939.494,0.0,2659.0,677.0,2400.0,1667.0,964.0,0.0,3.939,3.725,3.939,3.939,26.114,29.659,29.728,29.739,29.745,0.547,0.0,-0.032,0.016,0.0,65024.0,256.0,62.186,61.498,64.642,56.189,0.486,3990.0,86.0,30.0,30.0,30.0,30.0,30.0,30.0,30.0,30.0,120.0,30.0,30.0,1.0,1.0,1631810472703.0,17.445,78.35,5.7,61.749,52.838,44.415,0.062,0.646,0.0,60.8,1.087,2.718,0.945,2.363,0.0
258,2021-09-16 22:12:00,1,1,0.72,33.07,32.024,939.502,63.034,60.641,70.934,675.0,1639.0,2392.0,959.0,0.0,-0.016,0.08,0.0,65280.0,1280.0,55.199,0.226,27.39,31.109,31.18,31.192,31.198,3.907,4.131,4.131,4.131,0.517,0.0,2616.0,0.0,86.0,3992.0,30.0,30.0,30.0,30.0,120.0,30.0,30.0,30.0,30.0,30.0,30.0,1.0,1.0,0.0,2147483647.0,-43.0,4.0,17.445,78.35,14.718,1631810578748.0,232866.0,232866.0,1631810578748.0,33.07,32.024,939.502,0.0,2616.0,675.0,2392.0,1639.0,959.0,0.0,4.131,3.907,4.131,4.131,27.39,31.109,31.18,31.192,31.198,0.517,0.0,-0.016,0.08,0.0,65280.0,1280.0,63.034,60.641,70.934,55.199,0.226,3992.0,86.0,30.0,30.0,30.0,30.0,30.0,30.0,30.0,30.0,120.0,30.0,30.0,1.0,1.0,1631810584871.0,17.445,78.35,14.718,62.36,51.932,44.458,0.062,0.65,0.0,60.1,1.14,2.851,0.992,2.479,1.0
259,2021-09-16 22:13:00,1,1,0.71,33.06,31.812,939.446,62.096,60.19,68.243,673.0,1646.0,2388.0,955.0,-0.016,0.032,-0.064,65280.0,512.0,64512.0,50.976,0.265,32.069,36.423,36.506,36.52,36.528,4.574,4.837,4.837,4.837,0.516,0.0,2496.0,0.0,86.0,3997.0,30.0,30.0,30.0,30.0,120.0,30.0,30.0,30.0,30.0,30.0,30.0,1.0,1.0,0.0,2147483647.0,-49.0,4.0,17.445,78.35,16.025,1631810609760.0,232867.0,232867.0,1631810609760.0,33.06,31.812,939.446,0.0,2496.0,673.0,2388.0,1646.0,955.0,0.0,4.837,4.574,4.837,4.837,32.069,36.423,36.506,36.52,36.528,0.516,-0.016,0.032,-0.064,65280.0,512.0,64512.0,62.096,60.19,68.243,50.976,0.265,3997.0,86.0,30.0,30.0,30.0,30.0,30.0,30.0,30.0,30.0,120.0,30.0,30.0,1.0,1.0,1631810612314.0,17.445,78.35,16.025,62.761,52.153,44.468,0.063,0.685,0.0,60.3,1.335,3.338,1.161,2.902,1.0
260,2021-09-16 22:14:00,1,1,0.71,33.02,30.888,939.597,60.726,59.756,63.452,666.0,1557.0,2370.0,942.0,0.0,-0.016,-0.064,0.0,65280.0,64512.0,56.189,0.295,37.845,42.984,43.083,43.098,43.108,5.398,5.708,5.708,5.708,0.517,0.0,2711.0,0.0,86.0,3984.0,30.0,30.0,30.0,30.0,120.0,30.0,30.0,30.0,30.0,30.0,30.0,1.0,1.0,24.36,,-49.0,4.0,17.445,78.35,7.9,1631810678030.0,232869.0,232869.0,1631810678030.0,33.02,30.888,939.597,0.0,2711.0,666.0,2370.0,1557.0,942.0,0.0,5.708,5.398,5.708,5.708,37.845,42.984,43.083,43.098,43.108,0.517,0.0,-0.016,-0.064,0.0,65280.0,64512.0,60.726,59.756,63.452,56.189,0.295,3984.0,86.0,30.0,30.0,30.0,30.0,30.0,30.0,30.0,30.0,120.0,30.0,30.0,1.0,1.0,1631810681091.0,17.445,78.35,7.9,64.205,49.295,44.509,0.064,0.703,0.0,57.9,1.576,3.939,1.37,3.425,1.0
263,2021-09-16 22:17:00,1,1,0.68,32.97,30.586,939.545,61.028,60.573,61.761,663.0,1571.0,2360.0,943.0,0.032,0.0,-0.16,512.0,0.0,62976.0,56.189,0.334,31.427,35.693,35.775,35.789,35.796,4.483,4.74,4.74,4.74,0.548,0.0,2137.0,0.0,86.0,3989.0,30.0,30.0,30.0,30.0,120.0,30.0,30.0,30.0,30.0,30.0,30.0,1.0,1.0,24.36,,-49.0,4.0,17.445,78.35,7.9,1631810846270.0,232872.0,232872.0,1631810846270.0,32.97,30.586,939.545,0.0,2137.0,663.0,2360.0,1571.0,943.0,0.0,4.74,4.483,4.74,4.74,31.427,35.693,35.775,35.789,35.796,0.548,0.032,0.0,-0.16,512.0,0.0,62976.0,61.028,60.573,61.761,56.189,0.334,3989.0,86.0,30.0,30.0,30.0,30.0,30.0,30.0,30.0,30.0,120.0,30.0,30.0,1.0,1.0,1631810849492.0,17.445,78.35,7.9,64.967,49.74,44.541,0.065,0.665,0.0,58.3,1.308,3.271,1.138,2.844,1.0
266,2021-09-16 22:20:00,1,1,0.46,32.94,30.771,939.519,60.638,59.695,61.277,664.0,1585.0,2354.0,942.0,0.0,0.0,-0.064,0.0,0.0,64512.0,56.397,0.07,26.149,29.728,29.815,29.83,29.837,3.736,3.969,3.984,3.987,0.578,0.0,2019.0,0.0,85.0,3965.0,30.0,30.0,30.0,30.0,120.0,30.0,30.0,30.0,30.0,30.0,30.0,1.0,1.0,24.36,,-49.0,4.0,17.445,78.35,7.9,1631811055181.0,232875.0,232875.0,1631811055181.0,32.94,30.771,939.519,0.0,2019.0,664.0,2354.0,1585.0,942.0,0.0,3.969,3.736,3.984,3.987,26.149,29.728,29.815,29.83,29.837,0.578,0.0,0.0,-0.064,0.0,0.0,64512.0,60.638,59.695,61.277,56.397,0.07,3965.0,85.0,30.0,30.0,30.0,30.0,30.0,30.0,30.0,30.0,120.0,30.0,30.0,1.0,1.0,1631811058171.0,17.445,78.35,7.9,64.922,50.19,44.551,0.065,0.631,0.0,58.7,1.095,2.739,0.953,2.381,1.0
269,2021-09-16 22:23:00,1,1,0.29,32.96,32.029,939.466,59.072,58.421,59.73,637.0,1575.0,2282.0,936.0,-0.016,-0.032,0.032,65280.0,65024.0,512.0,56.064,0.549,32.879,37.41,37.542,37.565,37.574,4.704,5.018,5.052,5.059,0.598,0.0,1704.0,0.0,85.0,3985.0,30.0,30.0,30.0,30.0,120.0,30.0,30.0,30.0,30.0,30.0,30.0,1.0,1.0,24.36,,-49.0,4.0,17.445,78.35,7.9,1631811220244.0,232878.0,232878.0,1631811220244.0,32.96,32.029,939.466,0.0,1704.0,637.0,2282.0,1575.0,936.0,0.0,5.018,4.704,5.052,5.059,32.879,37.41,37.542,37.565,37.574,0.598,-0.016,-0.032,0.032,65280.0,65024.0,512.0,59.072,58.421,59.73,56.064,0.549,3985.0,85.0,30.0,30.0,30.0,30.0,30.0,30.0,30.0,30.0,120.0,30.0,30.0,1.0,1.0,1631811226766.0,17.445,78.35,7.9,69.239,49.883,44.511,0.069,0.678,0.0,58.4,1.385,3.462,1.204,3.011,1.0
273,2021-09-16 22:27:00,1,1,0.18,32.97,33.013,939.411,59.059,58.651,59.43,624.0,1575.0,2254.0,945.0,-0.016,0.032,-0.064,65280.0,512.0,64512.0,56.158,0.533,26.147,29.783,29.91,29.933,29.941,3.748,4.019,4.064,4.073,0.615,0.0,1631.0,0.0,85.0,3982.0,30.0,30.0,30.0,30.0,120.0,30.0,30.0,30.0,30.0,30.0,30.0,1.0,1.0,24.36,,-49.0,4.0,17.445,78.35,7.9,1631811451387.0,232881.0,232881.0,1631811451387.0,32.97,33.013,939.411,0.0,1631.0,624.0,2254.0,1575.0,945.0,0.0,4.019,3.748,4.064,4.073,26.147,29.783,29.91,29.933,29.941,0.615,-0.016,0.032,-0.064,65280.0,512.0,64512.0,59.059,58.651,59.43,56.158,0.533,3982.0,85.0,30.0,30.0,30.0,30.0,30.0,30.0,30.0,30.0,120.0,30.0,30.0,1.0,1.0,1631811454128.0,17.445,78.35,7.9,71.281,49.894,44.483,0.071,0.632,0.0,58.4,1.109,2.773,0.965,2.411,1.0
276,2021-09-16 22:30:00,1,1,0.14,32.97,33.747,939.496,59.151,58.545,59.665,618.0,1607.0,2235.0,944.0,-0.032,-0.016,-0.048,65024.0,65280.0,64768.0,56.158,0.094,24.333,27.678,27.769,27.785,27.792,3.48,3.706,3.728,3.732,0.593,0.0,1711.0,0.0,85.0,3975.0,30.0,30.0,30.0,30.0,120.0,30.0,30.0,30.0,30.0,30.0,30.0,1.0,1.0,24.36,,-49.0,4.0,17.445,78.35,7.9,1631811626593.0,232884.0,232884.0,1631811626593.0,32.97,33.747,939.496,0.0,1711.0,618.0,2235.0,1607.0,944.0,0.0,3.706,3.48,3.728,3.732,24.333,27.678,27.769,27.785,27.792,0.593,-0.032,-0.016,-0.048,65024.0,65280.0,64768.0,59.151,58.545,59.665,56.158,0.094,3975.0,85.0,30.0,30.0,30.0,30.0,30.0,30.0,30.0,30.0,120.0,30.0,30.0,1.0,1.0,1631811629234.0,17.445,78.35,7.9,72.219,50.926,44.465,0.072,0.622,0.0,59.3,1.023,2.557,0.889,2.224,1.0
280,2021-09-16 22:34:00,1,1,0.11,32.97,34.468,939.434,59.814,58.798,65.851,608.0,1614.0,2203.0,943.0,-0.048,0.0,0.08,64768.0,0.0,1280.0,55.858,0.164,20.023,22.765,22.833,22.844,22.85,2.861,3.04,3.052,3.054,0.572,0.0,1641.0,0.0,85.0,3976.0,30.0,30.0,30.0,30.0,120.0,30.0,30.0,30.0,30.0,30.0,30.0,1.0,1.0,24.36,,-49.0,4.0,17.445,78.35,7.9,1631811877008.0,232888.0,232888.0,1631811877008.0,32.97,34.468,939.434,0.0,1641.0,608.0,2203.0,1614.0,943.0,0.0,3.04,2.861,3.052,3.054,20.023,22.765,22.833,22.844,22.85,0.572,-0.048,0.0,0.08,64768.0,0.0,1280.0,59.814,58.798,65.851,55.858,0.164,3976.0,85.0,30.0,30.0,30.0,30.0,30.0,30.0,30.0,30.0,120.0,30.0,30.0,1.0,1.0,1631811879498.0,17.445,78.35,7.9,73.828,51.158,44.448,0.074,0.586,0.0,59.5,0.839,2.098,0.73,1.824,1.0
284,2021-09-16 22:38:00,1,1,0.06,32.98,35.501,939.44,60.179,58.885,65.482,598.0,1582.0,2170.0,947.0,0.032,0.0,-0.016,512.0,0.0,65280.0,55.23,0.652,30.086,34.326,34.51,34.544,34.554,4.325,4.673,4.754,4.77,0.612,0.0,1536.0,0.0,85.0,3982.0,30.0,30.0,30.0,30.0,120.0,30.0,30.0,30.0,30.0,30.0,30.0,1.0,1.0,24.36,,-49.0,4.0,17.445,78.35,7.9,1631812082189.0,232891.0,232891.0,1631812082189.0,32.98,35.501,939.44,0.0,1536.0,598.0,2170.0,1582.0,947.0,0.0,4.673,4.325,4.754,4.77,30.086,34.326,34.51,34.544,34.554,0.612,0.032,0.0,-0.016,512.0,0.0,65280.0,60.179,58.885,65.482,55.23,0.652,3982.0,85.0,30.0,30.0,30.0,30.0,30.0,30.0,30.0,30.0,120.0,30.0,30.0,1.0,1.0,1631812084449.0,17.445,78.35,7.9,75.363,50.145,44.419,0.075,0.665,0.0,58.6,1.29,3.224,1.122,2.804,1.0
287,2021-09-16 22:41:00,1,1,0.12,32.99,35.452,939.456,54.28,51.811,66.377,599.0,1607.0,2175.0,949.0,0.016,-0.032,-0.032,256.0,65024.0,65024.0,56.487,0.008,20.544,23.536,23.726,23.762,23.771,2.974,3.274,3.379,3.4,0.591,0.0,1643.0,0.0,84.0,3972.0,30.0,30.0,30.0,30.0,120.0,30.0,30.0,30.0,30.0,30.0,30.0,1.0,1.0,24.36,,-49.0,4.0,17.445,78.35,7.9,1631812277500.0,232894.0,232894.0,1631812277500.0,32.99,35.452,939.456,0.0,1643.0,599.0,2175.0,1607.0,949.0,0.0,3.274,2.974,3.379,3.4,20.544,23.536,23.726,23.762,23.771,0.591,0.016,-0.032,-0.032,256.0,65024.0,65024.0,54.28,51.811,66.377,56.487,0.008,3972.0,84.0,30.0,30.0,30.0,30.0,30.0,30.0,30.0,30.0,120.0,30.0,30.0,1.0,1.0,1631812279500.0,17.445,78.35,7.9,75.153,50.944,44.415,0.075,0.598,0.0,59.3,0.904,2.259,0.786,1.965,1.0
291,2021-09-16 22:45:00,1,1,0.03,33.01,37.717,939.509,52.481,50.443,63.118,575.0,1564.0,2112.0,937.0,0.032,0.0,-0.048,512.0,0.0,64768.0,55.827,0.699,43.785,50.043,50.369,50.43,50.446,6.313,6.876,7.039,7.071,0.599,0.0,1313.0,0.0,84.0,3964.0,30.0,30.0,30.0,30.0,120.0,30.0,30.0,30.0,30.0,30.0,30.0,1.0,1.0,24.36,,-49.0,4.0,17.445,78.35,7.9,1631812500712.0,232898.0,232898.0,1631812500712.0,33.01,37.717,939.509,0.0,1313.0,575.0,2112.0,1564.0,937.0,0.0,6.876,6.313,7.039,7.071,43.785,50.043,50.369,50.43,50.446,0.599,0.032,0.0,-0.048,512.0,0.0,64768.0,52.481,50.443,63.118,55.827,0.699,3964.0,84.0,30.0,30.0,30.0,30.0,30.0,30.0,30.0,30.0,120.0,30.0,30.0,1.0,1.0,1631812506974.0,17.445,78.35,7.9,78.875,49.593,44.351,0.079,0.747,0.0,58.2,1.898,4.745,1.65,4.126,1.0
294,2021-09-16 22:48:00,1,1,0.0,33.04,37.631,939.473,51.155,49.653,54.468,578.0,1575.0,2120.0,943.0,-0.032,0.0,0.016,65024.0,0.0,256.0,55.574,0.722,28.035,32.035,32.239,32.277,32.288,4.041,4.397,4.497,4.517,0.614,0.0,1593.0,0.0,84.0,3951.0,30.0,30.0,30.0,30.0,120.0,30.0,30.0,30.0,30.0,30.0,30.0,1.0,1.0,24.36,,-49.0,4.0,17.445,78.35,7.9,1631812733759.0,232900.0,232900.0,1631812733759.0,33.04,37.631,939.473,0.0,1593.0,578.0,2120.0,1575.0,943.0,0.0,4.397,4.041,4.497,4.517,28.035,32.035,32.239,32.277,32.288,0.614,-0.032,0.0,0.016,65024.0,0.0,256.0,51.155,49.653,54.468,55.574,0.722,3951.0,84.0,30.0,30.0,30.0,30.0,30.0,30.0,30.0,30.0,120.0,30.0,30.0,1.0,1.0,1631812735638.0,17.445,78.35,7.9,78.24,49.944,44.339,0.078,0.651,0.0,58.4,1.213,3.034,1.055,2.638,1.0
299,2021-09-16 22:53:00,1,1,0.46,33.09,40.692,939.547,51.836,45.998,61.765,548.0,1467.0,2039.0,911.0,0.0,0.0,-0.048,0.0,0.0,64768.0,58.688,0.218,62.073,70.892,71.318,71.397,71.42,8.938,10.202,10.442,10.485,0.586,0.0,1124.0,0.0,83.0,3952.0,30.0,30.0,30.0,30.0,120.0,30.0,30.0,30.0,30.0,30.0,30.0,1.0,1.0,24.36,,-49.0,4.0,17.445,78.35,7.9,1631812984797.0,232904.0,232904.0,1631812984797.0,33.09,40.692,939.547,0.0,1124.0,548.0,2039.0,1467.0,911.0,0.0,10.202,8.938,10.442,10.485,62.073,70.892,71.318,71.397,71.42,0.586,0.0,0.0,-0.048,0.0,0.0,64768.0,51.836,45.998,61.765,58.688,0.218,3952.0,83.0,30.0,30.0,30.0,30.0,30.0,30.0,30.0,30.0,120.0,30.0,30.0,1.0,1.0,1631812986451.0,17.445,78.35,7.9,82.755,46.521,44.241,0.083,0.823,0.0,55.6,2.816,7.039,2.448,6.121,1.0
