Epoch date,GMT,PM2.5_mega_ppb,PM10_mega_ppb
1623924154,17-06-2021 10:02,1.555773735,1.555774808
1623924185,17-06-2021 10:03,1.922855735,1.926610708
1623924216,17-06-2021 10:03,1.813429475,1.815759659
1623924247,17-06-2021 10:04,2.281676769,2.281903982
1623924316,17-06-2021 10:05,1.607649565,1.607650638
1623924376,17-06-2021 10:06,1.84825778,1.868417263
1623924407,17-06-2021 10:06,1.599278092,1.617939591
1623924438,17-06-2021 10:07,1.700957894,1.720457077
1623924469,17-06-2021 10:07,2.049376488,2.069506407
1623924500,17-06-2021 10:08,2.683787107,2.715683937
1623924531,17-06-2021 10:08,1.568546772,1.587931752
1623924562,17-06-2021 10:09,2.175204277,2.205764294
1623924593,17-06-2021 10:09,2.449743509,2.494847536
1623924624,17-06-2021 10:10,1.813586831,1.849970341
1623924689,17-06-2021 10:11,2.227211237,2.28147006
1623924720,17-06-2021 10:12,1.839380026,1.881843686
1623924839,17-06-2021 10:13,1.881905198,1.927796721
1623925195,17-06-2021 10:19,2.139127493,2.228465557
1623925534,17-06-2021 10:25,2.162234545,2.203167439
1623925824,17-06-2021 10:30,2.100429058,2.120851755
1623925896,17-06-2021 10:31,2.339530945,2.350702286
1623925927,17-06-2021 10:32,1.648234963,1.659093738
1623926179,17-06-2021 10:36,1.946904659,1.949327826
1623926950,17-06-2021 10:49,2.060777903,2.13843751
1623926983,17-06-2021 10:49,2.877612114,2.979834318
1623927014,17-06-2021 10:50,3.058177233,3.176211119
1623927045,17-06-2021 10:50,2.928924561,3.03148222
1623927076,17-06-2021 10:51,2.691820621,2.784846306
1623927139,17-06-2021 10:52,2.638040304,2.733150959
1623927170,17-06-2021 10:52,2.382122755,2.478645563
1623927201,17-06-2021 10:53,2.48708868,2.590070963
1623927232,17-06-2021 10:53,2.623916864,2.728117228
1623927263,17-06-2021 10:54,2.081388712,2.161005735
1623927294,17-06-2021 10:54,2.332727671,2.414167404
1623927325,17-06-2021 10:55,2.119705677,2.185294867
1623927356,17-06-2021 10:55,2.303438902,2.37994647
1623927387,17-06-2021 10:56,2.549229622,2.597737312
1623927576,17-06-2021 10:59,2.721877337,2.742205381
1623927608,17-06-2021 11:00,2.605643511,2.670938253
1623927811,17-06-2021 11:03,2.464478493,2.589805603
1623928255,17-06-2021 11:10,2.760555744,2.846135378
1623928611,17-06-2021 11:16,2.951688051,3.131250858
1623928780,17-06-2021 11:19,3.463385582,3.646416903
1623929337,17-06-2021 11:28,3.261103153,3.387100458
1623929816,17-06-2021 11:36,3.766648769,3.916071415
1623930247,17-06-2021 11:44,3.292109966,3.414942026
1623930666,17-06-2021 11:51,3.327765226,3.524506569
1623930889,17-06-2021 11:54,3.399905682,3.630831242
1623931326,17-06-2021 12:02,3.75459981,3.871342421
1623931843,17-06-2021 12:10,3.563626766,3.626243353
1623932611,17-06-2021 12:23,3.456281185,3.598535776
1623933010,17-06-2021 12:30,3.925734043,4.029002666
1623933406,17-06-2021 12:36,3.747362137,3.80236721
1623933826,17-06-2021 12:43,3.773337364,3.93231082
1623934178,17-06-2021 12:49,3.545522213,3.728882551
1623934955,17-06-2021 13:02,3.629208803,3.796808004
1623935160,17-06-2021 13:06,3.845659256,3.986149073
1623935318,17-06-2021 13:08,3.818693161,3.903708458
1623935502,17-06-2021 13:11,3.719954491,3.907068491
1623935909,17-06-2021 13:18,3.680150986,3.872861624
1623936340,17-06-2021 13:25,3.884608984,4.079810619
1623936763,17-06-2021 13:32,3.407384396,3.574665308
1623937171,17-06-2021 13:39,3.379257202,3.449347734
1623937659,17-06-2021 13:47,3.240803242,3.316274881
1623938319,17-06-2021 13:58,4.077437878,4.193166733
1623938744,17-06-2021 14:05,4.212407589,4.411093712
1623939183,17-06-2021 14:13,3.827082396,3.987622499
1623939599,17-06-2021 14:19,4.319335461,4.517187595
1623939999,17-06-2021 14:26,4.030865669,4.265802383
1623940423,17-06-2021 14:33,4.129803181,4.409408569
1623940821,17-06-2021 14:40,3.967487812,4.116034508
1623941397,17-06-2021 14:49,4.158397198,4.352796555
1623941598,17-06-2021 14:53,3.953781605,4.138266563
1623941844,17-06-2021 14:57,3.988623381,4.118293762
1623942178,17-06-2021 15:02,3.959346294,4.08214283
1623942658,17-06-2021 15:10,3.706828117,3.862089396
1623943156,17-06-2021 15:19,4.231119156,4.369730949
1623943393,17-06-2021 15:23,4.585354805,4.686079502
1623943825,17-06-2021 15:30,3.762954473,3.950309277
1623944386,17-06-2021 15:39,4.7740798,5.006054401
1623944934,17-06-2021 15:48,4.303421974,4.304446697
1623945537,17-06-2021 15:58,4.72520256,4.974941254
1623946229,17-06-2021 16:10,4.361821175,4.448476315
1623946630,17-06-2021 16:17,4.223323345,4.440155506
1623947053,17-06-2021 16:24,3.673134804,3.847205877
1623947482,17-06-2021 16:31,4.826406479,5.090211391
1623947853,17-06-2021 16:37,4.428658485,4.686366558
1623947884,17-06-2021 16:38,4.452111244,4.691410542
1623947957,17-06-2021 16:39,4.390651226,4.647382259
1623948085,17-06-2021 16:41,4.624757767,4.962973118
1623948274,17-06-2021 16:44,4.124310493,4.265949726
1623948512,17-06-2021 16:48,4.18032217,4.361590385
1623948693,17-06-2021 16:51,3.766689301,3.921048403
1623948861,17-06-2021 16:54,4.388540268,4.572539806
1623949115,17-06-2021 16:58,3.962297916,4.090394974
1623949377,17-06-2021 17:02,4.082886696,4.223864555
1623949517,17-06-2021 17:05,3.547005892,3.653141737
1623949752,17-06-2021 17:09,3.730053663,3.853127718
1623949935,17-06-2021 17:12,3.469524145,3.600463867
1623950185,17-06-2021 17:16,3.711312771,3.83529377
1623950371,17-06-2021 17:19,3.522763491,3.617612123
1623950574,17-06-2021 17:22,3.220084906,3.359334707
1623950755,17-06-2021 17:25,3.738787413,3.843598366
1623950975,17-06-2021 17:29,3.517898321,3.640418053
1623951155,17-06-2021 17:32,3.405378103,3.490576506
1623951328,17-06-2021 17:35,3.222887516,3.349626064
1623951551,17-06-2021 17:39,3.4696455,3.641669989
1623951763,17-06-2021 17:42,3.445606232,3.724419355
1623951948,17-06-2021 17:45,8.246212959,9.20165062
1623952216,17-06-2021 17:50,17.51437569,20.16013718
1623952303,17-06-2021 17:51,18.77815819,21.99846458
1623952452,17-06-2021 17:54,43.60779572,52.6511116
1623953009,17-06-2021 18:03,30.77074432,38.60187912
1623953215,17-06-2021 18:06,28.24475479,34.69690704
1623953470,17-06-2021 18:11,27.13404465,33.73201752
1623953656,17-06-2021 18:14,26.97543526,33.93395233
1623953861,17-06-2021 18:17,26.95035744,33.44880676
1623954112,17-06-2021 18:21,28.04636192,35.20359421
1623954297,17-06-2021 18:24,82.99889374,102.8022232
1623954523,17-06-2021 18:28,80.29146576,101.4869156
1623954740,17-06-2021 18:32,103.0417862,131.1625824
1623954934,17-06-2021 18:35,76.65287781,94.68962097
1623955164,17-06-2021 18:39,76.75621033,96.81018066
1623955354,17-06-2021 18:42,74.64544678,95.49440765
1623955550,17-06-2021 18:45,65.82932281,82.8657074
1623955581,17-06-2021 18:46,64.24160767,80.40124512
1623955614,17-06-2021 18:46,66.03108978,80.97273254
1623955648,17-06-2021 18:47,63.46298218,79.13996887
1623955886,17-06-2021 18:51,62.07525635,78.02793121
1623956133,17-06-2021 18:55,55.35031891,68.77388
1623956427,17-06-2021 19:00,51.7022438,64.77571869
1623956614,17-06-2021 19:03,49.72157288,63.25598907
1623957095,17-06-2021 19:11,46.65663147,59.395401
1623957354,17-06-2021 19:15,39.13784409,48.95789719
1623957600,17-06-2021 19:20,33.63247299,40.26261139
1623957813,17-06-2021 19:23,35.19270325,44.00895309
1623958001,17-06-2021 19:26,33.53343964,41.16809845
1623958216,17-06-2021 19:30,31.36090469,39.5728302
1623958431,17-06-2021 19:33,29.095047,36.02021408
1623958637,17-06-2021 19:37,27.15174484,32.95142746
1623958839,17-06-2021 19:40,29.1735096,37.04132843
1623959073,17-06-2021 19:44,22.30218506,27.25375175
1623959248,17-06-2021 19:47,20.78626633,24.6501236
1623959436,17-06-2021 19:50,23.20727539,28.69910431
1623959634,17-06-2021 19:53,22.07388687,26.95608521
1623959840,17-06-2021 19:57,22.52254677,28.50150681
1623960008,17-06-2021 20:00,19.53059959,24.49048996
1623960227,17-06-2021 20:03,19.75917625,24.06334496
1623960441,17-06-2021 20:07,17.641222,21.53500938
1623960641,17-06-2021 20:10,17.92720604,22.65788269
1623960698,17-06-2021 20:11,17.11851311,21.28963661
1623960732,17-06-2021 20:12,17.3854599,21.16957092
1623960819,17-06-2021 20:13,15.55584431,18.95480156
1623960908,17-06-2021 20:15,16.12392044,19.49580193
1623961053,17-06-2021 20:17,15.77910995,18.90721512
1623961389,17-06-2021 20:23,14.55754852,17.9273777
1623961827,17-06-2021 20:30,14.28553772,17.63631821
1623962199,17-06-2021 20:36,14.99189281,18.40831947
1623962456,17-06-2021 20:40,13.6187191,16.70546722
1623963243,17-06-2021 20:54,13.25055122,15.96392059
1623963688,17-06-2021 21:01,11.78155994,13.82773113
1623964287,17-06-2021 21:11,12.09322262,14.884552
1623964665,17-06-2021 21:17,11.26243496,13.49588013
1623965073,17-06-2021 21:24,11.97700214,14.68572807
1623965254,17-06-2021 21:27,11.68605328,14.22891808
1623965496,17-06-2021 21:31,11.09884548,13.28977203
1623965916,17-06-2021 21:38,10.43547249,12.20915413
1623966278,17-06-2021 21:44,10.0077467,11.8525629
1623966812,17-06-2021 21:53,10.39747334,12.50939083
1623967265,17-06-2021 22:01,9.77094841,11.66212177
1623967628,17-06-2021 22:07,9.747860909,11.74805927
1623967902,17-06-2021 22:11,8.904644966,10.82026958
1623968257,17-06-2021 22:17,8.77943325,10.65278721
1623968479,17-06-2021 22:21,8.958120346,10.93326187
1623968674,17-06-2021 22:24,7.836188793,9.235365868
1623969058,17-06-2021 22:30,9.445544243,11.38492203
1623969408,17-06-2021 22:36,8.211201668,9.975801468
1623970044,17-06-2021 22:47,8.299305916,10.10732555
1623970459,17-06-2021 22:54,9.65076828,11.74035835
1623970867,17-06-2021 23:01,8.123211861,9.874965668
1623971257,17-06-2021 23:07,8.890226364,10.98213959
1623971666,17-06-2021 23:14,8.052021027,9.640170097
1623972112,17-06-2021 23:21,8.679039955,10.71965885
1623972749,17-06-2021 23:32,7.730473042,9.383640289
1623973269,17-06-2021 23:41,9.529237747,11.74011517
1623973928,17-06-2021 23:52,9.518525124,11.92521572
1623974644,18-06-2021 00:04,8.115834236,10.21905422
1623975214,18-06-2021 00:13,9.283351898,11.62522888
1623975634,18-06-2021 00:20,8.437705994,10.53342056
1623975679,18-06-2021 00:21,7.775783062,9.73035717
1623975775,18-06-2021 00:22,8.894849777,11.20733929
1623976035,18-06-2021 00:27,9.415190697,11.80794239
1623976434,18-06-2021 00:33,8.670337677,10.5558424
1623976850,18-06-2021 00:40,8.438445091,10.42678261
1623977269,18-06-2021 00:47,9.774720192,12.43728638
1623977651,18-06-2021 00:54,9.65143013,11.8924017
1623978258,18-06-2021 01:04,10.17775249,13.16326523
1623978697,18-06-2021 01:11,8.597722054,10.82090473
1623979068,18-06-2021 01:17,9.328715324,11.68798828
1624003043,18-06-2021 07:57,4.961259365,5.520423889
1624003091,18-06-2021 07:58,4.873613834,5.393035412
1624003153,18-06-2021 07:59,5.426196575,6.034000874
1624077887,19-06-2021 04:44,6.164739132,8.069717407
1624077918,19-06-2021 04:45,5.28931427,6.652701855
1624077949,19-06-2021 04:45,5.4544487,6.818166256
1624077981,19-06-2021 04:46,5.077159882,6.217049599
1624078036,19-06-2021 04:47,4.502829075,5.452415466
1624078107,19-06-2021 04:48,4.783348083,5.543313026
1624078198,19-06-2021 04:49,4.035646439,4.552201271
1624078489,19-06-2021 04:54,3.991134644,4.556967258
1624078841,19-06-2021 05:00,4.091769218,4.553929329
1624079242,19-06-2021 05:07,3.553547859,3.898308992
1624079858,19-06-2021 05:17,3.780063152,4.09469986
1624080151,19-06-2021 05:22,3.483490229,3.70740509
1624080151,19-06-2021 05:22,3.483490229,3.70740509
1624080182,19-06-2021 05:23,3.511842966,3.712336302
1624080251,19-06-2021 05:24,3.512847185,3.663879395
1624080495,19-06-2021 05:28,3.234621525,3.456207991
1624080894,19-06-2021 05:34,3.155837536,3.286474228
1624081145,19-06-2021 05:39,3.455433846,3.62955761
1624081527,19-06-2021 05:45,3.039197445,3.17921257
1624082089,19-06-2021 05:54,3.704666853,3.704669237
1624082120,19-06-2021 05:55,3.293382406,3.293384552
1624082490,19-06-2021 06:01,2.942961693,2.9429636
1624082777,19-06-2021 06:06,2.933783293,2.9337852
1624083114,19-06-2021 06:11,3.049444199,3.097996235
1624083437,19-06-2021 06:17,3.188378572,3.206554651
1624083738,19-06-2021 06:22,2.95643115,2.990864754
1624084352,19-06-2021 06:32,2.498452187,2.498453856
1624084805,19-06-2021 06:40,3.071611881,3.071613789
1624085168,19-06-2021 06:46,2.614143848,2.614145517
1624085621,19-06-2021 06:53,3.117774725,3.197019577
1624085977,19-06-2021 06:59,2.677505255,2.725525141
1624086363,19-06-2021 07:06,2.709516287,2.794471264
1624086773,19-06-2021 07:12,2.941368818,3.027720213
1624087383,19-06-2021 07:23,3.21955657,3.369563341
1624088219,19-06-2021 07:36,3.239561081,3.374203205
1624088634,19-06-2021 07:43,3.030504465,3.082025766
1624088732,19-06-2021 07:45,2.581907272,2.658041239
1624088809,19-06-2021 07:46,2.521712303,2.602013826
1624089140,19-06-2021 07:52,2.311670303,2.356584311
1624089487,19-06-2021 07:58,2.575291634,2.575293303
1624089846,19-06-2021 08:04,2.81825161,2.818253517
1624090146,19-06-2021 08:09,2.738585234,2.835735321
1624090490,19-06-2021 08:14,2.905004263,3.001139402
1624090956,19-06-2021 08:22,3.020423889,3.162652493
1624091338,19-06-2021 08:28,2.569236517,2.687502146
1624091746,19-06-2021 08:35,3.32896328,3.508631945
1624092134,19-06-2021 08:42,3.065545321,3.211983681
1624092347,19-06-2021 08:45,3.480918646,3.637605429
1624092496,19-06-2021 08:48,3.470360994,3.654159307
1624092726,19-06-2021 08:52,2.878922462,3.0258255
1624093251,19-06-2021 09:00,2.9573946,2.978954792
1624093362,19-06-2021 09:02,3.094617844,3.224501133
1624094103,19-06-2021 09:15,3.289239645,3.435420513
1624094567,19-06-2021 09:22,2.814200878,2.954441547
1624095029,19-06-2021 09:30,3.351677418,3.463166475
1624095729,19-06-2021 09:42,3.010567665,3.151608229
1624096241,19-06-2021 09:50,3.127660513,3.299482346
1624096501,19-06-2021 09:55,3.028303385,3.212148905
1624096671,19-06-2021 09:57,2.969593763,3.10277915
1624097034,19-06-2021 10:03,2.583846092,2.727716446
1624097994,19-06-2021 10:19,2.821995974,2.936159611
1624098311,19-06-2021 10:25,3.576927423,3.771815062
1624098417,19-06-2021 10:26,3.301295996,3.403405905
1624098874,19-06-2021 10:34,3.61595583,3.793201685
1624099478,19-06-2021 10:44,3.475046873,3.623511791
1624100181,19-06-2021 10:56,3.437264204,3.520575047
1624100750,19-06-2021 11:05,4.260569096,4.520116806
1624101530,19-06-2021 11:18,4.961194038,5.094295979
1624102349,19-06-2021 11:32,4.069811821,4.202235699
1624103302,19-06-2021 11:48,4.42851162,4.576293468
1624103559,19-06-2021 11:52,4.236263275,4.422126293
1624104487,19-06-2021 12:08,5.126204491,5.246588707
1624105089,19-06-2021 12:18,4.886668205,4.987716198
1624105787,19-06-2021 12:29,4.81313324,4.919320107
1624106386,19-06-2021 12:39,5.923980236,6.220407963
1624106764,19-06-2021 12:46,4.638090134,4.738042831
1624107322,19-06-2021 12:55,4.851212025,4.982342243
1624107998,19-06-2021 13:06,5.439630032,5.54809761
1624108677,19-06-2021 13:17,5.733905792,5.77540493
1624109069,19-06-2021 13:24,5.703766823,5.849459648
1624109468,19-06-2021 13:31,5.435782909,5.437861919
1624109863,19-06-2021 13:37,5.926473141,6.043211937
1624110268,19-06-2021 13:44,6.70367384,6.99903059
1624110660,19-06-2021 13:51,5.917613506,6.075423717
1624111096,19-06-2021 13:58,5.472099304,5.561860561
1624111504,19-06-2021 14:05,5.801130295,5.911710262
1624111872,19-06-2021 14:11,5.610346317,5.626533031
1624112304,19-06-2021 14:18,6.589082718,6.868561268
1624112657,19-06-2021 14:24,7.316473961,7.47431469
1624113356,19-06-2021 14:35,7.327020168,7.607553482
1624113765,19-06-2021 14:42,6.41835022,6.522270679
1624114128,19-06-2021 14:48,6.780986786,7.054030418
1624114529,19-06-2021 14:55,5.746558189,5.881009102
1624114952,19-06-2021 15:02,6.307505131,6.484475613
1624115270,19-06-2021 15:07,5.904122353,5.904126167
1624115703,19-06-2021 15:15,6.400036812,6.516111374
1624116098,19-06-2021 15:21,5.599176884,5.698548794
1624116518,19-06-2021 15:28,5.17031002,5.260139465
1624116897,19-06-2021 15:34,5.694755554,5.791330814
1624116932,19-06-2021 15:35,5.513868332,5.618579388
1624117217,19-06-2021 15:40,5.476942539,5.626195431
1624117601,19-06-2021 15:46,5.994954586,6.0408988
1624117970,19-06-2021 15:52,5.511694908,5.652876854
1624118598,19-06-2021 16:03,5.468482971,5.544352055
1624118911,19-06-2021 16:08,5.682296276,5.801555634
1624119819,19-06-2021 16:23,5.671003819,5.903392315
1624120204,19-06-2021 16:30,4.677630901,4.767827988
1624120613,19-06-2021 16:36,4.955761909,5.018283844
1624121035,19-06-2021 16:43,5.606953144,5.645474911
1624121139,19-06-2021 16:45,5.315291405,5.361827374
1624121365,19-06-2021 16:49,5.388361454,5.536074638
1624121614,19-06-2021 16:53,4.569272518,4.591070652
1624121801,19-06-2021 16:56,5.300709248,5.433190346
1624122011,19-06-2021 17:00,4.056240559,4.122654915
1624122177,19-06-2021 17:02,4.934408188,5.022780895
1624122471,19-06-2021 17:07,4.759912491,4.882625103
1624122813,19-06-2021 17:13,4.228264332,4.247219086
1624123426,19-06-2021 17:23,4.166249752,4.243394375
1624123880,19-06-2021 17:31,4.721237183,4.831516743
1624124363,19-06-2021 17:39,3.667370319,3.69293642
1624124849,19-06-2021 17:47,3.719726086,3.807516098
1624125078,19-06-2021 17:51,4.162307262,4.167716503
1624126073,19-06-2021 18:07,4.467677116,4.50652647
1624126488,19-06-2021 18:14,4.227984905,4.342968464
1624127436,19-06-2021 18:30,4.314059734,4.363232613
1624127828,19-06-2021 18:37,3.999601364,3.999614239
1624128343,19-06-2021 18:45,4.108880997,4.275228024
1624128957,19-06-2021 18:55,4.693685055,4.839063168
1624129959,19-06-2021 19:12,4.036759377,4.11968708
1624130631,19-06-2021 19:23,4.100916386,4.142068386
1624131128,19-06-2021 19:32,3.426702976,3.50801158
1624131460,19-06-2021 19:37,3.746264696,3.901288748
1624132197,19-06-2021 19:49,3.937738895,4.089110851
1624133124,19-06-2021 20:05,3.470428467,3.714996576
1624135763,19-06-2021 20:49,4.20110321,4.510869503
1624136482,19-06-2021 21:01,4.651463032,4.987642765
1624137214,19-06-2021 21:13,4.219613075,4.5163908
1624138080,19-06-2021 21:28,4.268361568,4.585095406
1624138111,19-06-2021 21:28,4.250047684,4.57889986
1624138400,19-06-2021 21:33,4.092249393,4.345373154
1624139124,19-06-2021 21:45,4.630653381,5.011874676
1624139863,19-06-2021 21:57,3.77943325,4.128858566
1624142381,19-06-2021 22:39,4.433824539,4.872102737
1624145069,19-06-2021 23:24,5.071267128,5.840557575
1624147477,20-06-2021 00:04,5.732258797,6.586300373
1624150414,20-06-2021 00:53,5.990504742,7.348167896
1624151082,20-06-2021 01:04,6.61796093,8.023913383
1624151761,20-06-2021 01:16,5.214761734,6.095713139
1624152191,20-06-2021 01:23,5.478863716,6.353306293
1624155450,20-06-2021 02:17,5.202515125,5.999820709
1624156090,20-06-2021 02:28,6.237306118,7.398840904
1624156799,20-06-2021 02:39,6.137928486,7.469415665
1624157369,20-06-2021 02:49,6.492574215,7.948723793
1624160486,20-06-2021 03:41,8.021627426,9.984825134
1624161169,20-06-2021 03:52,8.191882133,10.31716728
1624161685,20-06-2021 04:01,7.719436646,10.04685497
1624162465,20-06-2021 04:14,8.386322021,10.50322151
1624164388,20-06-2021 04:46,9.310738564,11.83594704
1624165001,20-06-2021 04:56,8.147587776,10.09902382
1624165722,20-06-2021 05:08,8.120065689,10.02842999
1624166377,20-06-2021 05:19,9.945414543,12.63758087
1624166806,20-06-2021 05:26,8.954503059,10.88877964
1624339205,22-06-2021 05:20,9.011776924,10.03203106
1624339236,22-06-2021 05:20,9.023133278,10.43550682
1624339267,22-06-2021 05:21,10.40882206,12.42729282
1624339311,22-06-2021 05:21,10.69781494,13.01142788
1624339401,22-06-2021 05:23,10.43551445,12.539814
1624339431,22-06-2021 05:23,9.589546204,11.43076324
1624339462,22-06-2021 05:24,10.00746822,12.00204277
1624339497,22-06-2021 05:24,10.96230507,13.3926506
1624339729,22-06-2021 05:28,10.42313766,12.81418228
1624339975,22-06-2021 05:32,9.442625046,11.3870554
1624340253,22-06-2021 05:37,12.03162193,15.18710136
1624340595,22-06-2021 05:43,10.44296265,12.86138535
1624340945,22-06-2021 05:49,10.77786446,13.30151176
1624341535,22-06-2021 05:58,9.751718521,11.97087765
1624341766,22-06-2021 06:02,11.0041914,13.61869526
1624342258,22-06-2021 06:10,9.86130619,11.93142223
1624342626,22-06-2021 06:17,11.97640991,15.07993889
1624343016,22-06-2021 06:23,10.48467159,13.14668083
1624343355,22-06-2021 06:29,9.930423737,12.45773983
1624343836,22-06-2021 06:37,11.95164108,15.20215702
1624343867,22-06-2021 06:37,10.72625732,13.64007282
1624343898,22-06-2021 06:38,11.26721096,14.37722874
1624343997,22-06-2021 06:39,10.57999897,13.41506004
1624344201,22-06-2021 06:43,12.04608917,15.34705639
1624344614,22-06-2021 06:50,12.12598038,15.43658161
1624344981,22-06-2021 06:56,12.22580338,15.51308918
1624345388,22-06-2021 07:03,11.78921509,15.43966007
1624345781,22-06-2021 07:09,13.34003544,17.29217529
1624346114,22-06-2021 07:15,13.18962193,17.15707588
1624346754,22-06-2021 07:25,14.32452202,18.94173431
1624347377,22-06-2021 07:36,13.48542881,17.41935158
1624347674,22-06-2021 07:41,12.82555294,16.6361866
1624348156,22-06-2021 07:49,13.90255547,17.71569633
1624348634,22-06-2021 07:57,11.94852066,14.89860916
1624349090,22-06-2021 08:04,12.76781273,16.1546917
1624349716,22-06-2021 08:15,12.92176247,16.49720955
1624350125,22-06-2021 08:22,14.01666355,18.44221687
1624350489,22-06-2021 08:28,11.61662865,14.67062759
1624350892,22-06-2021 08:34,11.01718998,13.84334183
1624351201,22-06-2021 08:40,12.58284378,15.72027111
1624351501,22-06-2021 08:45,13.28442478,17.13904572
1624353659,22-06-2021 09:20,8.844038963,10.47997952
1624353690,22-06-2021 09:21,8.669951439,10.32955647
1624353753,22-06-2021 09:22,9.552839279,11.49504757
1624353851,22-06-2021 09:24,9.207779884,10.80345249
1624354044,22-06-2021 09:27,8.834609985,10.38540745
1624354700,22-06-2021 09:38,8.701813698,10.20047092
1624355319,22-06-2021 09:48,9.0753088,10.92571735
1624356445,22-06-2021 10:07,8.227962494,9.801590919
1624357735,22-06-2021 10:28,7.79484129,8.732883453
1624358190,22-06-2021 10:36,7.293558598,8.29997921
1624358638,22-06-2021 10:43,7.370858669,8.409574509
1624359080,22-06-2021 10:51,8.259649277,9.37564373
1624359355,22-06-2021 10:55,7.707149982,9.048262596
1624360102,22-06-2021 11:08,14.91821098,15.26441383
1624360313,22-06-2021 11:11,14.38867474,14.49549198
1624360547,22-06-2021 11:15,13.52480888,13.88597012
1624360759,22-06-2021 11:19,13.55770779,14.24874401
1624360929,22-06-2021 11:22,12.08434296,12.61307621
1624361110,22-06-2021 11:25,11.62398529,12.4099617
1624361375,22-06-2021 11:29,10.68726826,11.50273037
1624361771,22-06-2021 11:36,9.972741127,10.82252693
1624362959,22-06-2021 11:55,9.687355042,10.74754047
1624363678,22-06-2021 12:07,8.931120872,9.824759483
1624364045,22-06-2021 12:14,8.708616257,9.623247147
1624364453,22-06-2021 12:20,8.795132637,9.569203377
1624364845,22-06-2021 12:27,8.27986908,8.982934952
1624365304,22-06-2021 12:35,8.534543991,9.374750137
1624365832,22-06-2021 12:43,9.00709343,10.06168652
1624366497,22-06-2021 12:54,8.954852104,9.981904984
1624367117,22-06-2021 13:05,8.639574051,9.53993988
1624367383,22-06-2021 13:09,7.52331543,8.330955505
1624367450,22-06-2021 13:10,8.204274178,8.997302055
1624368137,22-06-2021 13:22,8.108353615,8.964063644
1624368565,22-06-2021 13:29,8.437829971,9.227024078
1624368964,22-06-2021 13:36,9.113306046,10.0484972
1624369293,22-06-2021 13:41,8.302256584,8.985283852
1624369854,22-06-2021 13:50,8.256842613,9.202396393
1624370459,22-06-2021 14:00,8.164553642,9.155575752
1624371173,22-06-2021 14:12,8.444041252,9.161077499
1624371730,22-06-2021 14:22,9.310721397,10.31232262
1624372075,22-06-2021 14:27,8.230870247,9.000736237
1624372498,22-06-2021 14:34,8.374661446,9.069735527
1624372875,22-06-2021 14:41,8.074391365,8.899453163
1624373211,22-06-2021 14:46,7.702571869,8.227733612
1624373613,22-06-2021 14:53,9.001625061,10.09175587
1624375159,22-06-2021 15:19,8.485053062,9.316615105
1624375196,22-06-2021 15:19,8.932665825,9.841170311
1624375522,22-06-2021 15:25,8.171689034,8.76649189
1624375525,22-06-2021 15:25,8.171689034,8.76649189
1624375919,22-06-2021 15:31,8.49430275,8.91853714
1624376284,22-06-2021 15:38,8.942923546,9.522447586
1624376647,22-06-2021 15:44,10.69641972,12.12320518
1624376965,22-06-2021 15:49,9.598061562,10.453825
1624377667,22-06-2021 16:01,9.183075905,9.584148407
1624378075,22-06-2021 16:07,9.456890106,9.941665649
1624378490,22-06-2021 16:14,10.22124767,10.98363304
1624378885,22-06-2021 16:21,9.891077042,10.41997433
1624379298,22-06-2021 16:28,10.85456276,11.27388096
1624379743,22-06-2021 16:35,10.44248581,10.94587994
1624380240,22-06-2021 16:44,11.30442238,12.03306293
1624380768,22-06-2021 16:52,10.52927017,11.06364441
1624381361,22-06-2021 17:02,11.26487446,11.63075924
1624381754,22-06-2021 17:09,10.66000175,11.02126408
1624382143,22-06-2021 17:15,10.51530933,10.86147022
1624382548,22-06-2021 17:22,11.0665102,11.44682693
1624382880,22-06-2021 17:28,10.83701229,11.09089375
1624383208,22-06-2021 17:33,11.83330822,12.27603817
1624383703,22-06-2021 17:41,9.83038044,9.996969223
1624384095,22-06-2021 17:48,11.6766634,12.05932903
1624384497,22-06-2021 17:54,10.73474121,10.73832321
1624384872,22-06-2021 18:01,10.98875999,11.15158749
1624385249,22-06-2021 18:07,11.05288982,11.49785137
1624385651,22-06-2021 18:14,9.546869278,9.697564125
1624386040,22-06-2021 18:20,10.32004642,10.6690836
1624387149,22-06-2021 18:39,10.27985954,10.38705063
1624387635,22-06-2021 18:47,11.09087181,11.56835175
1624388060,22-06-2021 18:54,10.63544941,10.85595989
1624388453,22-06-2021 19:00,11.40835285,11.85533524
1624388749,22-06-2021 19:05,10.769804,11.10980511
1624388780,22-06-2021 19:06,10.78029633,11.06938839
1624388783,22-06-2021 19:06,10.78029633,11.06938839
1624388822,22-06-2021 19:07,11.27421379,11.61563778
1624388825,22-06-2021 19:07,11.21264839,11.50849819
1624388916,22-06-2021 19:08,10.36748219,10.40551376
1624389074,22-06-2021 19:11,10.05027485,10.52265167
1624389473,22-06-2021 19:17,10.46194744,10.9510355
1624389868,22-06-2021 19:24,11.6824646,12.44043255
1624390396,22-06-2021 19:33,10.62198257,10.9841938
1624390905,22-06-2021 19:41,9.680353165,10.07076931
1624391581,22-06-2021 19:53,10.73385715,11.22467518
1624392140,22-06-2021 20:02,9.907421112,10.31928253
1624392671,22-06-2021 20:11,9.761855125,9.788806915
1624392676,22-06-2021 20:11,9.761855125,9.788806915
1624393069,22-06-2021 20:17,10.61042881,11.16416645
1624393462,22-06-2021 20:24,10.0932188,10.62656498
1624393465,22-06-2021 20:24,10.0932188,10.62656498
1624393891,22-06-2021 20:31,9.830076218,10.18825626
1624393896,22-06-2021 20:31,10.20507622,10.56727695
1624394263,22-06-2021 20:37,9.944511414,10.47626591
1624394641,22-06-2021 20:44,9.776594162,10.19739819
1624395042,22-06-2021 20:50,9.030239105,9.376952171
1624395400,22-06-2021 20:56,9.450033188,9.791622162
1624396100,22-06-2021 21:08,9.750713348,10.30410767
1624396711,22-06-2021 21:18,9.310317993,9.612462044
1624397263,22-06-2021 21:27,8.939752579,9.369729996
1624397680,22-06-2021 21:34,9.265294075,9.732003212
1624398030,22-06-2021 21:40,8.729314804,9.383790016
1624398574,22-06-2021 21:49,8.72354126,9.306492805
1624399027,22-06-2021 21:57,8.888317108,9.55819416
1624399469,22-06-2021 22:04,8.947501183,9.151713371
1624400057,22-06-2021 22:14,8.101214409,8.645560265
1624400515,22-06-2021 22:21,8.877472878,9.84998703
1624401055,22-06-2021 22:30,8.785868645,9.551996231
1624401474,22-06-2021 22:37,9.307898521,10.23975658
1624401672,22-06-2021 22:41,9.513374329,10.53385448
1624401987,22-06-2021 22:46,9.341560364,10.12256622
1624402362,22-06-2021 22:52,9.901303291,10.97220802
1624402365,22-06-2021 22:52,9.901303291,10.97220802
1624402718,22-06-2021 22:58,9.152409554,10.03659153
1624403417,22-06-2021 23:10,9.192814827,9.987459183
1624403424,22-06-2021 23:10,9.192814827,9.987459183
1624403948,22-06-2021 23:19,9.16835022,10.31858063
1624404508,22-06-2021 23:28,8.821515083,9.948449135
1624405058,22-06-2021 23:37,8.343734741,9.173979759
1624405629,22-06-2021 23:47,8.165315628,9.038542747
1624407543,23-06-2021 00:19,9.72146225,11.08751965
1624408198,23-06-2021 00:29,8.279646873,9.231402397
1624408729,23-06-2021 00:38,8.195651054,9.198572159
1624409253,23-06-2021 00:47,8.319789886,8.923300743
1624409594,23-06-2021 00:53,8.16219902,9.101915359
1624409625,23-06-2021 00:53,8.633239746,9.803445816
1624409693,23-06-2021 00:54,8.121606827,9.020726204
1624409776,23-06-2021 00:56,9.043858528,10.05102921
1624410156,23-06-2021 01:02,9.308729172,10.45419121
1624410790,23-06-2021 01:13,8.567390442,9.608106613
1624411183,23-06-2021 01:19,9.882658958,11.11930847
1624411533,23-06-2021 01:25,8.21243,9.163376808
1624412058,23-06-2021 01:34,8.265584946,8.91317749
1624412396,23-06-2021 01:39,7.889712334,8.768169403
1624412751,23-06-2021 01:45,8.817617416,10.24010944
1624413136,23-06-2021 01:52,8.799721718,10.06061935
1624413514,23-06-2021 01:58,9.222709656,10.41004276
1624413902,23-06-2021 02:05,7.784646511,8.735178947
1624414468,23-06-2021 02:14,9.037402153,10.24318027
1624415134,23-06-2021 02:25,8.505589485,9.525539398
1624415749,23-06-2021 02:35,7.923413277,8.523600578
1624416129,23-06-2021 02:42,8.146194458,9.054545403
1624416507,23-06-2021 02:48,7.715362072,8.637032509
1624416931,23-06-2021 02:55,9.092918396,10.49262524
1624417299,23-06-2021 03:01,8.374915123,9.207148552
1624417664,23-06-2021 03:07,8.206337929,9.421723366
1624418156,23-06-2021 03:15,9.439295769,10.64064693
1624418651,23-06-2021 03:24,7.651799202,8.49937439
1624419254,23-06-2021 03:34,7.907624722,8.845917702
1624419672,23-06-2021 03:41,7.608259678,8.233359337
1624419678,23-06-2021 03:41,7.608259678,8.233359337
1624420005,23-06-2021 03:46,8.463001251,9.254992485
1624420365,23-06-2021 03:52,8.408574104,9.182162285
1624420369,23-06-2021 03:52,8.408574104,9.182162285
1624420720,23-06-2021 03:58,7.981432915,8.925045013
1624420723,23-06-2021 03:58,7.981432915,8.925045013
1624421051,23-06-2021 04:04,8.825766563,10.24303532
1624421057,23-06-2021 04:04,8.825766563,10.24303532
1624421464,23-06-2021 04:11,8.687131882,9.904807091
1624422177,23-06-2021 04:22,7.634316444,8.539281845
1624422670,23-06-2021 04:31,7.19863224,7.79175806
1624422677,23-06-2021 04:31,7.19863224,7.79175806
1624423144,23-06-2021 04:39,6.489418983,7.180302143
1624423147,23-06-2021 04:39,6.489418983,7.180302143
1624423880,23-06-2021 04:51,7.607323647,8.64894104
1624424046,23-06-2021 04:54,7.768988132,8.712327957
1624424471,23-06-2021 05:01,7.317050457,8.148324966
1624424958,23-06-2021 05:09,19.4903183,20.60148048
1624424961,23-06-2021 05:09,19.4903183,20.60148048
1624425342,23-06-2021 05:15,17.10729218,18.06146812
1624425347,23-06-2021 05:15,17.10729218,18.06146812
1624425524,23-06-2021 05:18,16.24477577,16.98529816
1624425526,23-06-2021 05:18,16.24477577,16.98529816
1624425735,23-06-2021 05:22,16.07109261,17.13990784
1624425738,23-06-2021 05:22,16.07109261,17.13990784
1624426160,23-06-2021 05:29,14.21300983,15.18319225
1624426165,23-06-2021 05:29,13.99472713,14.78037643
1624435621,23-06-2021 08:07,7.565742016,8.018988609
1624435653,23-06-2021 08:07,8.347612381,8.995519638
1624435684,23-06-2021 08:08,8.324806213,9.213503838
1624435715,23-06-2021 08:08,8.308299065,9.266609192
1624435746,23-06-2021 08:09,7.825566769,8.674082756
1624435777,23-06-2021 08:09,8.468414307,9.416674614
1624435808,23-06-2021 08:10,8.296791077,9.227444649
1624435839,23-06-2021 08:10,8.806625366,9.831729889
1624435870,23-06-2021 08:11,8.363138199,9.386034966
1624435901,23-06-2021 08:11,8.223072052,9.229413986
1624435932,23-06-2021 08:12,7.930947781,8.927026749
1624435963,23-06-2021 08:12,8.088858604,9.314506531
1624435994,23-06-2021 08:13,8.370377541,9.646354675
1624436025,23-06-2021 08:13,8.205114365,9.403697014
1624436056,23-06-2021 08:14,8.04353714,9.088284492
1624436321,23-06-2021 08:18,7.632361412,8.473093033
1624436584,23-06-2021 08:23,7.278496742,8.113589287
1624437008,23-06-2021 08:30,7.694056988,8.540241241
1624437159,23-06-2021 08:32,7.772233486,8.800343513
1624437228,23-06-2021 08:33,7.88945055,8.978060722
1624437335,23-06-2021 08:35,7.778510571,8.587651253
1624437645,23-06-2021 08:40,6.837934017,7.431778908
1624438065,23-06-2021 08:47,7.604314804,8.300146103
1624438367,23-06-2021 08:52,7.342291355,7.958559513
1624438701,23-06-2021 08:58,7.371481419,8.052989006
1624439128,23-06-2021 09:05,7.98995018,8.985376358
1624439390,23-06-2021 09:09,8.947435379,10.29134083
1624439789,23-06-2021 09:16,7.173772812,8.060454369
1624440152,23-06-2021 09:22,7.405572414,8.132728577
1624440296,23-06-2021 09:24,7.402759552,7.998330593
1624440332,23-06-2021 09:25,6.572428703,7.077911854
1624440796,23-06-2021 09:33,6.880822182,7.627555847
1624441218,23-06-2021 09:40,7.409902573,8.294232368
1624441731,23-06-2021 09:48,6.938780308,7.634880066
1624442019,23-06-2021 09:53,7.24049139,7.991580963
1624442693,23-06-2021 10:04,6.549813271,7.145318985
1624443083,23-06-2021 10:11,7.577706814,8.672300339
1624443852,23-06-2021 10:24,6.615798473,7.363359451
1624444025,23-06-2021 10:27,7.735585213,8.596592903
1624444281,23-06-2021 10:31,6.590994835,7.016068459
1624444706,23-06-2021 10:38,6.239508152,6.676530361
1624445213,23-06-2021 10:46,6.993957996,7.856292725
1624445695,23-06-2021 10:54,7.11062479,8.078763008
1624446668,23-06-2021 11:11,6.517910957,7.422928333
1624447126,23-06-2021 11:18,6.916949272,7.579919338
1624447513,23-06-2021 11:25,7.305271626,8.205189705
1624447969,23-06-2021 11:32,6.147907734,6.786437988
1624448421,23-06-2021 11:40,5.963521481,6.579193592
1624448827,23-06-2021 11:47,6.971477509,7.822783947
1624449183,23-06-2021 11:53,6.892872334,7.639326096
1624449809,23-06-2021 12:03,6.926900387,7.529229164
1624450076,23-06-2021 12:07,6.916475773,7.554541111
1624450732,23-06-2021 12:18,7.903433323,8.904179573
1624451161,23-06-2021 12:26,6.809735298,7.265737057
1624451521,23-06-2021 12:32,8.278443336,9.115046501
1624451922,23-06-2021 12:38,6.179737091,6.662290573
1624452321,23-06-2021 12:45,7.154815674,7.979798794
1624452765,23-06-2021 12:52,7.661448956,8.513849258
1624453304,23-06-2021 13:01,8.90255928,10.10744095
1624453748,23-06-2021 13:09,7.736041546,8.62557888
1624453785,23-06-2021 13:09,7.824795246,8.765527725
1624454096,23-06-2021 13:14,8.833543777,10.05144119
1624454499,23-06-2021 13:21,8.819159508,9.907600403
1624454864,23-06-2021 13:27,8.700000763,9.624081612
1624455282,23-06-2021 13:34,8.526990891,9.27712059
1624455642,23-06-2021 13:40,8.477065086,9.184941292
1624456110,23-06-2021 13:48,8.901395798,9.708661079
1624456785,23-06-2021 13:59,9.901879311,11.14099121
1624457492,23-06-2021 14:11,8.825565338,9.528348923
1624457857,23-06-2021 14:17,9.282996178,9.929592133
1624458316,23-06-2021 14:25,9.670704842,10.6773634
1624458748,23-06-2021 14:32,10.71876907,11.80963516
1624459144,23-06-2021 14:39,11.53886509,13.24459839
1624459638,23-06-2021 14:47,10.58211899,11.55720234
1624460183,23-06-2021 14:56,10.09427357,10.76407337
1624460586,23-06-2021 15:03,10.70110989,11.6720829
1624460987,23-06-2021 15:09,9.857967377,10.58215141
1624461356,23-06-2021 15:15,10.71087646,11.48501492
1624461739,23-06-2021 15:22,10.99293232,12.0532217
1624462296,23-06-2021 15:31,9.892681122,10.33144283
1624462965,23-06-2021 15:42,9.588871002,10.22240067
1624463463,23-06-2021 15:51,10.16340256,10.90882874
1624463943,23-06-2021 15:59,9.638894081,10.30340004
1624464353,23-06-2021 16:05,9.889939308,10.38786602
1624464714,23-06-2021 16:11,9.180274963,9.62874794
1624465144,23-06-2021 16:19,10.10512066,10.96753979
1624465481,23-06-2021 16:24,8.304897308,8.699837685
1624465999,23-06-2021 16:33,10.32091713,11.22454548
1624466397,23-06-2021 16:39,10.77477169,11.4068594
1624466822,23-06-2021 16:47,10.44434357,11.50019264
1624467252,23-06-2021 16:54,9.826972961,10.3209486
1624467639,23-06-2021 17:00,9.768893242,10.34821129
1624467808,23-06-2021 17:03,10.36539841,11.34451294
1624468013,23-06-2021 17:06,9.419757843,9.951505661
1624468394,23-06-2021 17:13,9.434799194,9.90927124
1624468802,23-06-2021 17:20,9.126885414,9.583465576
1624469210,23-06-2021 17:26,10.09678841,10.49452496
1624469581,23-06-2021 17:33,10.45469666,10.83999825
1624470186,23-06-2021 17:43,10.52513027,10.92481232
1624470585,23-06-2021 17:49,9.621442795,9.686788559
1624470992,23-06-2021 17:56,11.42471027,12.16955757
1624471311,23-06-2021 18:01,10.20870018,10.6082592
1624471314,23-06-2021 18:01,10.19993687,10.6082592
1624471646,23-06-2021 18:07,11.99298477,12.6848135
1624471993,23-06-2021 18:13,10.5784111,10.90119553
1624472429,23-06-2021 18:20,12.11401558,12.96517277
1624472885,23-06-2021 18:28,11.35898018,11.77499962
1624472893,23-06-2021 18:28,11.35898018,11.77499962
1624473256,23-06-2021 18:34,11.79030991,12.31002617
1624473259,23-06-2021 18:34,11.79030991,12.31002617
1624473585,23-06-2021 18:39,11.13453102,11.54236794
1624473588,23-06-2021 18:39,11.13453102,11.54236794
1624473978,23-06-2021 18:46,12.03201389,12.56042767
1624474358,23-06-2021 18:52,12.46818542,12.94116402
1624474937,23-06-2021 19:02,10.48403358,10.83036804
1624475429,23-06-2021 19:10,11.24173069,11.6029377
1624475960,23-06-2021 19:19,12.19271088,12.65797424
1624477146,23-06-2021 19:39,11.35967541,12.0472765
1624477740,23-06-2021 19:49,10.58157921,10.80592442
1624477746,23-06-2021 19:49,10.58157921,10.80592442
1624478300,23-06-2021 19:58,11.73891354,12.32876873
1624478306,23-06-2021 19:58,11.44783783,11.95847607
1624478957,23-06-2021 20:09,11.35450172,11.99263287
1624478964,23-06-2021 20:09,11.35450172,11.99263287
1624479518,23-06-2021 20:18,11.70504189,12.37013721
1624479522,23-06-2021 20:18,11.70504189,12.37013721
1624480006,23-06-2021 20:26,11.25024605,11.76983452
1624480008,23-06-2021 20:26,11.25024605,11.76983452
1624480540,23-06-2021 20:35,10.83741379,11.44705772
1624481024,23-06-2021 20:43,10.40551186,10.76610565
1624481027,23-06-2021 20:43,10.40551186,10.76610565
1624481623,23-06-2021 20:53,10.06107712,10.44778538
1624481628,23-06-2021 20:53,10.06107712,10.44778538
1624481990,23-06-2021 20:59,10.24045849,10.74539852
1624481996,23-06-2021 20:59,10.24045849,10.74539852
1624482386,23-06-2021 21:06,10.2517786,10.88708591
1624482389,23-06-2021 21:06,9.423551559,9.940755844
1624482762,23-06-2021 21:12,9.888832092,10.43782997
1624482768,23-06-2021 21:12,9.888832092,10.43782997
1624483114,23-06-2021 21:18,9.763314247,10.28941059
1624483117,23-06-2021 21:18,9.763314247,10.28941059
1624483411,23-06-2021 21:23,10.02434826,10.56102943
1624483417,23-06-2021 21:23,10.02434826,10.56102943
1624483961,23-06-2021 21:32,9.844442368,10.25676155
1624483967,23-06-2021 21:32,9.844442368,10.25676155
1624484413,23-06-2021 21:40,9.0834198,9.318261147
1624484416,23-06-2021 21:40,9.0834198,9.318261147
1624485027,23-06-2021 21:50,9.143245697,9.458568573
1624485035,23-06-2021 21:50,8.431845665,8.724421501
1624485588,23-06-2021 21:59,9.427872658,10.00022316
1624485591,23-06-2021 21:59,9.427872658,10.00022316
1624486060,23-06-2021 22:07,8.31302166,8.627660751
1624486065,23-06-2021 22:07,8.31302166,8.627660751
1624486433,23-06-2021 22:13,8.330273628,8.783349037
1624486439,23-06-2021 22:13,8.330273628,8.783349037
1624486807,23-06-2021 22:20,8.105661392,8.411287308
1624486810,23-06-2021 22:20,8.105661392,8.411287308
1624487170,23-06-2021 22:26,8.088041306,8.451496124
1624487175,23-06-2021 22:26,8.088041306,8.451496124
1624487521,23-06-2021 22:32,6.783735752,7.00592804
1624487524,23-06-2021 22:32,6.783735752,7.00592804
1624487900,23-06-2021 22:38,7.431285381,7.696360111
1624487907,23-06-2021 22:38,7.431285381,7.696360111
1624488354,23-06-2021 22:45,7.771776199,8.234646797
1624488359,23-06-2021 22:45,7.771776199,8.234646797
1624488817,23-06-2021 22:53,7.404855728,7.837813854
1624488821,23-06-2021 22:53,7.404855728,7.837813854
1624489346,23-06-2021 23:02,7.311700344,7.512125492
1624489353,23-06-2021 23:02,6.624446869,6.795073509
1624489380,23-06-2021 23:03,6.624446869,6.795073509
1624489383,23-06-2021 23:03,6.500398159,6.691340923
1624489476,23-06-2021 23:04,7.030740261,7.218578339
1624489479,23-06-2021 23:04,7.030740261,7.218578339
1624489597,23-06-2021 23:06,6.671530724,6.921307564
1624489600,23-06-2021 23:06,6.671530724,6.921307564
1624490201,23-06-2021 23:16,7.218409061,7.70663166
1624490203,23-06-2021 23:16,7.218409061,7.70663166
1624490731,23-06-2021 23:25,7.211577415,7.551677227
1624490740,23-06-2021 23:25,7.042750835,7.467524529
1624491159,23-06-2021 23:32,6.890928745,7.218388081
1624491654,23-06-2021 23:40,6.182254791,6.588015556
1624491659,23-06-2021 23:40,6.182254791,6.588015556
1624492149,23-06-2021 23:49,7.3654356,7.858114719
1624492673,23-06-2021 23:57,7.046109676,7.420142651
1624492678,23-06-2021 23:57,7.046109676,7.420142651
1624492981,24-06-2021 00:03,6.273275375,6.695748329
1624492984,24-06-2021 00:03,6.661906242,7.102311611
1624493270,24-06-2021 00:07,6.528594494,6.907617569
1624493661,24-06-2021 00:14,6.358365536,6.710311413
1624493670,24-06-2021 00:14,6.358365536,6.710311413
1624494009,24-06-2021 00:20,6.811334133,7.296554565
1624494012,24-06-2021 00:20,6.811334133,7.296554565
1624494322,24-06-2021 00:25,6.915503025,7.39455843
1624494325,24-06-2021 00:25,6.915503025,7.39455843
1624494953,24-06-2021 00:35,5.982178211,6.296875
1624494962,24-06-2021 00:36,5.982178211,6.296875
1624495592,24-06-2021 00:46,6.320953846,6.65773344
1624496194,24-06-2021 00:56,6.874330521,7.352230072
1624496479,24-06-2021 01:01,6.449649811,6.798522949
1624496897,24-06-2021 01:08,5.323827267,5.517516136
1624497325,24-06-2021 01:15,5.62149477,5.724252224
1624497747,24-06-2021 01:22,5.902626991,6.196350098
1624498104,24-06-2021 01:28,6.130963802,6.544720173
1624498670,24-06-2021 01:37,5.588068008,5.784132957
1624499007,24-06-2021 01:43,6.083750725,6.293599606
1624499403,24-06-2021 01:50,6.857820034,7.287102699
1624499799,24-06-2021 01:56,6.224913597,6.610490322
1624500194,24-06-2021 02:03,6.033768177,6.342675209
1624500653,24-06-2021 02:10,6.060207367,6.169804573
1624501186,24-06-2021 02:19,6.321368217,6.745131493
1624501594,24-06-2021 02:26,6.042962074,6.55029583
1624502006,24-06-2021 02:33,6.555260181,6.938941479
1624502334,24-06-2021 02:38,6.568079948,6.815261841
1624502726,24-06-2021 02:45,6.347771645,6.746612549
1624503261,24-06-2021 02:54,5.916621208,6.195610523
1624503702,24-06-2021 03:01,6.370740891,6.749730587
1624504082,24-06-2021 03:08,6.310838223,6.525387287
1624504486,24-06-2021 03:14,5.942708969,6.2457304
1624504884,24-06-2021 03:21,6.071543694,6.304864883
1624505230,24-06-2021 03:27,5.792145729,6.047264576
1624505896,24-06-2021 03:38,6.30372715,6.630634308
1624506555,24-06-2021 03:49,6.628596306,7.02132988
1624507162,24-06-2021 03:59,5.647589207,5.933026314
1624507580,24-06-2021 04:06,5.839204311,6.195199966
1624507979,24-06-2021 04:12,6.135442257,6.489155293
1624508404,24-06-2021 04:20,5.827282429,5.911700249
1624508824,24-06-2021 04:27,5.970592499,6.322218418
1624509201,24-06-2021 04:33,6.60055542,6.890535355
1624509724,24-06-2021 04:42,6.288591862,6.626729488
1624510040,24-06-2021 04:47,5.948684692,6.195261478
1624510387,24-06-2021 04:53,7.306427956,7.786731243
1624510679,24-06-2021 04:57,6.172472,6.632224083
1624510811,24-06-2021 05:00,6.675282001,6.976623535
1624510915,24-06-2021 05:01,7.352474213,7.764888763
1624511096,24-06-2021 05:04,7.304768562,8.00336647
1624511534,24-06-2021 05:12,6.115100384,6.424551964
1624511899,24-06-2021 05:18,6.026065826,6.389168739
1624512360,24-06-2021 05:26,6.380672932,6.712795734
1624512410,24-06-2021 05:26,6.899716377,7.332933903
1624513233,24-06-2021 05:40,6.568852425,6.840512753
1624513644,24-06-2021 05:47,9.39566803,10.25926971
1624514057,24-06-2021 05:54,14.48108578,15.75319481
1624514370,24-06-2021 05:59,13.25721741,14.58323193
1624514706,24-06-2021 06:05,14.95555115,16.98959923
1624515005,24-06-2021 06:10,11.55834675,12.71657753
1624515452,24-06-2021 06:17,11.58099842,12.32414532
1624516275,24-06-2021 06:31,11.44922447,12.45596027
1624516779,24-06-2021 06:39,14.94690704,16.33280945
1624517271,24-06-2021 06:47,17.10747719,18.70778084
1624517703,24-06-2021 06:55,16.78118896,18.47741508
1624518097,24-06-2021 07:01,16.32266617,17.88260841
1624518524,24-06-2021 07:08,16.53297997,18.34242058
1624518702,24-06-2021 07:11,15.51204777,16.91593742
1624518914,24-06-2021 07:15,13.52229309,14.61853123
1624519121,24-06-2021 07:18,15.10972881,16.98330879
1624519350,24-06-2021 07:22,12.88819599,13.94939899
1624519558,24-06-2021 07:25,12.65975666,13.59746456
1624519796,24-06-2021 07:29,15.46954918,16.91763115
1624520061,24-06-2021 07:34,18.39864922,20.36088371
1624520244,24-06-2021 07:37,22.24976158,24.17701721
1624520450,24-06-2021 07:40,19.24298096,21.38351631
1624520651,24-06-2021 07:44,20.25441933,22.23526764
1624521066,24-06-2021 07:51,17.1648922,18.58872986
1624521626,24-06-2021 08:00,14.59853935,15.60186958
1624522051,24-06-2021 08:07,15.55623341,17.1277256
1624522081,24-06-2021 08:08,16.33316803,18.07685852
1624522164,24-06-2021 08:09,14.33473778,15.54006577
1624522264,24-06-2021 08:11,14.97445297,16.71255684
1624522449,24-06-2021 08:14,13.23368645,14.10287189
1624522452,24-06-2021 08:14,13.23368645,14.10287189
1624522757,24-06-2021 08:19,12.21305752,13.02755451
1624522760,24-06-2021 08:19,12.36754036,13.26933765
1624523512,24-06-2021 08:31,11.95200729,12.61906528
1624523520,24-06-2021 08:32,11.95200729,12.61906528
1624523572,24-06-2021 08:32,11.38140202,12.0436964
1624523576,24-06-2021 08:32,11.38140202,12.0436964
1624523829,24-06-2021 08:37,11.65867138,12.95118141
1624523832,24-06-2021 08:37,11.65867138,12.95118141
1624524460,24-06-2021 08:47,11.13833427,12.37146378
1624524464,24-06-2021 08:47,11.13833427,12.37146378
1624524698,24-06-2021 08:51,9.512365341,10.18901157
1624524701,24-06-2021 08:51,9.512365341,10.18901157
1624525188,24-06-2021 08:59,8.769447327,9.28014946
1624525649,24-06-2021 09:07,10.48542786,11.21637535
1624525653,24-06-2021 09:07,10.48542786,11.21637535
1624526041,24-06-2021 09:14,11.99658871,12.82789612
1624526044,24-06-2021 09:14,11.99658871,12.82789612
1624526307,24-06-2021 09:18,14.07918358,15.14156437
1624526310,24-06-2021 09:18,14.07918358,15.14156437
1624526482,24-06-2021 09:21,14.67375374,15.93220139
1624526489,24-06-2021 09:21,14.67375374,15.93220139
1624526796,24-06-2021 09:26,12.33709908,13.15787029
1624526800,24-06-2021 09:26,12.33709908,13.15787029
1624527173,24-06-2021 09:32,11.22545338,12.15888214
1624527177,24-06-2021 09:32,11.22545338,12.15888214
1624527528,24-06-2021 09:38,11.89498425,13.27501774
1624527531,24-06-2021 09:38,11.89498425,13.27501774
1624527912,24-06-2021 09:45,12.08835888,13.16115284
1624527921,24-06-2021 09:45,12.08835888,13.16115284
1624527981,24-06-2021 09:46,9.418940544,10.05591297
1624527984,24-06-2021 09:46,10.11800003,10.75902653
1624528097,24-06-2021 09:48,10.12616444,10.97158623
1624528100,24-06-2021 09:48,10.12616444,10.97158623
1624528377,24-06-2021 09:52,10.36898327,11.4814949
1624528380,24-06-2021 09:53,10.36898327,11.4814949
1624528625,24-06-2021 09:57,11.41474342,12.87691975
1624528628,24-06-2021 09:57,11.41474342,12.87691975
1624528808,24-06-2021 10:00,10.26936531,11.37988663
1624528811,24-06-2021 10:00,10.26936531,11.37988663
1624529015,24-06-2021 10:03,10.41973209,11.66983318
1624529020,24-06-2021 10:03,10.41973209,11.66983318
1624529243,24-06-2021 10:07,9.802504539,10.82886696
1624529249,24-06-2021 10:07,9.802504539,10.82886696
1624529274,24-06-2021 10:07,10.27733421,11.29567719
1624529277,24-06-2021 10:07,10.27733421,11.29567719
1624529474,24-06-2021 10:11,9.540916443,10.5523262
1624529478,24-06-2021 10:11,9.540916443,10.5523262
1624529659,24-06-2021 10:14,9.780117989,10.98792839
1624529663,24-06-2021 10:14,10.03011799,11.36263466
1624529852,24-06-2021 10:17,9.473971367,10.8137989
1624529855,24-06-2021 10:17,9.473971367,10.8137989
1624530088,24-06-2021 10:21,9.017183304,10.0117979
1624530094,24-06-2021 10:21,9.017183304,10.0117979
1624530285,24-06-2021 10:24,9.88640213,11.12650871
1624530288,24-06-2021 10:24,9.88640213,11.12650871
1624530491,24-06-2021 10:28,8.82081604,9.882282257
1624530498,24-06-2021 10:28,8.82081604,9.882282257
1624530722,24-06-2021 10:32,8.892128944,9.872713089
1624530725,24-06-2021 10:32,8.892128944,9.872713089
1624531007,24-06-2021 10:36,10.01188374,11.14037132
1624531011,24-06-2021 10:36,10.01188374,11.14037132
1624531145,24-06-2021 10:39,9.173653603,10.4452467
1624531148,24-06-2021 10:39,9.173653603,10.4452467
1624531344,24-06-2021 10:42,10.28505039,11.61440563
1624531347,24-06-2021 10:42,10.28505039,11.61440563
1624531524,24-06-2021 10:45,8.497567177,9.442644119
1624531527,24-06-2021 10:45,8.497567177,9.442644119
1624531750,24-06-2021 10:49,8.912284851,9.957823753
1624531757,24-06-2021 10:49,8.912284851,9.957823753
1624531915,24-06-2021 10:51,9.54174614,10.92175198
1624531921,24-06-2021 10:52,9.54174614,10.92175198
1624532181,24-06-2021 10:56,9.764170647,11.18513775
1624532371,24-06-2021 10:59,8.840303421,10.17668056
1624532374,24-06-2021 10:59,8.840303421,10.17668056
1624532555,24-06-2021 11:02,9.169164658,10.16285038
1624532558,24-06-2021 11:02,9.169164658,10.16285038
1624532787,24-06-2021 11:06,9.014983177,10.24002647
1624532790,24-06-2021 11:06,9.014983177,10.24002647
1624532877,24-06-2021 11:07,8.919240952,10.10718536
1624532881,24-06-2021 11:08,8.919240952,10.10718536
1624533061,24-06-2021 11:11,8.613172531,9.751300812
1624533264,24-06-2021 11:14,8.609937668,9.839634895
1624533267,24-06-2021 11:14,8.456301689,9.814321518
1624533461,24-06-2021 11:17,9.42066288,10.94774723
1624533464,24-06-2021 11:17,9.42066288,10.94774723
1624533684,24-06-2021 11:21,11.31753349,13.01930714
1624533686,24-06-2021 11:21,33.26819229,38.65819931
1624533878,24-06-2021 11:24,31.4661026,37.30078125
1624533883,24-06-2021 11:24,31.4661026,37.30078125
1624534259,24-06-2021 11:30,28.91578484,34.78173828
1624534262,24-06-2021 11:31,28.91578484,34.78173828
1624534629,24-06-2021 11:37,22.74385262,27.79865265
1624534635,24-06-2021 11:37,22.74385262,27.79865265
1624534918,24-06-2021 11:41,22.008255,26.49435997
1624534922,24-06-2021 11:42,22.008255,26.49435997
1624535338,24-06-2021 11:48,19.6546936,22.7876339
1624535341,24-06-2021 11:49,19.6546936,22.7876339
1624535738,24-06-2021 11:55,17.807621,21.01153374
1624535740,24-06-2021 11:55,17.807621,21.01153374
1624536073,24-06-2021 12:01,16.5843277,19.23154068
1624536082,24-06-2021 12:01,16.5843277,19.23154068
1624536136,24-06-2021 12:02,15.8831234,18.66614723
1624536138,24-06-2021 12:02,15.8831234,18.66614723
1624536282,24-06-2021 12:04,16.34811211,19.21080589
1624536285,24-06-2021 12:04,16.34811211,19.21080589
1624536565,24-06-2021 12:09,18.64972687,22.80926514
1624536568,24-06-2021 12:09,16.50751686,19.87782669
1624536716,24-06-2021 12:11,17.08720589,20.2680378
1624536719,24-06-2021 12:11,15.21565914,18.10415459
1624536992,24-06-2021 12:16,15.86876297,18.39886665
1624536996,24-06-2021 12:16,15.86876297,18.39886665
1624537256,24-06-2021 12:20,13.15625858,14.88243961
1624537259,24-06-2021 12:20,13.30230808,15.14512253
1624537442,24-06-2021 12:24,13.04295635,15.14622974
1624537450,24-06-2021 12:24,13.04295635,15.14622974
1624537653,24-06-2021 12:27,11.35579777,13.05460072
1624537656,24-06-2021 12:27,11.35579777,13.05460072
1624537883,24-06-2021 12:31,11.80669498,13.35422802
1624537886,24-06-2021 12:31,11.80669498,13.35422802
1624538128,24-06-2021 12:35,12.25581074,13.92438126
1624538133,24-06-2021 12:35,12.25581074,13.92438126
1624538245,24-06-2021 12:37,10.32093048,11.45604897
1624538249,24-06-2021 12:37,9.968603134,11.12030029
1624538455,24-06-2021 12:40,9.831467628,10.87608242
1624538458,24-06-2021 12:40,9.439090729,10.4801178
1624538635,24-06-2021 12:43,9.604420662,10.74254894
1624538635,24-06-2021 12:43,9.604420662,10.74254894
1624538638,24-06-2021 12:43,9.808006287,10.94518661
1624538861,24-06-2021 12:47,9.434538841,10.43815327
1624538867,24-06-2021 12:47,9.434538841,10.43815327
1624539071,24-06-2021 12:51,9.993609428,11.37401676
1624539076,24-06-2021 12:51,9.993609428,11.37401676
1624539247,24-06-2021 12:54,9.573484421,10.83899689
1624539251,24-06-2021 12:54,9.573484421,10.83899689
1624539451,24-06-2021 12:57,9.520419121,10.43801117
1624539454,24-06-2021 12:57,9.520419121,10.43801117
1624539663,24-06-2021 13:01,9.069708824,9.838580132
1624539666,24-06-2021 13:01,9.069708824,9.838580132
1624539856,24-06-2021 13:04,9.088648796,9.994270325
1624539859,24-06-2021 13:04,9.088648796,9.994270325
1624540038,24-06-2021 13:07,8.821508408,9.787116051
1624540044,24-06-2021 13:07,8.821508408,9.787116051
1624540387,24-06-2021 13:13,9.075587273,9.901964188
1624540394,24-06-2021 13:13,9.075587273,9.901964188
1624540746,24-06-2021 13:19,7.339117527,7.703803062
1624540749,24-06-2021 13:19,7.339117527,7.703803062
1624541145,24-06-2021 13:25,7.923209667,8.576591492
1624541149,24-06-2021 13:25,7.923209667,8.576591492
1624541957,24-06-2021 13:39,7.93368578,8.738679886
1624541963,24-06-2021 13:39,7.93368578,8.738679886
1624542527,24-06-2021 13:48,7.678697109,8.206297874
1624542531,24-06-2021 13:48,7.678697109,8.206297874
1624543057,24-06-2021 13:57,7.260546207,7.561645508
1624543582,24-06-2021 14:06,7.546365738,8.228409767
1624543590,24-06-2021 14:06,7.546365738,8.228409767
1624544008,24-06-2021 14:13,8.358692169,8.837205887
1624544011,24-06-2021 14:13,7.438753605,7.768009186
1624544409,24-06-2021 14:20,8.035726547,8.835237503
1624544750,24-06-2021 14:25,7.089240551,7.622101784
1624544754,24-06-2021 14:25,7.089240551,7.622101784
1624545135,24-06-2021 14:32,7.813211918,8.571760178
1624545141,24-06-2021 14:32,7.813211918,8.571760178
1624545515,24-06-2021 14:38,7.784633636,8.265768051
1624546022,24-06-2021 14:47,7.056951046,7.539440155
1624546026,24-06-2021 14:47,7.056951046,7.539440155
1624546517,24-06-2021 14:55,7.691864014,8.185097694
1624547031,24-06-2021 15:03,7.469874382,7.995631218
1624547456,24-06-2021 15:10,6.902815342,7.297050953
1624547674,24-06-2021 15:14,7.873162746,8.475209236
1624548066,24-06-2021 15:21,7.158075809,7.619527817
1624548437,24-06-2021 15:27,6.839333534,7.208344936
1624549226,24-06-2021 15:40,6.643547058,6.935250282
1624549715,24-06-2021 15:48,6.951115131,7.397690773
1624550245,24-06-2021 15:57,6.927177429,7.468761921
1624550414,24-06-2021 16:00,7.525010586,8.053336143
1624550637,24-06-2021 16:03,6.671891212,7.030469894
1624551069,24-06-2021 16:11,7.983366013,8.621067047
1624551410,24-06-2021 16:16,6.108355522,6.354763031
1624551765,24-06-2021 16:22,7.230194092,7.867310524
1624552136,24-06-2021 16:28,6.924587727,7.362047672
1624552139,24-06-2021 16:28,6.924587727,7.362047672
1624552586,24-06-2021 16:36,6.701193333,7.308871746
1624552994,24-06-2021 16:43,6.18554163,6.386140823
1624553293,24-06-2021 16:48,6.251729965,6.395830631
1624553296,24-06-2021 16:48,6.251729965,6.395830631
1624553644,24-06-2021 16:54,6.563076496,6.926383018
1624553976,24-06-2021 16:59,6.295454025,6.777146339
1624554342,24-06-2021 17:05,5.838479996,6.165504932
1624554727,24-06-2021 17:12,5.584797382,5.878922939
1624555334,24-06-2021 17:22,5.824714661,6.187959194
1624555664,24-06-2021 17:27,5.411981583,5.80650568
1624556045,24-06-2021 17:34,5.531772137,5.993821621
1624556441,24-06-2021 17:40,5.337249279,5.80542326
1624556444,24-06-2021 17:40,5.337249279,5.80542326
1624556811,24-06-2021 17:46,5.388524055,5.864816666
1624556819,24-06-2021 17:46,5.388524055,5.864816666
1624557169,24-06-2021 17:52,5.868237972,6.445983887
1624557664,24-06-2021 18:01,5.514964581,5.940721989
1624557667,24-06-2021 18:01,5.514964581,5.940721989
1624558203,24-06-2021 18:10,5.44154501,5.695400715
1624558212,24-06-2021 18:10,5.357243538,5.690485477
1624558815,24-06-2021 18:20,5.413023472,5.790549278
1624558818,24-06-2021 18:20,5.413023472,5.790549278
1624559211,24-06-2021 18:26,5.334834576,5.668327332
1624559215,24-06-2021 18:26,5.334834576,5.668327332
1624559572,24-06-2021 18:32,5.220631123,5.541965485
1624559579,24-06-2021 18:32,5.220631123,5.541965485
1624559936,24-06-2021 18:38,5.42916584,5.893639565
1624559939,24-06-2021 18:38,5.42916584,5.893639565
1624560332,24-06-2021 18:45,5.279397964,5.599705219
1624560696,24-06-2021 18:51,4.73885107,4.908032417
1624560699,24-06-2021 18:51,4.73885107,4.908032417
1624561236,24-06-2021 19:00,4.917908192,5.245574951
1624561244,24-06-2021 19:00,4.704407215,5.046262741
1624561614,24-06-2021 19:06,5.332817078,5.725368977
1624561617,24-06-2021 19:06,5.332817078,5.725368977
1624562000,24-06-2021 19:13,4.969316959,5.40742445
1624562003,24-06-2021 19:13,4.969316959,5.40742445
1624562376,24-06-2021 19:19,5.379422665,5.818831921
1624562380,24-06-2021 19:19,5.379422665,5.818831921
1624562776,24-06-2021 19:26,5.103741646,5.461951256
1624562783,24-06-2021 19:26,5.103741646,5.461951256
1624563137,24-06-2021 19:32,4.894895554,5.222481728
1624563140,24-06-2021 19:32,4.894895554,5.222481728
1624563632,24-06-2021 19:40,4.737409592,5.033741474
1624563636,24-06-2021 19:40,4.737409592,5.033741474
1624563981,24-06-2021 19:46,5.848019123,6.423450947
1624563988,24-06-2021 19:46,5.848019123,6.423450947
1624564325,24-06-2021 19:52,5.134509563,5.585503578
1624564328,24-06-2021 19:52,5.134509563,5.585503578
1624564713,24-06-2021 19:58,4.564453602,5.140149593
1624564718,24-06-2021 19:58,4.564453602,5.140149593
1624565080,24-06-2021 20:04,4.271678925,4.750638008
1624565083,24-06-2021 20:04,4.24374342,4.663128853
1624565428,24-06-2021 20:10,4.303964615,4.692263603
1624565435,24-06-2021 20:10,4.303964615,4.692263603
1624565951,24-06-2021 20:19,5.162596226,5.714430332
1624565956,24-06-2021 20:19,4.918467999,5.449493408
1624566337,24-06-2021 20:25,4.104200363,4.413184643
1624566340,24-06-2021 20:25,4.104200363,4.413184643
1624566695,24-06-2021 20:31,5.194552422,5.567881107
1624566702,24-06-2021 20:31,5.194552422,5.567881107
1624567053,24-06-2021 20:37,5.394468307,5.906320095
1624567057,24-06-2021 20:37,5.394468307,5.906320095
1624567425,24-06-2021 20:43,5.113926411,5.631609917
1624567428,24-06-2021 20:43,5.113926411,5.631609917
1624567787,24-06-2021 20:49,5.214280128,5.932718277
1624567790,24-06-2021 20:49,5.214280128,5.932718277
1624568310,24-06-2021 20:58,4.467000008,4.924541473
1624568319,24-06-2021 20:58,4.467000008,4.924541473
1624568863,24-06-2021 21:07,5.683693409,6.3890028
1624568866,24-06-2021 21:07,4.23182869,4.714560509
1624569372,24-06-2021 21:16,4.857274532,5.254231453
1624569377,24-06-2021 21:16,4.201561928,4.539477348
1624570017,24-06-2021 21:26,4.847453117,5.284096241
1624570023,24-06-2021 21:27,4.847453117,5.284096241
1624570553,24-06-2021 21:35,4.959130287,5.374968052
1624571120,24-06-2021 21:45,4.914139271,5.389667511
1624571642,24-06-2021 21:54,4.851706982,5.349318504
1624571720,24-06-2021 21:55,4.824071407,5.390832901
1624571913,24-06-2021 21:58,5.308355331,5.911779404
1624572433,24-06-2021 22:07,5.572363377,6.201602936
1624572902,24-06-2021 22:15,5.496805191,6.135700703
1624573283,24-06-2021 22:21,4.624676704,5.098583221
1624573754,24-06-2021 22:29,5.463838577,5.981408119
1624574180,24-06-2021 22:36,4.674884319,5.114704132
1624574517,24-06-2021 22:41,4.58733654,4.917673111
1624574925,24-06-2021 22:48,4.695668697,5.035957336
1624575302,24-06-2021 22:55,5.01781702,5.497741699
1624575928,24-06-2021 23:05,5.315095901,5.88028574
1624576343,24-06-2021 23:12,5.492474079,5.994251251
1624576755,24-06-2021 23:19,5.333159447,5.788047791
1624577165,24-06-2021 23:26,4.953810692,5.431213379
1624577577,24-06-2021 23:32,5.24933672,5.514692307
1624578071,24-06-2021 23:41,5.763696194,6.378587246
1624578533,24-06-2021 23:48,4.874342442,5.307816505
1624578913,24-06-2021 23:55,4.505923748,4.915859222
1624579324,25-06-2021 00:02,4.752384186,5.342115402
1624579770,25-06-2021 00:09,4.830494881,5.015395164
1624580082,25-06-2021 00:14,4.756093025,5.012301445
1624580742,25-06-2021 00:25,4.431065083,4.692139149
1624581099,25-06-2021 00:31,5.122413635,5.374908447
1624581478,25-06-2021 00:37,4.746056557,5.093711376
1624581884,25-06-2021 00:44,5.218671322,5.525330067
1624582292,25-06-2021 00:51,5.076770782,5.539253235
1624582753,25-06-2021 00:59,4.969173908,5.425085545
1624583304,25-06-2021 01:08,5.372674465,5.667257309
1624586958,25-06-2021 02:09,5.818004608,6.230125904
1624586965,25-06-2021 02:09,5.901667595,6.2983284
1624587831,25-06-2021 02:23,5.650927544,5.981067657
1624588361,25-06-2021 02:32,5.054111958,5.436389923
1624588720,25-06-2021 02:38,5.140804291,5.436322212
1624589116,25-06-2021 02:45,5.249211788,5.832455635
1624589515,25-06-2021 02:51,4.654188156,5.028620243
1624589924,25-06-2021 02:58,5.579718113,6.041389942
1624589931,25-06-2021 02:58,5.579718113,6.041389942
1624590436,25-06-2021 03:07,5.863360405,6.393404961
1624590966,25-06-2021 03:16,5.828772068,6.435595036
1624591527,25-06-2021 03:25,6.288569927,7.061026573
1624591988,25-06-2021 03:33,5.14063406,5.519026279
1624592590,25-06-2021 03:43,5.531681061,6.072413921
1624592977,25-06-2021 03:49,5.839650631,6.55141592
1624593008,25-06-2021 03:50,6.28493166,6.976289272
1624593039,25-06-2021 03:50,6.303678513,6.986566544
1624593070,25-06-2021 03:51,6.319476128,6.98993206
1624593101,25-06-2021 03:51,5.702580452,6.317219257
1624593132,25-06-2021 03:52,5.316473007,5.876592159
1624593163,25-06-2021 03:52,5.26145792,5.812142372
1624593194,25-06-2021 03:53,5.148239613,5.685787678
1624593225,25-06-2021 03:53,6.015595913,6.641407013
1624593256,25-06-2021 03:54,5.352938652,5.862056255
1624593287,25-06-2021 03:54,5.302907467,5.779102325
1624593318,25-06-2021 03:55,5.421928883,5.893093586
1624593349,25-06-2021 03:55,5.566866398,6.022916794
1624593590,25-06-2021 03:59,5.786541462,6.204844952
1624593968,25-06-2021 04:06,6.004270077,6.687850952
1624594392,25-06-2021 04:13,6.042942524,6.840524673
1624594783,25-06-2021 04:19,5.085759163,5.702660561
1624595131,25-06-2021 04:25,5.968992233,6.517633915
1624595841,25-06-2021 04:37,5.726379871,6.544347286
1624596404,25-06-2021 04:46,4.915327072,5.519610882
1624596901,25-06-2021 04:55,4.979651451,5.607163906
1624597505,25-06-2021 05:05,5.076501369,5.605924129
1624597890,25-06-2021 05:11,5.798923969,6.567828178
1624599074,25-06-2021 05:31,5.468827724,6.269582272
1624599602,25-06-2021 05:40,5.594240189,6.429734707
1624600152,25-06-2021 05:49,5.745817661,6.648348808
1624600858,25-06-2021 06:00,4.93995285,5.578909874
1624601485,25-06-2021 06:11,5.850520134,7.011425018
1624601942,25-06-2021 06:19,5.356602192,6.244895458
1624602441,25-06-2021 06:27,4.864416122,5.623813629
1624602832,25-06-2021 06:33,5.353281975,6.145911217
1624603186,25-06-2021 06:39,5.650475979,6.627210617
1624603528,25-06-2021 06:45,4.892180443,5.556477547
1624603965,25-06-2021 06:52,6.269830227,7.32411623
1624604460,25-06-2021 07:01,5.377406597,6.251068592
1624604999,25-06-2021 07:09,5.615894318,6.461054325
1624605537,25-06-2021 07:18,4.615625858,5.162544727
1624606068,25-06-2021 07:27,5.633138657,6.224621773
1624606566,25-06-2021 07:36,4.639688015,5.249908447
1624607172,25-06-2021 07:46,4.558936596,4.905365467
1624607552,25-06-2021 07:52,4.52104044,5.044825077
1624607557,25-06-2021 07:52,5.282186031,5.853856564
1624607937,25-06-2021 07:58,4.090430737,4.432378292
1624608342,25-06-2021 08:05,6.015170097,6.791405201
1624608729,25-06-2021 08:12,5.257574558,5.75357151
1624609042,25-06-2021 08:17,4.659312725,5.04361248
1624609530,25-06-2021 08:25,4.673691273,5.205048561
1624609928,25-06-2021 08:32,5.40714407,6.108270645
1624610264,25-06-2021 08:37,4.619669914,5.239015579
1624610270,25-06-2021 08:37,4.619669914,5.239015579
1624610618,25-06-2021 08:43,5.022863388,5.372136593
1624611043,25-06-2021 08:50,4.176961899,4.547121525
1624611047,25-06-2021 08:50,4.176961899,4.547121525
1624611406,25-06-2021 08:56,3.995181322,4.335873604
1624611999,25-06-2021 09:06,4.268213749,4.528059006
1624612009,25-06-2021 09:06,4.268213749,4.528059006
1624612450,25-06-2021 09:14,4.241644382,4.530965328
1624612453,25-06-2021 09:14,4.241644382,4.530965328
1624612932,25-06-2021 09:22,3.868258238,4.065899849
1624612936,25-06-2021 09:22,3.868258238,4.065899849
1624613321,25-06-2021 09:28,3.870433807,4.073219776
1624613328,25-06-2021 09:28,3.870433807,4.073219776
1624613681,25-06-2021 09:34,4.203794956,4.45514822
1624613684,25-06-2021 09:34,4.203794956,4.45514822
1624614044,25-06-2021 09:40,4.037295818,4.271640301
1624614049,25-06-2021 09:40,4.037295818,4.271640301
1624614351,25-06-2021 09:45,4.44962883,4.794327736
1624614355,25-06-2021 09:45,4.44962883,4.794327736
1624614673,25-06-2021 09:51,4.968010902,5.390375614
1624614680,25-06-2021 09:51,4.968010902,5.390375614
1624614782,25-06-2021 09:53,4.75322485,5.096922398
1624614785,25-06-2021 09:53,4.75322485,5.096922398
1624614813,25-06-2021 09:53,4.454823971,4.727299213
1624614816,25-06-2021 09:53,4.454823971,4.727299213
1624614970,25-06-2021 09:56,4.44082737,4.681545258
1624614974,25-06-2021 09:56,4.464686394,4.681545258
1624615332,25-06-2021 10:02,4.598098755,4.926310062
1624615335,25-06-2021 10:02,4.598098755,4.926310062
1624615970,25-06-2021 10:12,4.674930096,4.884110928
1624615978,25-06-2021 10:12,4.674930096,4.884110928
1624616487,25-06-2021 10:21,4.204648018,4.443453789
1624617049,25-06-2021 10:30,5.131854534,5.564014912
1624617485,25-06-2021 10:38,5.014895916,5.515445709
1624617905,25-06-2021 10:45,4.775510311,5.011531353
1624618300,25-06-2021 10:51,4.865692139,5.226332664
1624618694,25-06-2021 10:58,4.591215611,4.929872513
1624618981,25-06-2021 11:03,3.917760611,4.224050999
1624619649,25-06-2021 11:14,4.570174217,4.748725414
1624620276,25-06-2021 11:24,4.563215733,4.766626835
1624620806,25-06-2021 11:33,5.255681515,5.540920734
1624621259,25-06-2021 11:40,4.56951046,4.93947506
1624621667,25-06-2021 11:47,4.688671589,5.02633667
1624622089,25-06-2021 11:54,4.337703705,4.57869339
1624622438,25-06-2021 12:00,4.57690239,4.906775951
1624622784,25-06-2021 12:06,5.131050587,5.447673798
1624623360,25-06-2021 12:16,4.535096169,4.711633205
1624623774,25-06-2021 12:22,4.278491974,4.541639328
1624624199,25-06-2021 12:29,4.549210548,4.829856396
1624624614,25-06-2021 12:36,3.977286339,4.141947746
1624624917,25-06-2021 12:41,4.511359215,4.76629734
1624625309,25-06-2021 12:48,4.645482063,4.832233906
1624625880,25-06-2021 12:58,4.579797268,4.716393948
1624626244,25-06-2021 13:04,4.862402916,5.090313911
1624626664,25-06-2021 13:11,4.332490444,4.560255527
1624627057,25-06-2021 13:17,4.141422272,4.253549099
1624627465,25-06-2021 13:24,4.670538425,4.822927475
1624627928,25-06-2021 13:32,4.111618996,4.294771194
1624628420,25-06-2021 13:40,4.564864159,4.770394325
1624628425,25-06-2021 13:40,4.564864159,4.770394325
1624628860,25-06-2021 13:47,3.966114521,4.125358105
1624629316,25-06-2021 13:55,4.117464066,4.223921299
1624629807,25-06-2021 14:03,4.389603138,4.567659378
1624630368,25-06-2021 14:12,4.735576153,4.950149059
1624630374,25-06-2021 14:12,4.748366833,4.950149059
1624630896,25-06-2021 14:21,4.87493372,5.287205696
1624631422,25-06-2021 14:30,4.366512775,4.562534809
1624631425,25-06-2021 14:30,4.366512775,4.562534809
1624631948,25-06-2021 14:39,4.262049198,4.371705055
1624631956,25-06-2021 14:39,4.262049198,4.371705055
1624632377,25-06-2021 14:46,3.785577297,3.938194275
1624632937,25-06-2021 14:55,4.20989275,4.349535465
1624632942,25-06-2021 14:55,4.20989275,4.349535465
1624633567,25-06-2021 15:06,4.302186489,4.515924454
1624634075,25-06-2021 15:14,4.35902977,4.515626907
1624634622,25-06-2021 15:23,3.837883472,3.956504345
1624634625,25-06-2021 15:23,3.837883472,3.956504345
1624635017,25-06-2021 15:30,4.416235924,4.685518742
1624635380,25-06-2021 15:36,4.224009514,4.293828487
1624635671,25-06-2021 15:41,4.197752476,4.303031445
1624635740,25-06-2021 15:42,4.965379238,5.165867329
1624635743,25-06-2021 15:42,4.496405602,4.684792519
1624636015,25-06-2021 15:46,4.029882908,4.033322334
1624636370,25-06-2021 15:52,4.197827339,4.198156357
1624636635,25-06-2021 15:57,3.928094864,4.115474701
1624636637,25-06-2021 15:57,3.928094864,4.115474701
1624637262,25-06-2021 16:07,4.143522263,4.2489748
1624637900,25-06-2021 16:18,4.178225994,4.280552864
1624638541,25-06-2021 16:29,4.173232079,4.226051807
1624639070,25-06-2021 16:37,4.469352722,4.496143818
1624639633,25-06-2021 16:47,4.857996464,4.857999802
1624640059,25-06-2021 16:54,3.801391363,3.937104464
1624640062,25-06-2021 16:54,3.801391363,3.937104464
1624640461,25-06-2021 17:01,4.089132309,4.159432411
1624640820,25-06-2021 17:07,4.462816238,4.627153873
1624641172,25-06-2021 17:12,4.276494026,4.375251293
1624641179,25-06-2021 17:12,4.445588112,4.562608719
1624641510,25-06-2021 17:18,4.323704243,4.428183556
1624641972,25-06-2021 17:26,4.589431286,4.739579678
1624642403,25-06-2021 17:33,4.447814941,4.447943211
1624642410,25-06-2021 17:33,4.146695137,4.215490818
1624642775,25-06-2021 17:39,3.87701869,3.877021313
1624642778,25-06-2021 17:39,3.87701869,3.877021313
1624643129,25-06-2021 17:45,4.442993164,4.566949368
1624643134,25-06-2021 17:45,4.442993164,4.566949368
1624643500,25-06-2021 17:51,4.189503193,4.40296793
1624643503,25-06-2021 17:51,4.189503193,4.40296793
1624643879,25-06-2021 17:57,3.77934742,3.90510869
1624644151,25-06-2021 18:02,3.968081713,3.96814537
1624644155,25-06-2021 18:02,3.968081713,3.96814537
1624645862,25-06-2021 18:31,3.813476801,3.85093236
1624646426,25-06-2021 18:40,4.074725151,4.133181095
1624646429,25-06-2021 18:40,3.886066914,3.941814184
1624646917,25-06-2021 18:48,3.829224586,3.83005023
1624646921,25-06-2021 18:48,3.829224586,3.83005023
1624647303,25-06-2021 18:55,4.030434132,4.106184006
1624647309,25-06-2021 18:55,4.030434132,4.106184006
1624647646,25-06-2021 19:00,4.120126247,4.164236069
1624647649,25-06-2021 19:00,4.120126247,4.164236069
1624648036,25-06-2021 19:07,4.162756443,4.300628662
1624648042,25-06-2021 19:07,4.162756443,4.300628662
1624648437,25-06-2021 19:13,3.482962847,3.592336416
1624648441,25-06-2021 19:14,3.974458933,4.112070084
1624648760,25-06-2021 19:19,3.722566605,3.738023758
1624648767,25-06-2021 19:19,3.722566605,3.738023758
1624649423,25-06-2021 19:30,3.881932974,3.975606918
1624649428,25-06-2021 19:30,3.881932974,3.975606918
1624649987,25-06-2021 19:39,3.974353075,3.98013854
1624649993,25-06-2021 19:39,3.974353075,3.98013854
1624650521,25-06-2021 19:48,4.035963058,4.079235077
1624650526,25-06-2021 19:48,4.035963058,4.079235077
1624650911,25-06-2021 19:55,4.081390381,4.194375992
1624650914,25-06-2021 19:55,4.081390381,4.194375992
1624651301,25-06-2021 20:01,4.18051672,4.277118206
1624651698,25-06-2021 20:08,4.190095901,4.318490028
1624651703,25-06-2021 20:08,4.190095901,4.318490028
1624652080,25-06-2021 20:14,4.080675602,4.238725662
1624652397,25-06-2021 20:19,4.95253849,5.121215343
1624652955,25-06-2021 20:29,3.680851221,3.681179762
1624652962,25-06-2021 20:29,3.680851221,3.681179762
1624653582,25-06-2021 20:39,3.565365791,3.568548203
1624653584,25-06-2021 20:39,3.565365791,3.568548203
1624654007,25-06-2021 20:46,4.371670246,4.490662575
1624654638,25-06-2021 20:57,3.64549613,3.813153744
1624654644,25-06-2021 20:57,3.64549613,3.813153744
1624655065,25-06-2021 21:04,3.818249941,3.818698406
1624655556,25-06-2021 21:12,3.604241371,3.604243755
1624655976,25-06-2021 21:19,4.288456917,4.557301521
1624655984,25-06-2021 21:19,4.288456917,4.557301521
1624656336,25-06-2021 21:25,4.55008316,4.722700596
1624656339,25-06-2021 21:25,4.55008316,4.722700596
1624656714,25-06-2021 21:31,4.108551979,4.251147747
1624657096,25-06-2021 21:38,4.408301353,4.458685398
1624657235,25-06-2021 21:40,3.949428082,4.034788132
1624657339,25-06-2021 21:42,4.002393723,4.091192245
1624657549,25-06-2021 21:45,3.672792673,3.773375988
1624657552,25-06-2021 21:45,3.672792673,3.773375988
1624657955,25-06-2021 21:52,4.460872173,4.581764221
1624657958,25-06-2021 21:52,4.460872173,4.581764221
1624658334,25-06-2021 21:58,4.245625019,4.403113365
1624658339,25-06-2021 21:58,4.245625019,4.403113365
1624658715,25-06-2021 22:05,4.361178398,4.527865887
1624659016,25-06-2021 22:10,3.93763423,4.0622015
1624659019,25-06-2021 22:10,3.93763423,4.0622015
1624659646,25-06-2021 22:20,4.450239658,4.620728493
1624659650,25-06-2021 22:20,4.450239658,4.620728493
1624660028,25-06-2021 22:27,3.990686893,4.132590294
1624660358,25-06-2021 22:32,4.303961754,4.445030212
1624660360,25-06-2021 22:32,4.303961754,4.445030212
1624660700,25-06-2021 22:38,4.338230133,4.574263096
1624661073,25-06-2021 22:44,4.241685867,4.42250824
1624661076,25-06-2021 22:44,4.772652626,4.966170311
1624661413,25-06-2021 22:50,4.033271313,4.188527107
1624661420,25-06-2021 22:50,4.033271313,4.188527107
1624661988,25-06-2021 22:59,4.540534496,4.688035965
1624662579,25-06-2021 23:09,4.206336021,4.379769325
1624663078,25-06-2021 23:17,4.220883846,4.414452076
1624663086,25-06-2021 23:18,4.064633846,4.258110523
1624663477,25-06-2021 23:24,3.736867905,3.866312027
1624663480,25-06-2021 23:24,3.736326456,3.866312027
1624663870,25-06-2021 23:31,3.218244553,3.312984705
1624663873,25-06-2021 23:31,3.218244553,3.312984705
1624664256,25-06-2021 23:37,4.270076275,4.543968678
1624664260,25-06-2021 23:37,4.392343998,4.653740883
1624664627,25-06-2021 23:43,4.044827938,4.23197794
1624664633,25-06-2021 23:43,4.044827938,4.23197794
1624664911,25-06-2021 23:48,4.876917839,5.085017204
1624664914,25-06-2021 23:48,4.876917839,5.085017204
1624665569,25-06-2021 23:59,3.683521748,3.706983089
1624665574,25-06-2021 23:59,3.683521748,3.706983089
1624665908,26-06-2021 00:05,3.913249731,4.069975376
1624665914,26-06-2021 00:05,3.919242144,4.069975376
1624666255,26-06-2021 00:10,3.753091812,3.972154379
1624666259,26-06-2021 00:10,3.753091812,3.972154379
1624666602,26-06-2021 00:16,4.567101479,4.867125511
1624666607,26-06-2021 00:16,4.567101479,4.867125511
1624666981,26-06-2021 00:23,4.531589031,4.774461746
1624666984,26-06-2021 00:23,4.531589031,4.774461746
1624667346,26-06-2021 00:29,4.404371262,4.663077354
1624667353,26-06-2021 00:29,4.4107728,4.656136036
1624667924,26-06-2021 00:38,4.359264851,4.560475826
1624667928,26-06-2021 00:38,4.359264851,4.560475826
1624668319,26-06-2021 00:45,4.590641499,4.742553711
1624668715,26-06-2021 00:51,4.486771107,4.811705589
1624669062,26-06-2021 00:57,4.436173916,4.672994614
1624669066,26-06-2021 00:57,4.436173916,4.672994614
1624669425,26-06-2021 01:03,3.923287153,4.112397194
1624669737,26-06-2021 01:08,3.951046705,4.124539375
1624670364,26-06-2021 01:19,4.208123684,4.387161255
1624671056,26-06-2021 01:30,4.265868664,4.634597301
1624671628,26-06-2021 01:40,4.380452156,4.67500639
1624672112,26-06-2021 01:48,4.116055489,4.305768967
1624672705,26-06-2021 01:58,4.711691856,4.947390556
1624673199,26-06-2021 02:06,4.296203613,4.609936237
1624673661,26-06-2021 02:14,3.874092102,4.091653347
1624673666,26-06-2021 02:14,3.874092102,4.091653347
1624674288,26-06-2021 02:24,4.563862324,4.84461689
1624674664,26-06-2021 02:31,4.444760323,4.681444645
1624675057,26-06-2021 02:37,4.78746891,5.10387516
1624675439,26-06-2021 02:43,4.772175312,5.138711452
1624675838,26-06-2021 02:50,5.227436543,5.707030296
1624676200,26-06-2021 02:56,4.357889175,4.838312626
1624676780,26-06-2021 03:06,4.874763489,5.212430477
1624677162,26-06-2021 03:12,5.027729034,5.51017952
1624677519,26-06-2021 03:18,6.004074097,6.763950825
1624677884,26-06-2021 03:24,4.652446747,4.949966908
1624678263,26-06-2021 03:31,4.322421551,4.654172421
1624678640,26-06-2021 03:37,5.206902981,6.010669231
1624678690,26-06-2021 03:38,5.288918018,6.127166748
1624678836,26-06-2021 03:40,4.607002258,5.152522564
1624679102,26-06-2021 03:45,4.860929489,5.326300144
1624679537,26-06-2021 03:52,5.72630024,6.38652277
1624679963,26-06-2021 03:59,4.799236774,5.182683468
1624680357,26-06-2021 04:05,5.551922798,6.331997871
1624680796,26-06-2021 04:13,5.41750288,6.041399002
1624681374,26-06-2021 04:22,6.171762466,6.995559692
1624681937,26-06-2021 04:32,4.858316422,5.406904697
1624682468,26-06-2021 04:41,5.467131138,5.999349594
1624682794,26-06-2021 04:46,5.254290581,5.732797623
1624682970,26-06-2021 04:49,5.441796303,5.903032303
1624683403,26-06-2021 04:56,4.893506527,5.268191338
1624683411,26-06-2021 04:56,5.570215702,5.93843317
1624683812,26-06-2021 05:03,5.536418438,5.98795414
1624684150,26-06-2021 05:09,5.11798048,5.45427227
1624684181,26-06-2021 05:09,4.555388927,4.826579571
1624684212,26-06-2021 05:10,5.025333881,5.253578663
1624684253,26-06-2021 05:10,4.691565037,4.905676842
1624684288,26-06-2021 05:11,4.451452732,4.667581558
1624684319,26-06-2021 05:11,4.400103569,4.666277885
1624684350,26-06-2021 05:12,4.572088242,4.876089096
1624684389,26-06-2021 05:13,4.909998417,5.22683239
1624684795,26-06-2021 05:19,5.424694061,5.81247282
1624685186,26-06-2021 05:26,4.575944424,4.888414383
1624685470,26-06-2021 05:31,5.166115284,5.494494915
1624685983,26-06-2021 05:39,4.651596069,4.936537743
1624686211,26-06-2021 05:43,4.25266695,4.573032856
1624686971,26-06-2021 05:56,4.027868748,4.156737328
1624687786,26-06-2021 06:09,3.962852955,4.166230679
1624688254,26-06-2021 06:17,4.132685661,4.277338028
1624689369,26-06-2021 06:36,4.270210743,4.462407112
1624690208,26-06-2021 06:50,3.694322348,3.837712288
1624690815,26-06-2021 07:00,4.117506504,4.259324551
1624691209,26-06-2021 07:06,3.954926252,4.082901001
1624691497,26-06-2021 07:11,4.299143314,4.487874508
1624691679,26-06-2021 07:14,4.434601784,4.61474514
1624691682,26-06-2021 07:14,4.434601784,4.61474514
1624692369,26-06-2021 07:26,4.922166348,5.266693115
1624692689,26-06-2021 07:31,4.644119263,4.802275658
1624693066,26-06-2021 07:37,4.687335014,4.825799465
1624693068,26-06-2021 07:37,4.687335014,4.825799465
1624693176,26-06-2021 07:39,3.935306072,4.104537487
1624693179,26-06-2021 07:39,3.935306072,4.104537487
1624693383,26-06-2021 07:43,4.466531277,4.578762531
1624693388,26-06-2021 07:43,4.466531277,4.578762531
1624693972,26-06-2021 07:52,5.038109303,5.312664032
1624694368,26-06-2021 07:59,4.743840694,4.981984138
1624694716,26-06-2021 08:05,4.662194729,4.733257771
1624694719,26-06-2021 08:05,4.662194729,4.733257771
1624694990,26-06-2021 08:09,4.706522942,4.900240898
1624694993,26-06-2021 08:09,4.706522942,4.900240898
1624695192,26-06-2021 08:13,5.08128643,5.35416317
1624695198,26-06-2021 08:13,5.08128643,5.35416317
1624695402,26-06-2021 08:16,5.050083637,5.208580017
1624695734,26-06-2021 08:22,5.093894482,5.294542789
1624696057,26-06-2021 08:27,4.786651134,4.92963171
1624696096,26-06-2021 08:28,4.953689575,5.129631996
1624696128,26-06-2021 08:28,5.220844269,5.41627264
1624696193,26-06-2021 08:29,4.933146954,5.066292286
1624696246,26-06-2021 08:30,4.990017414,5.141747952
1624696315,26-06-2021 08:31,5.509786129,5.708500862
1624696363,26-06-2021 08:32,5.224553108,5.470152378
1624696398,26-06-2021 08:33,5.442123413,5.717009068
1624696433,26-06-2021 08:33,5.376194954,5.664026737
1624696472,26-06-2021 08:34,5.877426147,6.215071201
1624696507,26-06-2021 08:35,5.234770298,5.53250742
1624696616,26-06-2021 08:36,4.794509888,4.974428177
1624696734,26-06-2021 08:38,5.026966095,5.19271183
1624696959,26-06-2021 08:42,5.383038044,5.590975761
1624697420,26-06-2021 08:50,5.295990944,5.44644022
1624697492,26-06-2021 08:51,5.594315529,5.77317667
1624697523,26-06-2021 08:52,5.530502319,5.708140373
1624697554,26-06-2021 08:52,5.274402142,5.428518772
1624697585,26-06-2021 08:53,5.693334579,5.905617237
1624697616,26-06-2021 08:53,5.815391541,6.034910679
1624697647,26-06-2021 08:54,5.124940395,5.29791069
1624697678,26-06-2021 08:54,5.558689594,5.763792515
1624697709,26-06-2021 08:55,5.552399158,5.812623978
1624697740,26-06-2021 08:55,6.103888035,6.399626255
1624697771,26-06-2021 08:56,4.979401588,5.224466801
1624697802,26-06-2021 08:56,6.172498703,6.450752735
1624697833,26-06-2021 08:57,5.837799072,6.092154026
1624697864,26-06-2021 08:57,5.81001091,6.092331886
1624697895,26-06-2021 08:58,5.844974518,6.113088608
1624697926,26-06-2021 08:58,5.549767494,5.80868721
1624697957,26-06-2021 08:59,5.209823132,5.435389996
1624697988,26-06-2021 08:59,5.621572971,5.870790958
1624698019,26-06-2021 09:00,5.781588554,6.014380455
1624698050,26-06-2021 09:00,5.319386005,5.517965317
1624698081,26-06-2021 09:01,5.488712311,5.710126877
1624698112,26-06-2021 09:01,5.383022308,5.526976585
1624698143,26-06-2021 09:02,5.222109318,5.316320419
1624698174,26-06-2021 09:02,5.101890087,5.207448483
1624698205,26-06-2021 09:03,4.907850266,5.015004158
1624698236,26-06-2021 09:03,4.824655533,4.933430672
1624698267,26-06-2021 09:04,5.340203762,5.439304352
1624698298,26-06-2021 09:04,5.430469036,5.511500835
1624698329,26-06-2021 09:05,5.746147633,5.850373745
1624698361,26-06-2021 09:06,5.465428352,5.582232475
1624698392,26-06-2021 09:06,5.602639198,5.746549129
1624698423,26-06-2021 09:07,5.06192255,5.187930107
1624698454,26-06-2021 09:07,5.689584255,5.850395203
1624698485,26-06-2021 09:08,5.912619114,6.092221737
1624698653,26-06-2021 09:10,5.599943161,5.599946499
1624698983,26-06-2021 09:16,5.342853546,5.522314548
1624699068,26-06-2021 09:17,5.332542896,5.422129631
1624699135,26-06-2021 09:18,6.196518421,6.302426338
1624699241,26-06-2021 09:20,5.466846943,5.48332262
1624699540,26-06-2021 09:25,5.998463631,6.206136227
1624699809,26-06-2021 09:30,6.28028965,6.623392582
1624700026,26-06-2021 09:33,6.160707951,6.252924442
1624700342,26-06-2021 09:39,5.663606167,5.950131893
1624700562,26-06-2021 09:42,5.95340395,6.054121017
1624700712,26-06-2021 09:45,6.264622688,6.450331688
1624700764,26-06-2021 09:46,5.725021839,5.870662212
1624700820,26-06-2021 09:47,5.805529594,5.815453529
1624700868,26-06-2021 09:47,6.719198704,6.849816799
1624700947,26-06-2021 09:49,6.248352528,6.349674225
1624701000,26-06-2021 09:50,6.161933899,6.296330929
1624701088,26-06-2021 09:51,5.574990273,5.65020752
1624701214,26-06-2021 09:53,6.51428175,6.683614731
1624701569,26-06-2021 09:59,6.084999084,6.172031879
1624701878,26-06-2021 10:04,5.692374706,5.740139008
1624702454,26-06-2021 10:14,5.838878632,5.980111599
1624702638,26-06-2021 10:17,5.330759048,5.478685379
1624702819,26-06-2021 10:20,5.499752045,5.573549747
1624703333,26-06-2021 10:28,5.78479147,5.881064892
1624703654,26-06-2021 10:34,5.907334328,6.032138824
1624703857,26-06-2021 10:37,5.748168468,5.748171806
1624704316,26-06-2021 10:45,5.59584856,5.595899105
1624704653,26-06-2021 10:50,5.813036442,5.855996609
1624705614,26-06-2021 11:06,5.239845276,5.287453651
1624705762,26-06-2021 11:09,5.546116829,5.574931622
1624706513,26-06-2021 11:21,5.966052055,6.027678013
1624706968,26-06-2021 11:29,5.644244671,5.703162193
1624707347,26-06-2021 11:35,5.23795557,5.267365456
1624707617,26-06-2021 11:40,5.471628189,5.502934456
1624708123,26-06-2021 11:48,5.232796669,5.251247406
1624708534,26-06-2021 11:55,5.015173912,5.015176773
1624709003,26-06-2021 12:03,5.244634151,5.288476944
1624709412,26-06-2021 12:10,5.223990917,5.238856792
1624709842,26-06-2021 12:17,4.765408039,4.782186508
1624710193,26-06-2021 12:23,4.738422871,4.821563244
1624710607,26-06-2021 12:30,4.844070435,4.87756443
1624710954,26-06-2021 12:35,5.066375732,5.080679893
1624711311,26-06-2021 12:41,5.095072269,5.095075607
1624711512,26-06-2021 12:45,5.514418602,5.514422417
1624712069,26-06-2021 12:54,5.533525467,5.607663631
1624712256,26-06-2021 12:57,5.517812729,5.566740513
1624712592,26-06-2021 13:03,5.641674519,5.641677856
1624712963,26-06-2021 13:09,5.082247257,5.084255695
1624713344,26-06-2021 13:15,5.105634689,5.10563755
1624713721,26-06-2021 13:22,5.393771648,5.393774986
1624713886,26-06-2021 13:24,5.470934868,5.470938206
1624714249,26-06-2021 13:30,5.859924316,5.859928131
1624714614,26-06-2021 13:36,6.014017582,6.07395792
1624715070,26-06-2021 13:44,4.758934975,4.781661987
1624715506,26-06-2021 13:51,5.579945564,5.611783504
1624715712,26-06-2021 13:55,5.831432819,5.840872288
1624716340,26-06-2021 14:05,6.473229408,6.525990009
1624716755,26-06-2021 14:12,5.994111061,6.031465054
1624716915,26-06-2021 14:15,5.784964085,5.784967899
1624717339,26-06-2021 14:22,5.282255173,5.319581032
1624718472,26-06-2021 14:41,5.206160545,5.2065382
1624718898,26-06-2021 14:48,5.875895023,5.92690134
1624719223,26-06-2021 14:53,5.071332455,5.091952324
1624719492,26-06-2021 14:58,5.740793228,5.742170811
1624719885,26-06-2021 15:04,4.863478184,4.878361702
1624720223,26-06-2021 15:10,5.30709219,5.348478317
1624720555,26-06-2021 15:15,4.898028851,4.898031712
1624720841,26-06-2021 15:20,6.128931999,6.154824257
1624721083,26-06-2021 15:24,4.938587189,4.974457264
1624721114,26-06-2021 15:25,4.901329041,4.924773216
1624721145,26-06-2021 15:25,5.55508852,5.57759428
1624721186,26-06-2021 15:26,4.274638176,4.29077816
1624721434,26-06-2021 15:30,6.00726223,6.007266045
1624721829,26-06-2021 15:37,4.599155426,4.599158287
1624722109,26-06-2021 15:41,5.195837021,5.195877075
1624722444,26-06-2021 15:47,5.129131794,5.129135132
1624722851,26-06-2021 15:54,5.385499954,5.385503292
1624723250,26-06-2021 16:00,5.747960091,5.772345066
1624723625,26-06-2021 16:07,4.823350906,4.823363304
1624724039,26-06-2021 16:13,4.839619637,4.852379799
1624724338,26-06-2021 16:18,5.377481461,5.388109684
1624724731,26-06-2021 16:25,5.300835133,5.30083847
1624725099,26-06-2021 16:31,4.757526875,4.778158665
1624725439,26-06-2021 16:37,4.906489372,4.909287453
1624725591,26-06-2021 16:39,4.240190506,4.258429527
1624725852,26-06-2021 16:44,5.229473114,5.264818668
1624726738,26-06-2021 16:58,5.048519135,5.068988323
1624727105,26-06-2021 17:05,5.197052002,5.197825909
1624727405,26-06-2021 17:10,5.586932182,5.58693552
1624727866,26-06-2021 17:17,4.836988926,4.836991787
1624728292,26-06-2021 17:24,4.968271255,4.968274117
1624728690,26-06-2021 17:31,4.938509941,4.938512802
1624728865,26-06-2021 17:34,5.232493877,5.232497215
1624729085,26-06-2021 17:38,5.453371525,5.506409168
1624729449,26-06-2021 17:44,4.549582958,4.549585819
1624729793,26-06-2021 17:49,4.783577442,4.784667492
1624730501,26-06-2021 18:01,4.881759644,4.883611202
1624731193,26-06-2021 18:13,4.519550323,4.519553185
1624731691,26-06-2021 18:21,5.000583172,5.00058651
1624732145,26-06-2021 18:29,5.27131319,5.291377068
1624732553,26-06-2021 18:35,4.204465389,4.20446825
1624732941,26-06-2021 18:42,4.973046303,4.973049641
1624733304,26-06-2021 18:48,4.806283474,4.806286335
1624733636,26-06-2021 18:53,5.034383774,5.088950157
1624734295,26-06-2021 19:04,4.918651581,4.918654919
1624734725,26-06-2021 19:12,3.960693121,3.974028587
1624735120,26-06-2021 19:18,4.833690643,4.85461092
1624735479,26-06-2021 19:24,4.237977982,4.237980843
1624735537,26-06-2021 19:25,4.809622288,4.809625149
1624735908,26-06-2021 19:31,4.658207417,4.658210278
1624736321,26-06-2021 19:38,5.432990074,5.435353279
1624736766,26-06-2021 19:46,4.88256979,4.969918728
1624737927,26-06-2021 20:05,4.73085165,4.73940134
1624738547,26-06-2021 20:15,4.768803596,4.826579094
1624739209,26-06-2021 20:26,5.635586262,5.635590076
1624739785,26-06-2021 20:36,5.107135296,5.107138157
1624740217,26-06-2021 20:43,5.203796864,5.203823566
1624740627,26-06-2021 20:50,5.373522758,5.385429382
1624741048,26-06-2021 20:57,5.351841927,5.437144279
1624741456,26-06-2021 21:04,3.978471518,3.978473902
1624741849,26-06-2021 21:10,4.756032944,4.756035805
1624742308,26-06-2021 21:18,4.95309782,4.953101158
1624742315,26-06-2021 21:18,4.95309782,4.953101158
1624742860,26-06-2021 21:27,5.637270451,5.694624424
1624743489,26-06-2021 21:38,4.326921463,4.361517429
1624743492,26-06-2021 21:38,4.326921463,4.361517429
1624743861,26-06-2021 21:44,5.059066772,5.133203983
1624744204,26-06-2021 21:50,5.131378651,5.131381989
1624744564,26-06-2021 21:56,5.471512794,5.49187994
1624744567,26-06-2021 21:56,5.471512794,5.49187994
1624744914,26-06-2021 22:01,4.500833035,4.506308556
1624744921,26-06-2021 22:02,4.500833035,4.506308556
1624745262,26-06-2021 22:07,5.167919636,5.167939186
1624745268,26-06-2021 22:07,5.167919636,5.167939186
1624745900,26-06-2021 22:18,5.508905411,5.508908749
1624745904,26-06-2021 22:18,5.697651863,5.701653481
1624746311,26-06-2021 22:25,5.388394833,5.38839817
1624746314,26-06-2021 22:25,5.388394833,5.38839817
1624746688,26-06-2021 22:31,5.638961315,5.650531292
1624746695,26-06-2021 22:31,5.638961315,5.650531292
1624747050,26-06-2021 22:37,5.141153336,5.148331642
1624747054,26-06-2021 22:37,5.141153336,5.148331642
1624747383,26-06-2021 22:43,5.998149872,5.998153687
1624747386,26-06-2021 22:43,5.998149872,5.998153687
1624747672,26-06-2021 22:47,5.102023602,5.102026939
1624747676,26-06-2021 22:47,5.102023602,5.102026939
1624748309,26-06-2021 22:58,5.383367538,5.383370876
1624748317,26-06-2021 22:58,5.383367538,5.383370876
1624748898,26-06-2021 23:08,4.95281744,4.953570843
1624748901,26-06-2021 23:08,4.95281744,4.953570843
1624749124,26-06-2021 23:12,5.925693035,5.954881668
1624749127,26-06-2021 23:12,5.925693035,5.954881668
1624749223,26-06-2021 23:13,5.652726173,5.660170555
1624749229,26-06-2021 23:13,5.652726173,5.660170555
1624749450,26-06-2021 23:17,5.46392107,5.492771626
1624749795,26-06-2021 23:23,5.332036972,5.38220787
1624750205,26-06-2021 23:30,5.210114002,5.226542473
1624750520,26-06-2021 23:35,5.072274685,5.083559513
1624750523,26-06-2021 23:35,5.072274685,5.083559513
1624750880,26-06-2021 23:41,5.343214989,5.343218327
1624750882,26-06-2021 23:41,5.343214989,5.343218327
1624854563,28-06-2021 04:29,11.026474,11.69161606
1624854646,28-06-2021 04:30,10.65411663,10.87287045
1624854748,28-06-2021 04:32,10.00417995,10.00474548
1624855068,28-06-2021 04:37,10.5797224,10.57972908
1624855210,28-06-2021 04:40,10.08765125,10.08765697
1624855567,28-06-2021 04:46,10.75629902,10.75630569
1624855938,28-06-2021 04:52,11.62293243,11.71194363
1624856315,28-06-2021 04:58,11.52459717,11.52460384
1624856891,28-06-2021 05:08,11.73809052,11.73809814
1624857150,28-06-2021 05:12,11.59716892,11.59717655
1624857727,28-06-2021 05:22,14.49281693,14.49282646
1624858148,28-06-2021 05:29,11.857687,11.85769463
1624858687,28-06-2021 05:38,12.12919617,12.1292038
1624858867,28-06-2021 05:41,11.31733322,11.31734085
1624859326,28-06-2021 05:48,11.70812225,11.70812988
1624859735,28-06-2021 05:55,10.21823883,10.21824551
1624860725,28-06-2021 06:12,10.11533356,10.11533928
1624861445,28-06-2021 06:24,8.462701797,8.46270752
1624861771,28-06-2021 06:29,7.977830887,7.977836132
1624861984,28-06-2021 06:33,8.121939659,8.121945381
1624862650,28-06-2021 06:44,9.192620277,9.192626953
1624863063,28-06-2021 06:51,7.979589939,7.979594707
1624863556,28-06-2021 06:59,8.910512924,8.910518646
1624864272,28-06-2021 07:11,8.950037956,8.950043678
1624864812,28-06-2021 07:20,8.215360641,8.215366364
1624865275,28-06-2021 07:27,9.224877357,9.22488308
1624865698,28-06-2021 07:34,8.61763382,8.617639542
1624866068,28-06-2021 07:41,8.061560631,8.061566353
1624866099,28-06-2021 07:41,8.168515205,8.168520927
1624866130,28-06-2021 07:42,9.201930046,9.201935768
1624866171,28-06-2021 07:42,9.008787155,9.008792877
1624866202,28-06-2021 07:43,8.498169899,8.498174667
1624866233,28-06-2021 07:43,8.098232269,8.098237038
1624866264,28-06-2021 07:44,8.165782928,8.165787697
1624866365,28-06-2021 07:46,7.990372658,7.990377903
1624866682,28-06-2021 07:51,7.869940758,7.869945526
1624866975,28-06-2021 07:56,8.337946892,8.337952614
1624867644,28-06-2021 08:07,8.163244247,8.163249016
1624868294,28-06-2021 08:18,8.406417847,8.406423569
1624868854,28-06-2021 08:27,8.995527267,8.99553299
1624868943,28-06-2021 08:29,8.895317078,8.8953228
1624869187,28-06-2021 08:33,8.750404358,8.750409126
1624869549,28-06-2021 08:39,9.128975868,9.128982544
1624869975,28-06-2021 08:46,9.308461189,9.308466911
1624870227,28-06-2021 08:50,8.616598129,8.616603851
1624870602,28-06-2021 08:56,8.854325294,8.854331017
1624870798,28-06-2021 08:59,9.600744247,9.600749969
1624871129,28-06-2021 09:05,9.362056732,9.362062454
1624871554,28-06-2021 09:12,8.575683594,8.575689316
1624871847,28-06-2021 09:17,9.145552635,9.145558357
1624872124,28-06-2021 09:22,9.937204361,9.937211037
1624872567,28-06-2021 09:29,8.246826172,8.246831894
1624873495,28-06-2021 09:44,8.343744278,8.343749046
1624873672,28-06-2021 09:47,8.713932991,8.713938713
1624873828,28-06-2021 09:50,8.11335659,8.113361359
1624874166,28-06-2021 09:56,9.353681564,9.353687286
1624874595,28-06-2021 10:03,9.675382614,9.675388336
1624874958,28-06-2021 10:09,8.311380386,8.293255806
1624875351,28-06-2021 10:15,9.121070862,9.121076584
1624875811,28-06-2021 10:23,7.991177082,7.991182327
1624876339,28-06-2021 10:32,8.678375244,8.631818771
1624876792,28-06-2021 10:39,8.585659981,8.585665703
1624877239,28-06-2021 10:47,9.012473106,9.012478828
1624877485,28-06-2021 10:51,9.289325714,9.289331436
1624877878,28-06-2021 10:57,9.130536079,9.130541801
1624878207,28-06-2021 11:03,9.486240387,9.486246109
1624878950,28-06-2021 11:15,8.944113731,8.944119453
1624880211,28-06-2021 11:36,9.444353104,9.444358826
1624880242,28-06-2021 11:37,9.611484528,9.61149025
1624880359,28-06-2021 11:39,9.219923019,9.219928741
1624880523,28-06-2021 11:42,9.394137383,9.394197464
1624881448,28-06-2021 11:57,9.001806259,9.001811981
1624881947,28-06-2021 12:05,9.325414658,9.32542038
1624882538,28-06-2021 12:15,9.408982277,9.408987999
1624883098,28-06-2021 12:24,8.821111679,8.821117401
1624883591,28-06-2021 12:33,8.645998001,8.649071693
1624884022,28-06-2021 12:40,8.840492249,8.840497971
1624884520,28-06-2021 12:48,8.928741455,8.928764343
1624884912,28-06-2021 12:55,9.379940033,9.379945755
1624885472,28-06-2021 13:04,9.090938568,9.09094429
1624886067,28-06-2021 13:14,8.782855034,8.782860756
1624886728,28-06-2021 13:25,7.779684067,7.7822752
1624887343,28-06-2021 13:35,8.47667408,8.476678848
1624887849,28-06-2021 13:44,9.38295269,9.382959366
1624888440,28-06-2021 13:54,9.226018906,9.226024628
1624889162,28-06-2021 14:06,9.463274956,9.463281631
1624889758,28-06-2021 14:15,8.881296158,8.88130188
1624890418,28-06-2021 14:26,9.300008774,9.300014496
1624890826,28-06-2021 14:33,9.677001953,9.677007675
1624891213,28-06-2021 14:40,9.650220871,9.650227547
1624891608,28-06-2021 14:46,9.694889069,9.694895744
1624892020,28-06-2021 14:53,9.249976158,9.24998188
1624892368,28-06-2021 14:59,10.04833317,10.05786228
1624892739,28-06-2021 15:05,9.130775452,9.130781174
1624893452,28-06-2021 15:17,9.664019585,9.66402626
1624894115,28-06-2021 15:28,10.00183105,10.00183678
1624894349,28-06-2021 15:32,8.80741024,8.807415009
1624894472,28-06-2021 15:34,9.472855568,9.472862244
1624894986,28-06-2021 15:43,9.355941772,9.355947495
1624895469,28-06-2021 15:51,9.199063301,9.199069977
1624895981,28-06-2021 15:59,8.623701096,8.623706818
1624896362,28-06-2021 16:06,8.622195244,8.622200966
1624897321,28-06-2021 16:22,8.299176216,8.299315453
1624897867,28-06-2021 16:31,8.167222977,8.22648716
1624898211,28-06-2021 16:36,7.712133884,7.71213913
1624898425,28-06-2021 16:40,7.112823486,7.112827778
1624898853,28-06-2021 16:47,7.829509735,7.829514503
1624899262,28-06-2021 16:54,7.602877617,7.602882385
1624899747,28-06-2021 17:02,7.907265663,7.907270432
1624900556,28-06-2021 17:15,7.554615974,7.554620743
1624901220,28-06-2021 17:27,8.279273033,8.331264496
1624901737,28-06-2021 17:35,7.702803135,7.70280838
1624902190,28-06-2021 17:43,7.443189144,7.533037663
1624902628,28-06-2021 17:50,8.544018745,8.544024467
1624903047,28-06-2021 17:57,6.99912262,6.999126911
1624904035,28-06-2021 18:13,7.152561665,7.152662754
1624904593,28-06-2021 18:23,7.26887846,7.269634724
1624904632,28-06-2021 18:23,7.250794411,7.250799179
1624904683,28-06-2021 18:24,7.763758659,7.763763905
1624904765,28-06-2021 18:26,6.849535465,6.849540234
1624904849,28-06-2021 18:27,7.896001339,7.896006584
1624905142,28-06-2021 18:32,7.416235447,7.416240215
1624905294,28-06-2021 18:34,7.545720577,7.545725346
1624905569,28-06-2021 18:39,7.234298706,7.234303474
1624906078,28-06-2021 18:47,7.265252113,7.265256882
1624906713,28-06-2021 18:58,8.326072693,8.341300011
1624906989,28-06-2021 19:03,7.745913506,7.746166706
1624907069,28-06-2021 19:04,7.956922531,7.957014561
1624907203,28-06-2021 19:06,8.806330681,8.810381889
1624907630,28-06-2021 19:13,8.00581646,8.005821228
1624908128,28-06-2021 19:22,8.076916695,8.076921463
1624908734,28-06-2021 19:32,8.8371315,8.83835125
1624908883,28-06-2021 19:34,8.673803329,8.673809052
1624909039,28-06-2021 19:37,8.174513817,8.174519539
1625722566,08-07-2021 05:36,6.315294743,6.315299034
1625722597,08-07-2021 05:36,6.143881321,6.143885612
1625722628,08-07-2021 05:37,6.566282749,6.566287041
1625722659,08-07-2021 05:37,9.852035522,9.859958649
1625722690,08-07-2021 05:38,11.8469162,11.90783691
1625722721,08-07-2021 05:38,9.974891663,10.01240826
1625722831,08-07-2021 05:40,18.53532028,18.61467171
1625723261,08-07-2021 05:47,17.92455482,18.08113861
1625723614,08-07-2021 05:53,19.62984657,19.7135601
1625723818,08-07-2021 05:56,17.04549408,17.04781342
1625724100,08-07-2021 06:01,11.12548828,11.12549496
1625724559,08-07-2021 06:09,12.34064007,12.34287357
1625724816,08-07-2021 06:13,18.54357338,18.54406166
1625725139,08-07-2021 06:18,18.26838112,18.32568169
1625725627,08-07-2021 06:27,17.46849823,17.48074532
1625726313,08-07-2021 06:38,22.69733429,22.93632889
1625727007,08-07-2021 06:50,19.06455231,19.08986664
1625727396,08-07-2021 06:56,16.84043503,16.85844231
1625727742,08-07-2021 07:02,11.35015106,11.35017967
1625728146,08-07-2021 07:09,11.59455204,11.59749889
1625728534,08-07-2021 07:15,10.35497379,10.35498047
1625728920,08-07-2021 07:22,10.48201084,10.48201752
1625729366,08-07-2021 07:29,11.94870758,11.94871521
1625729482,08-07-2021 07:31,10.53680611,10.53681278
1625729663,08-07-2021 07:34,10.44061661,10.4481163
1625730094,08-07-2021 07:41,9.167002678,9.175507545
1625730588,08-07-2021 07:49,10.6448307,10.64483738
1625731123,08-07-2021 07:58,9.484483719,9.484489441
1625731339,08-07-2021 08:02,9.572345734,9.572382927
1625731621,08-07-2021 08:07,10.38012028,10.38012695
1625732080,08-07-2021 08:14,10.69907284,10.69908047
1625732529,08-07-2021 08:22,11.25079155,11.25079823
1625732911,08-07-2021 08:28,11.50263882,11.50264645
1625733036,08-07-2021 08:30,10.27470589,10.27471256
1625733082,08-07-2021 08:31,11.12221241,11.12222004
1625733143,08-07-2021 08:32,11.63001823,11.63002586
1625733174,08-07-2021 08:32,11.29756832,11.29757595
1625808680,09-07-2021 05:31,3.343950272,3.343952417
1625808731,09-07-2021 05:32,3.969373941,3.969376326
1625808830,09-07-2021 05:33,4.062721729,4.062724113
1625808896,09-07-2021 05:34,3.245820761,3.245822906
1625808927,09-07-2021 05:35,3.085645437,3.085647583
1625809519,09-07-2021 05:45,3.565363884,3.565366268
1625810809,09-07-2021 06:06,3.769817352,3.769819975
1625811723,09-07-2021 06:22,4.138237476,4.913571358
1625811754,09-07-2021 06:22,3.481624603,3.77218771
1625811866,09-07-2021 06:24,3.784891129,3.91672945
1625812295,09-07-2021 06:31,3.8754282,3.877094269
1625812891,09-07-2021 06:41,3.454269171,3.454271317
1625813317,09-07-2021 06:48,3.491945982,3.491948366
1625813904,09-07-2021 06:58,4.383105278,4.383108139
1625814855,09-07-2021 07:14,4.65055418,4.650557518
1625815974,09-07-2021 07:32,5.059051514,5.059054852
1625816241,09-07-2021 07:37,4.243739605,4.243741989
1625816326,09-07-2021 07:38,4.325039864,4.325042725
1625816491,09-07-2021 07:41,5.018522739,5.018526077
1625817947,09-07-2021 08:05,4.63932085,4.639323711
1625819425,09-07-2021 08:30,2.183351755,2.183353186
1625819771,09-07-2021 08:36,2.341342449,2.34134388
1625819802,09-07-2021 08:36,1.980787039,1.98078835
1625819917,09-07-2021 08:38,2.001844406,2.001845598
1625820213,09-07-2021 08:43,2.158663988,2.158665419
1625820309,09-07-2021 08:45,2.394602537,2.394604206
1625820743,09-07-2021 08:52,2.153508902,2.153510332
1625821181,09-07-2021 08:59,2.900682449,2.900684357
