Epoch date,GMT,CO_mega
1623818920,16-06-2021 04:48,406
1623818951,16-06-2021 04:49,417
1623818982,16-06-2021 04:49,413
1623819013,16-06-2021 04:50,418
1623819044,16-06-2021 04:50,410
1623819075,16-06-2021 04:51,416
1623819127,16-06-2021 04:52,413
1623819173,16-06-2021 04:52,414
1623819233,16-06-2021 04:53,416
1623819283,16-06-2021 04:54,419
1623819335,16-06-2021 04:55,418
1623819383,16-06-2021 04:56,418
1623819446,16-06-2021 04:57,421
1623819500,16-06-2021 04:58,419
1623819548,16-06-2021 04:59,420
1623819589,16-06-2021 04:59,422
1623819644,16-06-2021 05:00,425
1623819688,16-06-2021 05:01,420
1623819746,16-06-2021 05:02,423
1623819799,16-06-2021 05:03,427
1623819849,16-06-2021 05:04,432
1623819902,16-06-2021 05:05,431
1623819938,16-06-2021 05:05,427
1623819969,16-06-2021 05:06,428
1623820000,16-06-2021 05:06,425
1623820031,16-06-2021 05:07,429
1623820062,16-06-2021 05:07,430
1623820093,16-06-2021 05:08,427
1623820124,16-06-2021 05:08,432
1623820155,16-06-2021 05:09,434
1623820186,16-06-2021 05:09,439
1623820230,16-06-2021 05:10,435
1623820287,16-06-2021 05:11,417
1623820338,16-06-2021 05:12,420
1623820393,16-06-2021 05:13,426
1623820442,16-06-2021 05:14,426
1623820503,16-06-2021 05:15,425
1623820561,16-06-2021 05:16,424
1623820612,16-06-2021 05:16,421
1623820643,16-06-2021 05:17,426
1623820674,16-06-2021 05:17,426
1623820726,16-06-2021 05:18,427
1623820780,16-06-2021 05:19,442
1623820838,16-06-2021 05:20,421
1623820894,16-06-2021 05:21,423
1623820953,16-06-2021 05:22,428
1623820988,16-06-2021 05:23,430
1623821019,16-06-2021 05:23,427
1623821050,16-06-2021 05:24,425
1623821081,16-06-2021 05:24,427
1623821112,16-06-2021 05:25,426
1623821153,16-06-2021 05:25,429
1623821213,16-06-2021 05:26,429
1623821274,16-06-2021 05:27,426
1623821317,16-06-2021 05:28,423
1623821365,16-06-2021 05:29,436
1623821428,16-06-2021 05:30,427
1623821484,16-06-2021 05:31,427
1623821534,16-06-2021 05:32,430
1623821589,16-06-2021 05:33,424
1623821640,16-06-2021 05:34,434
1623821687,16-06-2021 05:34,441
1623821718,16-06-2021 05:35,431
1623821749,16-06-2021 05:35,431
1623821780,16-06-2021 05:36,444
1623821811,16-06-2021 05:36,430
1623821844,16-06-2021 05:37,432
1623821882,16-06-2021 05:38,431
1623903947,17-06-2021 04:25,495
1623903978,17-06-2021 04:26,412
1623904009,17-06-2021 04:26,416
1623904046,17-06-2021 04:27,393
1623904108,17-06-2021 04:28,392
1623904160,17-06-2021 04:29,389
1623904205,17-06-2021 04:30,397
1623904236,17-06-2021 04:30,396
1623904275,17-06-2021 04:31,397
1623904337,17-06-2021 04:32,395
1623904395,17-06-2021 04:33,403
1623904452,17-06-2021 04:34,407
1623904494,17-06-2021 04:34,406
1623904525,17-06-2021 04:35,410
1623904587,17-06-2021 04:36,410
1623904618,17-06-2021 04:36,408
1623904649,17-06-2021 04:37,413
1623904706,17-06-2021 04:38,411
1623904760,17-06-2021 04:39,417
1623904807,17-06-2021 04:40,410
1623904856,17-06-2021 04:40,414
1623904914,17-06-2021 04:41,420
1623904968,17-06-2021 04:42,418
1623905021,17-06-2021 04:43,424
1623905076,17-06-2021 04:44,422
1623905123,17-06-2021 04:45,424
1623905154,17-06-2021 04:45,428
1623905185,17-06-2021 04:46,428
1623905216,17-06-2021 04:46,429
1623905247,17-06-2021 04:47,431
1623905294,17-06-2021 04:48,429
1623905339,17-06-2021 04:48,428
1623905394,17-06-2021 04:49,435
1623905455,17-06-2021 04:50,431
1623905514,17-06-2021 04:51,429
1623905566,17-06-2021 04:52,432
1623905618,17-06-2021 04:53,432
1623905664,17-06-2021 04:54,431
1623905695,17-06-2021 04:54,433
1623905726,17-06-2021 04:55,434
1623905757,17-06-2021 04:55,432
1623905788,17-06-2021 04:56,431
1623905819,17-06-2021 04:56,433
1623905855,17-06-2021 04:57,433
1623905901,17-06-2021 04:58,433
1623905932,17-06-2021 04:58,432
1623905963,17-06-2021 04:59,433
1623905994,17-06-2021 04:59,432
1623906025,17-06-2021 05:00,432
1623906056,17-06-2021 05:00,432
1623906087,17-06-2021 05:01,431
1623906118,17-06-2021 05:01,435
1623906149,17-06-2021 05:02,434
1623906180,17-06-2021 05:03,432
1623906211,17-06-2021 05:03,437
1623906242,17-06-2021 05:04,428
1623906273,17-06-2021 05:04,433
1623906304,17-06-2021 05:05,431
1623906335,17-06-2021 05:05,437
1623906366,17-06-2021 05:06,434
1623906397,17-06-2021 05:06,437
1623906428,17-06-2021 05:07,438
1623990511,18-06-2021 04:28,492
1623990548,18-06-2021 04:29,438
1623990597,18-06-2021 04:29,421
1623990651,18-06-2021 04:30,422
1623990702,18-06-2021 04:31,426
1623990760,18-06-2021 04:32,428
1623990803,18-06-2021 04:33,429
1623990865,18-06-2021 04:34,429
1623990920,18-06-2021 04:35,431
1623990967,18-06-2021 04:36,434
1623991047,18-06-2021 04:37,433
1623991078,18-06-2021 04:37,449
1623991137,18-06-2021 04:38,443
1623991195,18-06-2021 04:39,441
1623991254,18-06-2021 04:40,438
1623991317,18-06-2021 04:41,438
1623991359,18-06-2021 04:42,439
1623991390,18-06-2021 04:43,440
1623991421,18-06-2021 04:43,438
1623991452,18-06-2021 04:44,437
1623991483,18-06-2021 04:44,440
1623991514,18-06-2021 04:45,441
1623991546,18-06-2021 04:45,440
1623991604,18-06-2021 04:46,443
1623991704,18-06-2021 04:48,443
1623991764,18-06-2021 04:49,442
1623991820,18-06-2021 04:50,442
1623991871,18-06-2021 04:51,443
1623991926,18-06-2021 04:52,443
1623991984,18-06-2021 04:53,442
1623992033,18-06-2021 04:53,440
1623992065,18-06-2021 04:54,444
1623992095,18-06-2021 04:54,442
1623992147,18-06-2021 04:55,442
1623992203,18-06-2021 04:56,443
1623992262,18-06-2021 04:57,443
1623992325,18-06-2021 04:58,442
1623992371,18-06-2021 04:59,442
1623992424,18-06-2021 05:00,442
1623992479,18-06-2021 05:01,441
1623992536,18-06-2021 05:02,441
1623992587,18-06-2021 05:03,444
1623992645,18-06-2021 05:04,444
1623992701,18-06-2021 05:05,442
1623992740,18-06-2021 05:05,444
1623992771,18-06-2021 05:06,444
1623992816,18-06-2021 05:06,443
1623992875,18-06-2021 05:07,444
1623992933,18-06-2021 05:08,445
1623992987,18-06-2021 05:09,447
1623993045,18-06-2021 05:10,447
1623993106,18-06-2021 05:11,448
1623993164,18-06-2021 05:12,446
1623993228,18-06-2021 05:13,445
1623993283,18-06-2021 05:14,446
1623993342,18-06-2021 05:15,446
1623993386,18-06-2021 05:16,448
1623993429,18-06-2021 05:17,449
1623993481,18-06-2021 05:18,449
1623993534,18-06-2021 05:18,447
1623993585,18-06-2021 05:19,447
1623993645,18-06-2021 05:20,447
1623993704,18-06-2021 05:21,446
1623993762,18-06-2021 05:22,447
1623993820,18-06-2021 05:23,448
1623993884,18-06-2021 05:24,450
1623993947,18-06-2021 05:25,448
1623994011,18-06-2021 05:26,450
1623994070,18-06-2021 05:27,449
1623994130,18-06-2021 05:28,453
1623994188,18-06-2021 05:29,454
1623994243,18-06-2021 05:30,452
1623994304,18-06-2021 05:31,452
1623994363,18-06-2021 05:32,452
1623994421,18-06-2021 05:33,451
1623994484,18-06-2021 05:34,452
1623994541,18-06-2021 05:35,448
1623994607,18-06-2021 05:36,449
1623994666,18-06-2021 05:37,447
1623994723,18-06-2021 05:38,452
1623994774,18-06-2021 05:39,447
1623994826,18-06-2021 05:40,451
1623994890,18-06-2021 05:41,459
1623994954,18-06-2021 05:42,469
1623995015,18-06-2021 05:43,459
1623995076,18-06-2021 05:44,452
1623995115,18-06-2021 05:45,452
1623995146,18-06-2021 05:45,454
1623995177,18-06-2021 05:46,450
1623995208,18-06-2021 05:46,451
1623995240,18-06-2021 05:47,450
1623995271,18-06-2021 05:47,449
1623995302,18-06-2021 05:48,451
1623995333,18-06-2021 05:48,452
1623995364,18-06-2021 05:49,453
1623995395,18-06-2021 05:49,452
1623995426,18-06-2021 05:50,453
1623995458,18-06-2021 05:50,453
1623995488,18-06-2021 05:51,452
1623995519,18-06-2021 05:51,454
1623995550,18-06-2021 05:52,453
1623995582,18-06-2021 05:53,452
1623995615,18-06-2021 05:53,455
1623995647,18-06-2021 05:54,454
1623995678,18-06-2021 05:54,453
1623995709,18-06-2021 05:55,456
1623995740,18-06-2021 05:55,474
1623995771,18-06-2021 05:56,467
1623995802,18-06-2021 05:56,480
1623995833,18-06-2021 05:57,460
1623995864,18-06-2021 05:57,456
1623995895,18-06-2021 05:58,454
1623995926,18-06-2021 05:58,453
1623995957,18-06-2021 05:59,453
1623995988,18-06-2021 05:59,453
1623996023,18-06-2021 06:00,452
1623996076,18-06-2021 06:01,451
1623996127,18-06-2021 06:02,450
1623996173,18-06-2021 06:02,452
1623996214,18-06-2021 06:03,452
1623996265,18-06-2021 06:04,452
1623996316,18-06-2021 06:05,450
1623996373,18-06-2021 06:06,454
1623996432,18-06-2021 06:07,453
1623996491,18-06-2021 06:08,457
1623996532,18-06-2021 06:08,454
1623996587,18-06-2021 06:09,456
1623996707,18-06-2021 06:11,456
1623996766,18-06-2021 06:12,457
1623996827,18-06-2021 06:13,457
1623996882,18-06-2021 06:14,457
1623996935,18-06-2021 06:15,456
1623996993,18-06-2021 06:16,458
1623997052,18-06-2021 06:17,456
1623997111,18-06-2021 06:18,457
1623997164,18-06-2021 06:19,454
1623997210,18-06-2021 06:20,456
1623997246,18-06-2021 06:20,456
1623997301,18-06-2021 06:21,455
1623997355,18-06-2021 06:22,457
1623997409,18-06-2021 06:23,478
1623997454,18-06-2021 06:24,462
1623997514,18-06-2021 06:25,459
1623997573,18-06-2021 06:26,456
1623997630,18-06-2021 06:27,457
1623997692,18-06-2021 06:28,456
1623997751,18-06-2021 06:29,457
1623997810,18-06-2021 06:30,457
1623997869,18-06-2021 06:31,455
1623997900,18-06-2021 06:31,457
1623997931,18-06-2021 06:32,458
1623997962,18-06-2021 06:32,457
1623997993,18-06-2021 06:33,457
1623998049,18-06-2021 06:34,457
1623998106,18-06-2021 06:35,457
1623998163,18-06-2021 06:36,455
1623998199,18-06-2021 06:36,458
1623998237,18-06-2021 06:37,456
1623998295,18-06-2021 06:38,457
1623998347,18-06-2021 06:39,457
1623998408,18-06-2021 06:40,459
1623998466,18-06-2021 06:41,458
1623998528,18-06-2021 06:42,455
1623998590,18-06-2021 06:43,458
1623998650,18-06-2021 06:44,455
1623998699,18-06-2021 06:44,456
1623998759,18-06-2021 06:45,454
1623998805,18-06-2021 06:46,457
1623998836,18-06-2021 06:47,454
1623998867,18-06-2021 06:47,453
1623998898,18-06-2021 06:48,455
1623998929,18-06-2021 06:48,456
1623998961,18-06-2021 06:49,455
1623998991,18-06-2021 06:49,456
1623999022,18-06-2021 06:50,456
1623999053,18-06-2021 06:50,455
1623999084,18-06-2021 06:51,458
1623999115,18-06-2021 06:51,456
1623999146,18-06-2021 06:52,457
1623999177,18-06-2021 06:52,458
1623999208,18-06-2021 06:53,457
1623999257,18-06-2021 06:54,459
1623999297,18-06-2021 06:54,460
1623999347,18-06-2021 06:55,459
1623999403,18-06-2021 06:56,457
1623999454,18-06-2021 06:57,458
1623999517,18-06-2021 06:58,460
1623999698,18-06-2021 07:01,457
1623999740,18-06-2021 07:02,459
1623999783,18-06-2021 07:03,458
1623999837,18-06-2021 07:03,458
1624000119,18-06-2021 07:08,459
1624000166,18-06-2021 07:09,458
1624278081,21-06-2021 12:21,397
1624278112,21-06-2021 12:21,398
1624278143,21-06-2021 12:22,400
1624278198,21-06-2021 12:23,404
1624278238,21-06-2021 12:23,405
1624278287,21-06-2021 12:24,406
1624278340,21-06-2021 12:25,408
1624278388,21-06-2021 12:26,409
1624278447,21-06-2021 12:27,412
1624278506,21-06-2021 12:28,409
1624278568,21-06-2021 12:29,413
1624278622,21-06-2021 12:30,414
1624278677,21-06-2021 12:31,412
1624278731,21-06-2021 12:32,417
1624278788,21-06-2021 12:33,419
1624278848,21-06-2021 12:34,425
1624278907,21-06-2021 12:35,425
1624278968,21-06-2021 12:36,421
1624279027,21-06-2021 12:37,429
1624279088,21-06-2021 12:38,426
1624279149,21-06-2021 12:39,420
1624279197,21-06-2021 12:39,434
1624279228,21-06-2021 12:40,452
1624279259,21-06-2021 12:40,438
1624279290,21-06-2021 12:41,438
1624279327,21-06-2021 12:42,444
1624279382,21-06-2021 12:43,443
1624279442,21-06-2021 12:44,445
1624279501,21-06-2021 12:45,445
1624279556,21-06-2021 12:45,446
1624279615,21-06-2021 12:46,449
1624279675,21-06-2021 12:47,447
1624279732,21-06-2021 12:48,448
1624279794,21-06-2021 12:49,449
1624279849,21-06-2021 12:50,453
1624279908,21-06-2021 12:51,452
1624279970,21-06-2021 12:52,453
1624280009,21-06-2021 12:53,452
1624280040,21-06-2021 12:54,511
1624280071,21-06-2021 12:54,497
1624280121,21-06-2021 12:55,540
1624280173,21-06-2021 12:56,521
1624280234,21-06-2021 12:57,511
1624280292,21-06-2021 12:58,521
1624280357,21-06-2021 12:59,548
1624280418,21-06-2021 13:00,506
1624280479,21-06-2021 13:01,502
1624280533,21-06-2021 13:02,493
1624280591,21-06-2021 13:03,527
1624280653,21-06-2021 13:04,579
1624280712,21-06-2021 13:05,483
1624280743,21-06-2021 13:05,857
1624280805,21-06-2021 13:06,709
1624280805,21-06-2021 13:06,709
1624280853,21-06-2021 13:07,599
1624280908,21-06-2021 13:08,616
1624280970,21-06-2021 13:09,530
1624281030,21-06-2021 13:10,523
1624281091,21-06-2021 13:11,522
1624281148,21-06-2021 13:12,511
1624281216,21-06-2021 13:13,496
1624281270,21-06-2021 13:14,509
1624281332,21-06-2021 13:15,511
1624281389,21-06-2021 13:16,512
1624281453,21-06-2021 13:17,509
1624281514,21-06-2021 13:18,549
1624281576,21-06-2021 13:19,541
1624281638,21-06-2021 13:20,508
1624281696,21-06-2021 13:21,578
1624281756,21-06-2021 13:22,511
1624281816,21-06-2021 13:23,534
1624281864,21-06-2021 13:24,541
1624281923,21-06-2021 13:25,537
1624281977,21-06-2021 13:26,545
1624282038,21-06-2021 13:27,546
1624282100,21-06-2021 13:28,545
1624282159,21-06-2021 13:29,552
1624282219,21-06-2021 13:30,655
1624282281,21-06-2021 13:31,977
1624282340,21-06-2021 13:32,927
1624282392,21-06-2021 13:33,864
1624282454,21-06-2021 13:34,752
1624282514,21-06-2021 13:35,713
1624282574,21-06-2021 13:36,689
1624282633,21-06-2021 13:37,585
1624282698,21-06-2021 13:38,589
1624282752,21-06-2021 13:39,489
1624282783,21-06-2021 13:39,550
1624282840,21-06-2021 13:40,549
1624282894,21-06-2021 13:41,406
1624282951,21-06-2021 13:42,460
1624283011,21-06-2021 13:43,451
1624283060,21-06-2021 13:44,441
1624283110,21-06-2021 13:45,483
1624283159,21-06-2021 13:45,445
1624283214,21-06-2021 13:46,470
1624283270,21-06-2021 13:47,423
1624283327,21-06-2021 13:48,476
1624283390,21-06-2021 13:49,429
1624283449,21-06-2021 13:50,451
1624283511,21-06-2021 13:51,481
1624283570,21-06-2021 13:52,458
1624283629,21-06-2021 13:53,450
1624283689,21-06-2021 13:54,463
1624283720,21-06-2021 13:55,480
1624283772,21-06-2021 13:56,458
1624283839,21-06-2021 13:57,473
1624283900,21-06-2021 13:58,469
1624283962,21-06-2021 13:59,471
1624284021,21-06-2021 14:00,463
1624284081,21-06-2021 14:01,447
1624284133,21-06-2021 14:02,478
1624284190,21-06-2021 14:03,444
1624284243,21-06-2021 14:04,509
1624284289,21-06-2021 14:04,468
1624284351,21-06-2021 14:05,451
1624284512,21-06-2021 14:08,434
1624284856,21-06-2021 14:14,490
1624284957,21-06-2021 14:15,474
1624285241,21-06-2021 14:20,508
1624285563,21-06-2021 14:26,458
1624285593,21-06-2021 14:26,457
1624285624,21-06-2021 14:27,465
1624285656,21-06-2021 14:27,454
1624285687,21-06-2021 14:28,454
1624285744,21-06-2021 14:29,448
1624285805,21-06-2021 14:30,465
1624285853,21-06-2021 14:30,453
1624285887,21-06-2021 14:31,454
1624285918,21-06-2021 14:31,457
1624285961,21-06-2021 14:32,458
1624286012,21-06-2021 14:33,477
1624286069,21-06-2021 14:34,447
1624286129,21-06-2021 14:35,474
1624286176,21-06-2021 14:36,451
1624286230,21-06-2021 14:37,450
1624286289,21-06-2021 14:38,469
1624286349,21-06-2021 14:39,464
1624286410,21-06-2021 14:40,472
1624286459,21-06-2021 14:40,457
1624286510,21-06-2021 14:41,448
1624286570,21-06-2021 14:42,452
1624286630,21-06-2021 14:43,466
1624286691,21-06-2021 14:44,462
1624286750,21-06-2021 14:45,464
1624286809,21-06-2021 14:46,455
1624286852,21-06-2021 14:47,453
1624286910,21-06-2021 14:48,469
1624286968,21-06-2021 14:49,461
1624287026,21-06-2021 14:50,460
1624287081,21-06-2021 14:51,448
1624287137,21-06-2021 14:52,466
1624287195,21-06-2021 14:53,473
1624287251,21-06-2021 14:54,491
1624287308,21-06-2021 14:55,477
1624287364,21-06-2021 14:56,502
1624287414,21-06-2021 14:56,495
1624287469,21-06-2021 14:57,526
1624287526,21-06-2021 14:58,521
1624287585,21-06-2021 14:59,476
1624287643,21-06-2021 15:00,464
1624287699,21-06-2021 15:01,463
1624287755,21-06-2021 15:02,441
1624287811,21-06-2021 15:03,438
1624287869,21-06-2021 15:04,456
1624287929,21-06-2021 15:05,437
1624288034,21-06-2021 15:07,433
1624288149,21-06-2021 15:09,439
1624288207,21-06-2021 15:10,438
1624288268,21-06-2021 15:11,439
1624288330,21-06-2021 15:12,438
1624288397,21-06-2021 15:13,436
1624288460,21-06-2021 15:14,438
1624288522,21-06-2021 15:15,442
1624288580,21-06-2021 15:16,439
1624288641,21-06-2021 15:17,443
1624288697,21-06-2021 15:18,440
1624288745,21-06-2021 15:19,443
1624288800,21-06-2021 15:20,442
1624288858,21-06-2021 15:20,446
1624288909,21-06-2021 15:21,443
1624288971,21-06-2021 15:22,444
1624289032,21-06-2021 15:23,444
1624289092,21-06-2021 15:24,447
1624289153,21-06-2021 15:25,448
1624289214,21-06-2021 15:26,445
1624289275,21-06-2021 15:27,448
1624289338,21-06-2021 15:28,446
1624289408,21-06-2021 15:30,447
1624289469,21-06-2021 15:31,444
1624289536,21-06-2021 15:32,447
1624289581,21-06-2021 15:33,446
1624289846,21-06-2021 15:37,454
1624290208,21-06-2021 15:43,462
1624290508,21-06-2021 15:48,461
1624290794,21-06-2021 15:53,456
1624291053,21-06-2021 15:57,454
1624291356,21-06-2021 16:02,464
1624291673,21-06-2021 16:07,478
1624292044,21-06-2021 16:14,477
1624292285,21-06-2021 16:18,484
1624292530,21-06-2021 16:22,485
1624292561,21-06-2021 16:22,484
1624292593,21-06-2021 16:23,484
1624292623,21-06-2021 16:23,484
1624292654,21-06-2021 16:24,485
1624292686,21-06-2021 16:24,485
1624292717,21-06-2021 16:25,484
1624292747,21-06-2021 16:25,486
1624292778,21-06-2021 16:26,490
1624292809,21-06-2021 16:26,492
1624292857,21-06-2021 16:27,497
1624293214,21-06-2021 16:33,508
1624293558,21-06-2021 16:39,506
1624293956,21-06-2021 16:45,510
1624294345,21-06-2021 16:52,504
1624294748,21-06-2021 16:59,509
1624295116,21-06-2021 17:05,513
1624295514,21-06-2021 17:11,499
1624296326,21-06-2021 17:25,492
1624296671,21-06-2021 17:31,496
1624297046,21-06-2021 17:37,495
1624297418,21-06-2021 17:43,493
1624297776,21-06-2021 17:49,502
1624298140,21-06-2021 17:55,502
1624298290,21-06-2021 17:58,502
1624298663,21-06-2021 18:04,499
1624327658,22-06-2021 02:07,765
1624327707,22-06-2021 02:08,766
1624327753,22-06-2021 02:09,768
1624327808,22-06-2021 02:10,758
1624327864,22-06-2021 02:11,750
1624327927,22-06-2021 02:12,740
1624327982,22-06-2021 02:13,737
1624328045,22-06-2021 02:14,732
1624328104,22-06-2021 02:15,720
1624328155,22-06-2021 02:15,711
1624328213,22-06-2021 02:16,713
1624328265,22-06-2021 02:17,707
1624328324,22-06-2021 02:18,699
1624328382,22-06-2021 02:19,693
1624328437,22-06-2021 02:20,681
1624328496,22-06-2021 02:21,678
1624328546,22-06-2021 02:22,677
1624328605,22-06-2021 02:23,667
1624328666,22-06-2021 02:24,659
1624328726,22-06-2021 02:25,655
1624328774,22-06-2021 02:26,641
1624328832,22-06-2021 02:27,638
1624328893,22-06-2021 02:28,629
1624328957,22-06-2021 02:29,623
1624329012,22-06-2021 02:30,614
1624329073,22-06-2021 02:31,607
1624329130,22-06-2021 02:32,598
1624329191,22-06-2021 02:33,585
1624329250,22-06-2021 02:34,559
1624329313,22-06-2021 02:35,563
1624329368,22-06-2021 02:36,565
1624329432,22-06-2021 02:37,562
1624329488,22-06-2021 02:38,548
1624329546,22-06-2021 02:39,534
1624329608,22-06-2021 02:40,550
1624329666,22-06-2021 02:41,557
1624329720,22-06-2021 02:42,543
1624329775,22-06-2021 02:42,548
1624329835,22-06-2021 02:43,527
1624329894,22-06-2021 02:44,519
1624329949,22-06-2021 02:45,525
1624330010,22-06-2021 02:46,518
1624330070,22-06-2021 02:47,525
1624330190,22-06-2021 02:49,521
1624330248,22-06-2021 02:50,508
1624330308,22-06-2021 02:51,536
1624330365,22-06-2021 02:52,518
1624330428,22-06-2021 02:53,510
1624330489,22-06-2021 02:54,510
1624330541,22-06-2021 02:55,519
1624330592,22-06-2021 02:56,490
1624330650,22-06-2021 02:57,517
1624330708,22-06-2021 02:58,511
1624330768,22-06-2021 02:59,508
1624330828,22-06-2021 03:00,513
1624330888,22-06-2021 03:01,506
1624330942,22-06-2021 03:02,507
1624330997,22-06-2021 03:03,496
1624331056,22-06-2021 03:04,499
1624331121,22-06-2021 03:05,475
1624331174,22-06-2021 03:06,486
1624331234,22-06-2021 03:07,492
1624331421,22-06-2021 03:10,482
1624331825,22-06-2021 03:17,497
1624332206,22-06-2021 03:23,467
1624332619,22-06-2021 03:30,482
1624333038,22-06-2021 03:37,510
1624333397,22-06-2021 03:43,477
1624333805,22-06-2021 03:50,476
1624334183,22-06-2021 03:56,471
1624334314,22-06-2021 03:58,492
1624334345,22-06-2021 03:59,504
1624344282,22-06-2021 06:44,432
1624344313,22-06-2021 06:45,438
1624344372,22-06-2021 06:46,442
1624344434,22-06-2021 06:47,438
1624344494,22-06-2021 06:48,441
1624344553,22-06-2021 06:49,442
1624344613,22-06-2021 06:50,449
1624344670,22-06-2021 06:51,448
1624344733,22-06-2021 06:52,455
1624344793,22-06-2021 06:53,449
1624344840,22-06-2021 06:54,452
1624344871,22-06-2021 06:54,438
1624344902,22-06-2021 06:55,434
1624344932,22-06-2021 06:55,435
1624345034,22-06-2021 06:57,436
1624345065,22-06-2021 06:57,436
1624345065,22-06-2021 06:57,436
1624345096,22-06-2021 06:58,435
1624345146,22-06-2021 06:59,437
1624345185,22-06-2021 06:59,436
1624345215,22-06-2021 07:00,436
1624345246,22-06-2021 07:00,437
1624345308,22-06-2021 07:01,438
1624345339,22-06-2021 07:02,437
1624345370,22-06-2021 07:02,440
1624345432,22-06-2021 07:03,435
1624345490,22-06-2021 07:04,437
1624345552,22-06-2021 07:05,435
1624345615,22-06-2021 07:06,437
1624345674,22-06-2021 07:07,435
1624345736,22-06-2021 07:08,443
1624345795,22-06-2021 07:09,443
1624345795,22-06-2021 07:09,443
1624345854,22-06-2021 07:10,441
1624345914,22-06-2021 07:11,439
1624345976,22-06-2021 07:12,439
1624346034,22-06-2021 07:13,439
1624346095,22-06-2021 07:14,439
1624346154,22-06-2021 07:15,436
1624346213,22-06-2021 07:16,437
1624346274,22-06-2021 07:17,438
1624346336,22-06-2021 07:18,446
1624346393,22-06-2021 07:19,442
1624346454,22-06-2021 07:20,444
1624346515,22-06-2021 07:21,442
1624346576,22-06-2021 07:22,441
1624346641,22-06-2021 07:24,438
1624346770,22-06-2021 07:26,436
1624346834,22-06-2021 07:27,439
1624346897,22-06-2021 07:28,442
1624346963,22-06-2021 07:29,443
1624347018,22-06-2021 07:30,440
1624347087,22-06-2021 07:31,443
1624347153,22-06-2021 07:32,443
1624347215,22-06-2021 07:33,442
1624347277,22-06-2021 07:34,441
1624347335,22-06-2021 07:35,441
1624347396,22-06-2021 07:36,443
1624347458,22-06-2021 07:37,452
1624347517,22-06-2021 07:38,457
1624347577,22-06-2021 07:39,458
1624347636,22-06-2021 07:40,461
1624347693,22-06-2021 07:41,462
1624347756,22-06-2021 07:42,464
1624347816,22-06-2021 07:43,464
1624347875,22-06-2021 07:44,464
1624347937,22-06-2021 07:45,465
1624347995,22-06-2021 07:46,469
1624348056,22-06-2021 07:47,470
1624348108,22-06-2021 07:48,470
1624348166,22-06-2021 07:49,469
1624348221,22-06-2021 07:50,472
1624348277,22-06-2021 07:51,468
1624348341,22-06-2021 07:52,472
1624348457,22-06-2021 07:54,469
1624348517,22-06-2021 07:55,472
1624348580,22-06-2021 07:56,472
1624348644,22-06-2021 07:57,467
1624348706,22-06-2021 07:58,472
1624348773,22-06-2021 07:59,474
1624348833,22-06-2021 08:00,469
1624348897,22-06-2021 08:01,470
1624349542,22-06-2021 08:12,479
1624349925,22-06-2021 08:18,483
1624350222,22-06-2021 08:23,482
1624350632,22-06-2021 08:30,475
1624350632,22-06-2021 08:30,475
1624350947,22-06-2021 08:35,479
1624351321,22-06-2021 08:42,482
1624351713,22-06-2021 08:48,483
1624352030,22-06-2021 08:53,485
1624352121,22-06-2021 08:55,484
1624352394,22-06-2021 08:59,483
1624352757,22-06-2021 09:05,483
1624353501,22-06-2021 09:18,483
1624353834,22-06-2021 09:23,489
1624354371,22-06-2021 09:32,486
1624354526,22-06-2021 09:35,485
1624354868,22-06-2021 09:41,467
1624355278,22-06-2021 09:47,460
1624355583,22-06-2021 09:53,460
1624356283,22-06-2021 10:04,468
1624357063,22-06-2021 10:17,463
1624357405,22-06-2021 10:23,456
1624357803,22-06-2021 10:30,455
1624358141,22-06-2021 10:35,455
1624358484,22-06-2021 10:41,456
1624358874,22-06-2021 10:47,454
1624359229,22-06-2021 10:53,453
1624359348,22-06-2021 10:55,456
1624359589,22-06-2021 10:59,458
1624359960,22-06-2021 11:06,455
1624360306,22-06-2021 11:11,450
1624418423,23-06-2021 03:20,399
1624418454,23-06-2021 03:20,400
1624418705,23-06-2021 03:25,421
1624418948,23-06-2021 03:29,429
1624419157,23-06-2021 03:32,437
1624419445,23-06-2021 03:37,439
1624419725,23-06-2021 03:42,444
1624419977,23-06-2021 03:46,450
1624420309,23-06-2021 03:51,468
1624420938,23-06-2021 04:02,459
1624421191,23-06-2021 04:06,461
1624421862,23-06-2021 04:17,455
1624422084,23-06-2021 04:21,451
1624422395,23-06-2021 04:26,454
1624422710,23-06-2021 04:31,458
1624422906,23-06-2021 04:35,444
1624423214,23-06-2021 04:40,447
1624423534,23-06-2021 04:45,449
1624423843,23-06-2021 04:50,452
1624424173,23-06-2021 04:56,446
1624424489,23-06-2021 05:01,438
1624424790,23-06-2021 05:06,435
1624425091,23-06-2021 05:11,430
1624425722,23-06-2021 05:22,438
1624426234,23-06-2021 05:30,437
1624426440,23-06-2021 05:34,434
1624426481,23-06-2021 05:34,436
1624426689,23-06-2021 05:38,439
1624427000,23-06-2021 05:43,433
1624427325,23-06-2021 05:48,439
1624427646,23-06-2021 05:54,443
1624428129,23-06-2021 06:02,444
1624428353,23-06-2021 06:05,443
1624428598,23-06-2021 06:09,437
1624428911,23-06-2021 06:15,437
1624429234,23-06-2021 06:20,448
1624429586,23-06-2021 06:26,438
1624430071,23-06-2021 06:34,439
1624430246,23-06-2021 06:37,442
1624430539,23-06-2021 06:42,454
1624430785,23-06-2021 06:46,443
1624431449,23-06-2021 06:57,435
1624431929,23-06-2021 07:05,436
1624432019,23-06-2021 07:06,433
1624432341,23-06-2021 07:12,440
1624432695,23-06-2021 07:18,442
1624433027,23-06-2021 07:23,442
1624433134,23-06-2021 07:25,440
1624433337,23-06-2021 07:28,442
1624433634,23-06-2021 07:33,444
1624433700,23-06-2021 07:35,453
1624433761,23-06-2021 07:36,457
1624433792,23-06-2021 07:36,458
1624433824,23-06-2021 07:37,459
1624433905,23-06-2021 07:38,458
1624434178,23-06-2021 07:42,510
1624434323,23-06-2021 07:45,512
1624434796,23-06-2021 07:53,481
1624435480,23-06-2021 08:04,496
1624435704,23-06-2021 08:08,480
1624435873,23-06-2021 08:11,502
1624436191,23-06-2021 08:16,501
1624436524,23-06-2021 08:22,487
1624436774,23-06-2021 08:26,515
1624437102,23-06-2021 08:31,493
1624437594,23-06-2021 08:39,489
1624437715,23-06-2021 08:41,501
1624437909,23-06-2021 08:45,482
1624438571,23-06-2021 08:56,459
1624438936,23-06-2021 09:02,456
1624439220,23-06-2021 09:07,450
1624439575,23-06-2021 09:12,452
1624439869,23-06-2021 09:17,446
1624440186,23-06-2021 09:23,449
1624440520,23-06-2021 09:28,464
1624440783,23-06-2021 09:33,471
1624440888,23-06-2021 09:34,465
1624441492,23-06-2021 09:44,447
1624441781,23-06-2021 09:49,452
1624442089,23-06-2021 09:54,449
1624442540,23-06-2021 10:02,453
1624442898,23-06-2021 10:08,439
1624443389,23-06-2021 10:16,442
1624444780,23-06-2021 10:39,423
1624445138,23-06-2021 10:45,427
1624445323,23-06-2021 10:48,429
1624445563,23-06-2021 10:52,436
1624445899,23-06-2021 10:58,437
1624446821,23-06-2021 11:13,447
1624447282,23-06-2021 11:21,452
1624447474,23-06-2021 11:24,449
1624502166,24-06-2021 02:36,444
1624502197,24-06-2021 02:36,401
1624511689,24-06-2021 05:14,464
1624512329,24-06-2021 05:25,458
1624512601,24-06-2021 05:30,456
1624512937,24-06-2021 05:35,460
1624513388,24-06-2021 05:43,463
1624513685,24-06-2021 05:48,466
1624514021,24-06-2021 05:53,465
1624514364,24-06-2021 05:59,467
1624514708,24-06-2021 06:05,467
1624514999,24-06-2021 06:09,469
1624515376,24-06-2021 06:16,471
1624515558,24-06-2021 06:19,468
1624516384,24-06-2021 06:33,452
1624516512,24-06-2021 06:35,449
1624516681,24-06-2021 06:38,454
1624516975,24-06-2021 06:42,459
1624517297,24-06-2021 06:48,457
1624517630,24-06-2021 06:53,458
1624518718,24-06-2021 07:11,454
1624518994,24-06-2021 07:16,454
1624519312,24-06-2021 07:21,454
1624519962,24-06-2021 07:32,461
1624520171,24-06-2021 07:36,462
1624520497,24-06-2021 07:41,458
1624520861,24-06-2021 07:47,461
1624521196,24-06-2021 07:53,463
1624521517,24-06-2021 07:58,466
1624521807,24-06-2021 08:03,472
1624522154,24-06-2021 08:09,467
1624522464,24-06-2021 08:14,463
1624522505,24-06-2021 08:15,463
1624522705,24-06-2021 08:18,469
1624523175,24-06-2021 08:26,467
1624523448,24-06-2021 08:30,463
1624523693,24-06-2021 08:34,474
1624523908,24-06-2021 08:38,466
1624524241,24-06-2021 08:44,464
1624524839,24-06-2021 08:53,447
1624525104,24-06-2021 08:58,446
1624526040,24-06-2021 09:14,454
1624526264,24-06-2021 09:17,452
1624526587,24-06-2021 09:23,463
1624526895,24-06-2021 09:28,466
1624527071,24-06-2021 09:31,466
1624528472,24-06-2021 09:54,446
1624528947,24-06-2021 10:02,447
1624529022,24-06-2021 10:03,447
1624529197,24-06-2021 10:06,449
1624529510,24-06-2021 10:11,449
1624529792,24-06-2021 10:16,443
1624530053,24-06-2021 10:20,444
1624530097,24-06-2021 10:21,446
1624530429,24-06-2021 10:27,450
1624530746,24-06-2021 10:32,446
1624531063,24-06-2021 10:37,446
1624531342,24-06-2021 10:42,475
1624531635,24-06-2021 10:47,446
1624531953,24-06-2021 10:52,447
1624532476,24-06-2021 11:01,443
1624532751,24-06-2021 11:05,446
1624533119,24-06-2021 11:11,447
1624533396,24-06-2021 11:16,451
1624533727,24-06-2021 11:22,446
1624534061,24-06-2021 11:27,449
1624534378,24-06-2021 11:32,444
1624591874,25-06-2021 03:31,447
1624591980,25-06-2021 03:33,395
1624592232,25-06-2021 03:37,427
1624592489,25-06-2021 03:41,433
1624592830,25-06-2021 03:47,432
1624593105,25-06-2021 03:51,463
1624593860,25-06-2021 04:04,452
1624594113,25-06-2021 04:08,446
1624594445,25-06-2021 04:14,449
1624594975,25-06-2021 04:22,444
1624595141,25-06-2021 04:25,442
1624596074,25-06-2021 04:41,446
1624596407,25-06-2021 04:46,453
1624596598,25-06-2021 04:49,449
1624596933,25-06-2021 04:55,447
1624597619,25-06-2021 05:06,451
1624597926,25-06-2021 05:12,444
1624598212,25-06-2021 05:16,451
1624598581,25-06-2021 05:23,452
1624598892,25-06-2021 05:28,451
1624599187,25-06-2021 05:33,449
1624599532,25-06-2021 05:38,455
1624599581,25-06-2021 05:39,455
1624599914,25-06-2021 05:45,449
1624600231,25-06-2021 05:50,454
1624600527,25-06-2021 05:55,454
1624600836,25-06-2021 06:00,460
1624601197,25-06-2021 06:06,447
1624601509,25-06-2021 06:11,452
1624602149,25-06-2021 06:22,448
1624602426,25-06-2021 06:27,450
1624602741,25-06-2021 06:32,448
1624602970,25-06-2021 06:36,446
1624603281,25-06-2021 06:41,443
1624603608,25-06-2021 06:46,445
1624603930,25-06-2021 06:52,449
1624604147,25-06-2021 06:55,449
1624604498,25-06-2021 07:01,462
1624604980,25-06-2021 07:09,458
1624605297,25-06-2021 07:14,463
1624605706,25-06-2021 07:21,470
1624606063,25-06-2021 07:27,467
1624606372,25-06-2021 07:32,469
1624606522,25-06-2021 07:35,472
1624606696,25-06-2021 07:38,469
1624607065,25-06-2021 07:44,458
1624607361,25-06-2021 07:49,473
1624607664,25-06-2021 07:54,463
1624608906,25-06-2021 08:15,469
1624609301,25-06-2021 08:21,467
1624609471,25-06-2021 08:24,472
1624609823,25-06-2021 08:30,460
1624610126,25-06-2021 08:35,452
1624610814,25-06-2021 08:46,451
1624611272,25-06-2021 08:54,446
1624611472,25-06-2021 08:57,452
1624611854,25-06-2021 09:04,453
1624612852,25-06-2021 09:20,453
1624613463,25-06-2021 09:31,474
1624613754,25-06-2021 09:35,473
1624614095,25-06-2021 09:41,459
1624615639,25-06-2021 10:07,478
1624616099,25-06-2021 10:14,483
1624616319,25-06-2021 10:18,468
1624616605,25-06-2021 10:23,463
1624616887,25-06-2021 10:28,462
1624617198,25-06-2021 10:33,458
1624617551,25-06-2021 10:39,458
