Date Time, Monitor ID, Location ID, CO(ppm), PM10(ppm), PM2.5(ppm),Unnamed: 0,Unnamed: 0.1,Unnamed: 0.1.1,timestamp,temp_c,hum_prcnt,press_hpa,ozone_ppm,ozone_volt_mv,co_ppm,co_mv,no2_ppb,no2_mv,tvoc_ppb,mc2p5_ugpm3,mc1p0_ugpm3,mc4p0_ugpm3,mc10p0_ugpm3,nc0p5_npcm3,nc1p0_npcm3,nc2p5_npcm3,nc4p0_npcm3,nc10p0_npcm3,typ_pm_um,x_g,y_g,z_g,x_raw,y_raw,z_raw,eq_db,onesmin_db,onesmax_db,lux_lx,uv_mwpm2,batt_volt,batt_prcnt,si1133_int,lis3dh_int,sgpc3_int,batt_int,speco3_int,sps30_int,sps30pre_int,mic4514_int,mic4514pre_int,mic_int,bme280_int,leds_on,code_version,receivedTimestamp,lat,lon,acc,co-ug,no2-ug,o3-ug,co-mg,bc-proxy,ldsa-proxy,newaqi,dosage-male-walking-low,dosage-male-walking-high,dosage-female-walking-low,dosage-female-walking-high,accbin
2021-11-01 11:24:00,1,1, ,0.112,0.069,3290.0,336538.0,336538.0,1635746050502.0,27.13,36.667,947.445,0.0,3027.0,418.0,1678.0,7417.0,2577.0,0.0,51.287,47.79,51.895,52.016,333.27,379.691,381.355,381.655,381.758,0.608,0.144,-0.064,-0.256,2304.0,64512.0,61440.0,66.567,55.602,74.131,352.011,0.379,4142.0,99.0,30.0,30.0,30.0,30.0,30.0,30.0,30.0,30.0,120.0,30.0,30.0,1.0,1.0,1635746052421.0,17.445,78.35,2.1,299.45,236.853,47.239,0.299,2.615,0.0,157.7,14.155,35.388,12.309,30.772,0.0
2021-11-01 11:25:00,1,1, ,0.088,0.063,3291.0,336540.0,336540.0,1635746101028.0,27.09,33.915,947.478,0.0,1742.0,341.0,1453.0,5350.0,1998.0,0.0,47.177,44.327,47.422,47.471,310.048,352.616,353.745,353.94,354.024,0.582,0.016,0.016,-0.16,256.0,256.0,62976.0,67.805,59.378,79.315,1130.677,0.593,4137.0,99.0,30.0,30.0,30.0,30.0,30.0,30.0,30.0,30.0,120.0,30.0,30.0,1.0,1.0,1635746100981.0,17.445,78.35,2.5,235.138,170.679,47.324,0.235,2.197,0.0,120.7,13.021,32.552,11.322,28.306,0.0
2021-11-01 11:27:00,1,1, ,0.102,0.064,3292.0,336542.0,336542.0,1635746228423.0,28.55,34.763,947.408,0.0,450.0,338.0,1449.0,3778.0,1561.0,0.0,50.66,47.405,51.089,51.175,331.096,376.876,378.301,378.553,378.649,0.578,-0.016,-0.016,-0.032,65280.0,65280.0,65024.0,72.554,68.864,84.888,1337.326,0.418,4167.0,99.0,30.0,30.0,30.0,30.0,30.0,30.0,30.0,30.0,120.0,30.0,30.0,1.0,1.0,1635746229678.0,17.445,78.35,2.5,232.894,120.39,46.593,0.233,1.961,0.0,100.7,13.982,34.955,12.158,30.396,0.0
2021-11-01 11:29:00,1,1, ,0.096,0.061,3293.0,336546.0,336546.0,1635746396999.0,29.4,31.286,947.801,0.0,2795.0,360.0,1511.0,2917.0,1322.0,0.0,44.958,42.111,45.303,45.372,294.223,334.835,336.055,336.269,336.353,0.609,0.0,-0.032,-0.064,0.0,65024.0,64512.0,62.747,57.275,68.432,96.706,0.734,4155.0,99.0,30.0,30.0,30.0,30.0,30.0,30.0,30.0,30.0,120.0,30.0,30.0,1.0,1.0,1635746398211.0,17.445,78.35,2.5,246.735,92.804,46.262,0.247,1.701,0.0,95.0,12.408,31.021,10.79,26.975,0.0
2021-11-01 11:32:00,1,1, ,0.130,0.071,3294.0,336550.0,336550.0,1635746577988.0,30.36,30.324,947.309,0.0,3582.0,382.0,1572.0,2460.0,1192.0,0.0,41.202,38.164,41.694,41.832,263.8,302.106,304.478,304.93,305.041,0.588,0.048,-0.032,-0.064,768.0,65024.0,64512.0,67.657,61.78,73.646,1940.819,0.707,4152.0,99.0,30.0,30.0,30.0,30.0,30.0,30.0,30.0,30.0,120.0,30.0,30.0,1.0,1.0,1635746578539.0,17.445,78.35,2.5,262.974,78.174,45.818,0.263,1.553,0.0,91.2,11.372,28.429,9.888,24.721,0.0
2021-11-01 11:37:00,1,1, ,0.132,0.068,3295.0,336554.0,336554.0,1635746853492.0,30.04,33.704,950.819,0.0,1526.0,412.0,1657.0,1932.0,1039.0,0.0,72.33,68.272,72.439,72.461,478.314,543.464,544.857,545.086,545.206,0.566,0.0,0.032,0.08,0.0,512.0,1280.0,74.022,70.162,78.449,401.792,0.644,4130.0,98.0,30.0,30.0,30.0,30.0,30.0,30.0,30.0,30.0,120.0,30.0,30.0,1.0,1.0,1635746854924.0,17.445,78.35,2.5,290.431,61.313,45.893,0.29,1.655,0.0,143.6,19.963,49.907,17.359,43.398,0.0
2021-11-01 11:42:00,1,1, ,0.164,0.112,3296.0,336557.0,336557.0,1635747144493.0,30.33,33.75,952.971,0.0,2914.0,383.0,1582.0,1671.0,971.0,0.0,59.86,56.315,60.11,60.16,394.082,448.068,449.423,449.655,449.759,0.591,-0.032,-0.08,0.032,65024.0,64256.0,512.0,75.448,71.601,80.987,77.293,0.517,4130.0,97.0,30.0,30.0,30.0,30.0,30.0,30.0,30.0,30.0,120.0,30.0,30.0,1.0,1.0,1635747146085.0,17.445,78.35,2.5,267.123,52.963,45.751,0.267,1.466,0.0,118.8,16.521,41.303,14.366,35.916,0.0
2021-11-01 11:45:00,1,1, ,0.099,0.069,3297.0,336560.0,336560.0,1635747336682.0,30.56,33.086,953.078,0.0,2819.0,432.0,1715.0,1660.0,965.0,0.0,98.937,92.496,99.848,100.03,645.812,735.251,738.126,738.637,738.827,0.516,0.0,-0.112,0.016,0.0,63744.0,256.0,76.015,70.642,82.308,398.355,0.47,4121.0,97.0,30.0,30.0,30.0,30.0,30.0,30.0,30.0,30.0,120.0,30.0,30.0,1.0,1.0,1635747337158.0,17.445,78.35,2.5,305.605,52.605,45.654,0.306,1.718,0.0,151.7,27.307,68.266,23.745,59.362,0.0
2021-11-01 11:49:00,1,1, ,0.097,0.066,3298.0,336565.0,336565.0,1635747550641.0,30.58,33.273,947.37,0.0,3109.0,478.0,1839.0,1646.0,958.0,0.0,105.108,99.389,105.114,105.116,696.769,791.381,793.21,793.504,793.672,0.531,0.032,0.064,-0.112,512.0,1024.0,63744.0,72.873,68.471,79.086,317.921,0.365,4118.0,97.0,30.0,30.0,30.0,30.0,30.0,30.0,30.0,30.0,120.0,30.0,30.0,1.0,1.0,1635747550832.0,17.445,78.35,2.5,342.608,52.159,45.64,0.343,1.745,0.0,151.9,29.01,72.525,25.226,63.065,0.0
2021-11-01 11:56:00,1,1, ,0.112,0.097,3299.0,336576.0,336576.0,1635747990709.0,31.64,33.934,947.035,0.0,905.0,447.0,1747.0,1657.0,962.0,0.0,54.609,51.622,54.627,54.63,361.852,411.014,411.982,412.139,412.227,0.59,0.0,0.0,-0.064,0.0,0.0,64512.0,69.735,66.336,73.787,430.724,1.017,4108.0,96.0,30.0,30.0,30.0,30.0,30.0,30.0,30.0,30.0,120.0,30.0,30.0,1.0,1.0,1635747991065.0,17.445,78.35,2.5,317.946,52.522,45.108,0.318,1.446,0.0,108.2,15.072,37.68,13.106,32.766,0.0
2021-11-01 12:00:00,1,1, ,0.098,0.071,3300.0,336580.0,336580.0,1635748232855.0,32.06,31.656,947.288,0.0,2257.0,455.0,1773.0,1721.0,985.0,0.0,61.983,58.272,62.277,62.336,407.669,463.585,465.034,465.282,465.391,0.583,0.144,-0.08,-0.096,2304.0,64256.0,64000.0,72.698,68.791,77.166,260.165,0.302,4105.0,96.0,30.0,30.0,30.0,30.0,30.0,30.0,30.0,30.0,120.0,30.0,30.0,1.0,1.0,1635748233913.0,17.445,78.35,2.5,321.942,54.548,44.958,0.322,1.539,0.0,123.0,17.107,42.768,14.876,37.19,0.0
2021-11-01 12:03:00,1,1, ,0.115,0.074,3301.0,336589.0,336589.0,1635748399787.0,31.63,32.333,948.274,0.0,1799.0,445.0,1749.0,1585.0,940.0,0.0,82.579,78.012,82.647,82.66,546.723,621.082,622.599,622.846,622.981,0.565,0.144,-0.064,-0.08,2304.0,64512.0,64256.0,72.977,67.692,77.636,261.165,0.257,4101.0,95.0,30.0,30.0,30.0,30.0,30.0,30.0,30.0,30.0,120.0,30.0,30.0,1.0,1.0,1635748401068.0,17.445,78.35,2.5,314.791,50.201,45.152,0.315,1.614,0.0,151.2,22.792,56.979,19.819,49.547,0.0
2021-11-01 12:07:00,1,1, ,0.108,0.069,3302.0,336602.0,336602.0,1635748622684.0,31.8,30.707,950.442,0.0,2109.0,419.0,1676.0,1425.0,896.0,0.0,58.667,55.335,58.791,58.816,387.572,440.432,441.606,441.802,441.9,0.548,-0.112,-0.032,0.032,63744.0,65024.0,512.0,72.376,66.641,81.224,378.523,0.812,4092.0,96.0,30.0,30.0,30.0,30.0,30.0,30.0,30.0,30.0,120.0,30.0,30.0,1.0,1.0,1635748623544.0,17.445,78.35,2.5,292.313,45.064,45.108,0.292,1.383,0.0,116.4,16.192,40.481,14.08,35.2,0.0
2021-11-01 12:11:00,1,1, ,0.149,0.112,3303.0,336613.0,336613.0,1635748881993.0,31.39,30.604,949.977,0.0,2176.0,401.0,1622.0,1353.0,875.0,0.0,59.895,56.584,59.943,59.952,396.555,450.487,451.586,451.765,451.862,0.559,0.096,-0.08,0.096,1536.0,64256.0,1536.0,70.532,67.583,73.745,304.883,0.734,4086.0,95.0,30.0,30.0,30.0,30.0,30.0,30.0,30.0,30.0,120.0,30.0,30.0,1.0,1.0,1635748885243.0,17.445,78.35,2.5,277.988,42.757,45.31,0.278,1.352,0.0,118.8,16.531,41.328,14.375,35.937,0.0
2021-11-01 12:12:00,1,1, ,0.133,0.091,3304.0,336618.0,336618.0,1635748954566.0,31.1,31.912,948.92,0.0,1271.0,418.0,1676.0,1360.0,886.0,0.0,72.534,68.586,72.54,72.541,480.821,546.112,547.375,547.578,547.695,0.538,0.016,-0.032,0.0,256.0,65024.0,0.0,75.082,68.479,82.393,302.107,0.51,4098.0,95.0,30.0,30.0,30.0,30.0,30.0,30.0,30.0,30.0,120.0,30.0,30.0,1.0,1.0,1635748953565.0,17.453,78.383,2.2,293.005,42.994,45.42,0.293,1.434,0.0,144.0,20.019,50.049,17.408,43.52,0.0
2021-11-01 12:13:00,1,1, ,0.107,0.082,3305.0,336622.0,336622.0,1635748986348.0,31.1,32.159,948.782,0.0,336.0,406.0,1628.0,1375.0,880.0,0.0,64.739,61.184,64.77,64.777,428.847,487.132,488.294,488.483,488.587,0.563,-0.256,0.064,-0.064,61440.0,1024.0,64512.0,73.725,67.112,77.295,339.722,0.418,4097.0,95.0,30.0,30.0,30.0,30.0,30.0,30.0,30.0,30.0,120.0,30.0,30.0,1.0,1.0,1635748984595.0,17.452,78.382,1.9,283.638,43.477,45.414,0.284,1.391,0.0,128.4,17.868,44.67,15.537,38.843,0.0
2021-11-01 12:17:00,1,1, ,0.118,0.109,3306.0,336633.0,336633.0,1635749235050.0,31.64,31.85,949.167,0.0,363.0,392.0,1598.0,1403.0,895.0,0.0,72.382,68.106,72.676,72.734,476.617,541.893,543.521,543.798,543.924,0.57,0.16,0.032,-0.032,2560.0,512.0,65024.0,67.902,59.998,79.702,588.684,0.562,4097.0,95.0,30.0,30.0,30.0,30.0,30.0,30.0,30.0,30.0,120.0,30.0,30.0,1.0,1.0,1635749235344.0,17.452,78.382,1.9,271.881,44.372,45.158,0.272,1.465,0.0,143.8,19.977,49.944,17.372,43.429,0.0
2021-11-01 12:20:00,1,1, ,0.123,0.080,3307.0,336650.0,336650.0,1635749441674.0,31.69,32.188,949.278,0.0,2447.0,495.0,1890.0,1467.0,912.0,0.0,60.091,56.44,60.422,60.488,394.719,448.947,450.409,450.662,450.77,0.576,-0.096,-0.096,0.096,64000.0,64000.0,1536.0,75.8,71.552,82.478,313.302,0.601,4102.0,94.0,30.0,30.0,30.0,30.0,30.0,30.0,30.0,30.0,120.0,30.0,30.0,1.0,1.0,1635749440958.0,17.452,78.382,1.9,354.656,46.424,45.126,0.355,1.411,0.0,119.2,16.585,41.463,14.422,36.055,0.0
2021-11-01 12:24:00,1,1, ,0.108,0.070,3308.0,336669.0,336669.0,1635749675495.0,31.46,32.346,947.745,0.0,124.0,483.0,1854.0,1450.0,905.0,0.0,121.597,114.989,121.597,121.597,806.155,915.606,917.713,918.051,918.245,0.457,-0.064,0.016,-0.016,64512.0,256.0,65280.0,77.663,70.411,83.265,365.148,0.349,4084.0,94.0,30.0,30.0,30.0,30.0,30.0,30.0,30.0,30.0,120.0,30.0,30.0,1.0,1.0,1635749675674.0,17.452,78.382,1.9,345.307,45.88,45.234,0.345,1.747,0.0,152.4,33.561,83.902,29.183,72.958,0.0
2021-11-01 12:27:00,1,1, ,0.109,0.076,3309.0,336687.0,336687.0,1635749871388.0,32.27,30.688,947.302,0.0,909.0,536.0,2005.0,1585.0,949.0,0.0,88.114,83.326,88.114,88.114,584.169,663.482,665.009,665.254,665.395,0.542,0.048,0.032,-0.016,768.0,512.0,65280.0,75.512,71.149,80.285,405.617,0.117,4091.0,94.0,30.0,30.0,30.0,30.0,30.0,30.0,30.0,30.0,120.0,30.0,30.0,1.0,1.0,1635749870225.0,17.452,78.382,1.9,385.758,50.186,44.879,0.386,1.662,0.0,151.4,24.319,60.799,21.147,52.868,0.0
2021-11-01 12:31:00,1,1, ,0.137,0.071,3310.0,336701.0,336701.0,1635750098698.0,32.44,30.513,947.907,0.0,1938.0,436.0,1727.0,1410.0,898.0,0.0,67.311,63.595,67.361,67.371,445.698,506.306,507.536,507.736,507.845,0.58,0.032,-0.032,0.112,512.0,65024.0,1792.0,74.35,67.691,82.598,649.818,0.295,4091.0,94.0,30.0,30.0,30.0,30.0,30.0,30.0,30.0,30.0,120.0,30.0,30.0,1.0,1.0,1635750097543.0,17.452,78.382,1.9,305.443,44.585,44.801,0.305,1.451,0.0,133.6,18.578,46.444,16.155,40.387,0.0
2021-11-01 12:35:00,1,1, ,0.105,0.067,3311.0,336714.0,336714.0,1635750322890.0,33.52,34.273,949.75,0.0,201.0,469.0,1814.0,1817.0,1008.0,0.0,65.239,61.694,65.24,65.24,432.519,491.242,492.372,492.554,492.658,0.556,0.016,-0.016,-0.032,256.0,65280.0,65024.0,76.852,70.135,80.74,589.325,0.863,4088.0,94.0,30.0,30.0,30.0,30.0,30.0,30.0,30.0,30.0,120.0,30.0,30.0,1.0,1.0,1635750324308.0,17.452,78.382,1.9,335.031,57.654,44.185,0.335,1.637,0.0,129.4,18.006,45.015,15.657,39.144,0.0
2021-11-01 12:38:00,1,1, ,0.120,0.071,3312.0,336724.0,336724.0,1635750523971.0,31.87,23.737,949.641,0.0,5580.0,489.0,1870.0,1746.0,992.0,0.0,47.941,45.336,47.941,47.941,317.835,360.987,361.818,361.951,362.028,0.552,-0.032,-0.016,0.016,65024.0,65280.0,256.0,76.441,74.309,77.953,377.739,0.734,4086.0,94.0,30.0,30.0,30.0,30.0,30.0,30.0,30.0,30.0,120.0,30.0,30.0,1.0,1.0,1635750523087.0,17.452,78.382,1.9,341.543,55.261,45.24,0.342,1.424,0.0,97.9,13.232,33.079,11.506,28.765,0.0
2021-11-01 12:43:00,1,1, ,0.128,0.082,3313.0,336736.0,336736.0,1635750815676.0,27.9,25.121,950.736,0.0,2230.0,512.0,1936.0,1700.0,982.0,0.0,32.289,30.529,32.294,32.295,214.014,243.08,243.645,243.736,243.788,0.551,0.0,-0.032,-0.016,0.0,65024.0,65280.0,66.234,57.763,70.309,429.853,0.457,4074.0,93.0,30.0,30.0,30.0,30.0,30.0,30.0,30.0,30.0,120.0,30.0,30.0,1.0,1.0,1635750814079.0,17.452,78.382,1.9,363.121,53.787,47.14,0.363,1.174,0.0,82.3,8.912,22.279,7.749,19.373,0.0
2021-11-01 12:48:00,1,1, ,0.121,0.077,3314.0,336749.0,336749.0,1635751116434.0,26.03,26.76,951.368,0.0,249.0,537.0,1999.0,1725.0,984.0,0.0,23.299,22.033,23.3,23.3,154.463,175.435,175.839,175.904,175.941,0.539,-0.24,-0.224,0.096,61696.0,61952.0,1536.0,74.058,68.316,76.976,358.31,0.84,4072.0,93.0,30.0,30.0,30.0,30.0,30.0,30.0,30.0,30.0,120.0,30.0,30.0,1.0,1.0,1635751115029.0,17.452,78.382,1.9,385.589,54.597,48.011,0.386,1.039,0.0,71.5,6.431,16.076,5.592,13.98,0.0
2021-11-01 12:52:00,1,1, ,0.153,0.082,3315.0,336759.0,336759.0,1635751328438.0,25.21,27.605,951.739,0.0,172.0,548.0,2033.0,1739.0,987.0,0.0,21.769,20.586,21.769,21.769,144.321,163.915,164.293,164.353,164.388,0.546,0.08,0.016,0.032,1280.0,256.0,512.0,78.37,75.931,81.819,473.396,0.125,4072.0,93.0,30.0,30.0,30.0,30.0,30.0,30.0,30.0,30.0,120.0,30.0,30.0,1.0,1.0,1635751326249.0,17.452,78.382,1.9,395.594,55.051,48.39,0.396,1.009,0.0,69.0,6.008,15.021,5.225,13.061,0.0
2021-11-01 12:56:00,1,1, ,0.123,0.081,3316.0,336768.0,336768.0,1635751567858.0,24.4,28.814,952.401,25.0,-492.0,557.0,2062.0,1742.0,990.0,0.0,22.17,20.95,22.182,22.185,146.837,166.798,167.198,167.263,167.299,0.551,-0.128,-0.128,-0.032,63488.0,63488.0,65024.0,80.327,78.245,83.724,470.047,0.832,4077.0,93.0,30.0,30.0,30.0,30.0,30.0,30.0,30.0,30.0,120.0,30.0,30.0,1.0,1.0,1635751566309.0,17.452,78.382,1.9,404.347,55.157,92.143,0.404,1.004,19.104,70.4,6.119,15.297,5.321,13.302,0.0
2021-11-01 12:59:00,1,1, ,0.116,0.077,3317.0,336779.0,336779.0,1635751789978.0,23.85,29.792,952.312,0.0,201.0,560.0,2068.0,1753.0,994.0,0.0,19.917,18.825,19.925,19.927,131.95,149.881,150.237,150.294,150.327,0.539,0.016,-0.032,0.032,256.0,65024.0,512.0,74.932,62.049,80.0,342.782,0.287,4070.0,93.0,30.0,30.0,30.0,30.0,30.0,30.0,30.0,30.0,120.0,30.0,30.0,1.0,1.0,1635751788710.0,17.452,78.382,1.9,407.953,55.517,49.0,0.408,0.966,0.0,65.8,5.497,13.743,4.78,11.95,0.0
2021-11-01 13:04:00,1,1, ,0.141,0.079,3318.0,336790.0,336790.0,1635752040044.0,23.65,29.535,952.333,44.0,-869.0,572.0,2105.0,1778.0,996.0,0.0,17.129,16.076,17.233,17.254,112.397,127.859,128.289,128.364,128.395,0.57,0.0,0.016,0.016,0.0,256.0,256.0,59.656,52.793,63.111,350.097,0.241,4074.0,93.0,30.0,30.0,30.0,30.0,30.0,30.0,30.0,30.0,120.0,30.0,30.0,1.0,1.0,1635752037436.0,17.452,78.382,1.9,417.402,56.313,125.465,0.417,0.925,17.971,91.3,4.727,11.819,4.111,10.277,0.0
2021-11-01 13:07:00,1,1, ,0.089,0.070,3319.0,336798.0,336798.0,1635752233673.0,24.23,38.345,952.232,139.0,-2767.0,461.0,1787.0,1510.0,925.0,0.0,50.255,46.461,51.165,51.347,323.074,368.693,370.724,371.1,371.211,0.591,-0.016,0.0,-0.016,65280.0,0.0,65280.0,68.59,62.607,78.705,380.976,0.84,4072.0,93.0,30.0,30.0,30.0,30.0,30.0,30.0,30.0,30.0,120.0,30.0,30.0,1.0,1.0,1635752231703.0,17.452,78.382,1.9,336.839,47.835,289.845,0.337,1.216,20.567,154.4,13.87,34.676,12.061,30.153,0.0
2021-11-01 13:11:00,1,1, ,0.111,0.078,3320.0,336809.0,336809.0,1635752482452.0,26.19,35.134,952.263,2.0,-40.0,430.0,1705.0,1417.0,899.0,0.0,63.697,59.162,64.617,64.8,412.092,469.815,472.09,472.506,472.639,0.613,0.0,-0.08,-0.016,0.0,64256.0,65280.0,73.891,55.724,80.868,317.412,0.349,4077.0,93.0,30.0,30.0,30.0,30.0,30.0,30.0,30.0,30.0,120.0,30.0,30.0,1.0,1.0,1635752479831.0,17.452,78.382,1.9,307.996,44.832,51.204,0.308,1.309,23.929,126.4,17.581,43.951,15.287,38.218,0.0
2021-11-01 13:21:00,1,1,0.00, , ,3324.0,336833.0,336833.0,1635753073424.0,27.64,37.789,952.092,0.0,668.0,433.0,1714.0,1328.0,870.0,0.0,65.598,61.132,66.369,66.524,426.332,485.704,487.824,488.206,488.337,0.612,0.032,-0.016,-0.096,512.0,65280.0,64000.0,71.348,64.374,78.701,277.121,0.031,4078.0,92.0,30.0,30.0,30.0,30.0,30.0,30.0,30.0,30.0,120.0,30.0,30.0,1.0,1.0,1635753071267.0,17.521,78.276,1.4,312.319,42.019,46.963,0.312,1.31,0.0,130.2,18.105,45.263,15.744,39.359,0.0
2021-11-01 13:24:00,1,1,0.00, , ,3325.0,336842.0,336842.0,1635753258709.0,28.72,37.67,951.997,0.0,1055.0,407.0,1643.0,1235.0,844.0,0.0,63.702,58.796,64.939,65.186,408.599,466.46,469.14,469.638,469.782,0.626,0.0,0.016,-0.032,0.0,256.0,65024.0,71.403,66.526,80.556,287.856,0.73,4054.0,92.0,30.0,30.0,30.0,30.0,30.0,30.0,30.0,30.0,120.0,30.0,30.0,1.0,1.0,1635753257450.0,17.521,78.276,1.4,290.892,39.046,46.441,0.291,1.275,0.0,126.4,17.582,43.954,15.289,38.221,0.0
2021-11-01 13:26:00,1,1,0.00, , ,3326.0,336847.0,336847.0,1635753373948.0,29.12,36.299,952.052,0.0,1141.0,417.0,1675.0,1335.0,875.0,0.0,60.993,57.467,61.174,61.21,402.358,457.335,458.622,458.839,458.943,0.577,-0.048,0.016,-0.096,64768.0,256.0,64000.0,68.221,64.272,72.529,288.738,0.632,4071.0,93.0,30.0,30.0,30.0,30.0,30.0,30.0,30.0,30.0,120.0,30.0,30.0,1.0,1.0,1635753371007.0,17.521,78.276,1.4,297.381,42.233,46.279,0.297,1.31,0.0,121.0,16.834,42.085,14.638,36.596,0.0
2021-11-01 13:29:00,1,1,0.00, , ,3327.0,336858.0,336858.0,1635753573685.0,29.53,33.679,952.002,0.0,2443.0,429.0,1705.0,1360.0,884.0,0.0,63.704,59.67,64.193,64.291,416.902,474.449,476.177,476.481,476.599,0.592,-0.128,-0.048,0.048,63488.0,64768.0,768.0,74.217,68.364,78.736,305.027,0.585,4061.0,92.0,30.0,30.0,30.0,30.0,30.0,30.0,30.0,30.0,120.0,30.0,30.0,1.0,1.0,1635753571111.0,17.521,78.276,1.4,304.251,43.007,46.142,0.304,1.347,0.0,126.4,17.582,43.955,15.289,38.222,0.0
2021-11-01 13:33:00,1,1,0.00, , ,3328.0,336870.0,336870.0,1635753823356.0,28.66,28.767,952.738,0.0,3538.0,491.0,1874.0,1439.0,902.0,0.0,68.334,64.621,68.334,68.334,453.035,514.543,515.727,515.917,516.026,0.548,0.112,0.016,0.016,1792.0,256.0,256.0,70.594,67.22,77.238,338.82,0.395,4063.0,92.0,30.0,30.0,30.0,30.0,30.0,30.0,30.0,30.0,120.0,30.0,30.0,1.0,1.0,1635753821039.0,17.521,78.276,1.4,349.509,45.478,46.683,0.35,1.394,0.0,135.6,18.86,47.15,16.4,41.0,0.0
2021-11-01 13:36:00,1,1,0.00, , ,3329.0,336880.0,336880.0,1635754007936.0,28.06,30.319,953.612,0.0,3293.0,476.0,1837.0,1432.0,903.0,0.0,64.791,61.267,64.794,64.795,429.518,487.838,488.964,489.145,489.249,0.549,0.048,0.064,0.016,768.0,1024.0,256.0,73.195,70.056,75.713,344.275,0.318,4072.0,92.0,30.0,30.0,30.0,30.0,30.0,30.0,30.0,30.0,120.0,30.0,30.0,1.0,1.0,1635754004967.0,17.521,78.276,1.4,339.284,45.268,46.938,0.339,1.357,0.0,128.6,17.882,44.706,15.55,38.875,0.0
2021-11-01 13:40:00,1,1,0.00, , ,3330.0,336891.0,336891.0,1635754246954.0,27.72,32.917,954.069,0.0,1384.0,429.0,1705.0,1353.0,878.0,0.0,73.494,66.794,75.809,76.273,461.533,528.664,532.889,533.694,533.891,0.58,0.0,0.016,-0.032,0.0,256.0,65024.0,71.109,60.569,78.645,208.046,0.295,4073.0,92.0,30.0,30.0,30.0,30.0,30.0,30.0,30.0,30.0,120.0,30.0,30.0,1.0,1.0,1635754244037.0,17.521,78.276,1.4,304.337,42.767,47.041,0.304,1.37,0.0,146.0,20.284,50.711,17.639,44.096,0.0
2021-11-01 13:50:00,1,1, ,0.087,0.063,3332.0,336915.0,336915.0,1635754802273.0,28.14,36.294,953.084,0.0,1741.0,408.0,1638.0,1325.0,870.0,0.0,54.467,50.849,55.03,55.143,367.563,404.107,405.769,406.067,406.173,0.58,-0.048,-0.016,-0.064,64768.0,65280.0,64512.0,72.255,69.692,75.524,264.637,0.691,4066.0,92.0,30.0,30.0,30.0,30.0,30.0,30.0,30.0,30.0,120.0,30.0,30.0,1.0,1.0,1635754798787.0,17.521,78.276,1.4,290.618,41.909,46.756,0.291,1.242,0.0,108.0,15.033,37.582,13.072,32.68,0.0
2021-11-01 13:53:00,1,1, ,0.078,0.061,3333.0,336925.0,336925.0,1635754997854.0,27.72,28.905,953.02,0.0,2546.0,411.0,1652.0,1367.0,881.0,0.0,48.189,45.384,48.349,48.381,317.712,361.155,362.193,362.368,362.451,0.593,-0.096,-0.048,0.016,64000.0,64768.0,256.0,67.893,53.061,80.147,252.377,0.365,4064.0,92.0,30.0,30.0,30.0,30.0,30.0,30.0,30.0,30.0,120.0,30.0,30.0,1.0,1.0,1635754993651.0,17.521,78.276,1.4,286.019,43.172,47.137,0.286,1.204,0.0,98.2,13.3,33.251,11.565,28.914,0.0
2021-11-01 13:57:00,1,1, ,0.080,0.064,3334.0,336938.0,336938.0,1635755247915.0,26.64,27.742,951.179,0.0,1781.0,434.0,1720.0,1464.0,914.0,0.0,38.324,35.951,38.573,38.623,251.313,285.914,286.896,287.067,287.137,0.601,0.064,0.048,-0.016,1024.0,768.0,65280.0,73.916,66.65,82.13,211.194,0.644,4069.0,92.0,30.0,30.0,30.0,30.0,30.0,30.0,30.0,30.0,120.0,30.0,30.0,1.0,1.0,1635755245546.0,17.521,78.276,1.4,303.797,46.259,47.69,0.304,1.138,0.0,88.3,10.577,26.444,9.198,22.994,0.0
2021-11-01 14:00:00,1,1, ,0.724,0.141,3335.0,336948.0,336948.0,1635755428738.0,26.18,27.947,950.448,0.0,1531.0,578.0,2117.0,1635.0,947.0,0.0,32.271,30.286,32.469,32.509,211.749,240.88,241.692,241.833,241.892,0.596,-0.016,-0.032,0.144,65280.0,65024.0,2304.0,68.877,67.156,71.434,235.833,0.549,4058.0,92.0,30.0,30.0,30.0,30.0,30.0,30.0,30.0,30.0,120.0,30.0,30.0,1.0,1.0,1635755424710.0,17.521,78.276,1.4,419.503,51.731,47.909,0.42,1.126,0.0,82.3,8.907,22.267,7.745,19.363,0.0
2021-11-01 14:05:00,1,1, ,0.519,0.138,3336.0,336961.0,336961.0,1635755700975.0,25.89,35.33,950.044,0.0,103.0,458.0,1782.0,1482.0,915.0,0.0,43.941,41.137,44.297,44.369,287.364,327.067,328.282,328.497,328.579,0.612,0.064,0.032,0.016,1024.0,512.0,256.0,72.436,65.895,77.297,241.444,0.265,4064.0,91.0,30.0,30.0,30.0,30.0,30.0,30.0,30.0,30.0,120.0,30.0,30.0,1.0,1.0,1635755697277.0,17.521,78.276,1.4,330.743,46.913,47.874,0.331,1.183,0.0,93.9,12.128,30.319,10.546,26.365,0.0
2021-11-01 14:07:00,1,1, ,0.912,0.210,3337.5,336970.0,336970.0,1635755857135.0,26.135,29.374,949.283,0.0,1326.0,489.5,1870.5,1564.0,936.5,0.0,40.576,37.659,41.185,41.307,262.245,299.025,300.505,300.775,300.861,0.604,0.048,0.016,-0.048,33536.0,33024.0,32000.0,70.477,66.064,76.424,252.318,0.784,4059.0,91.0,30.0,30.0,30.0,30.0,30.0,30.0,30.0,30.0,120.0,30.0,30.0,1.0,1.0,1635755852003.0,17.521,78.276,1.4,350.054,49.474,47.897,0.35,1.186,0.0,90.55,11.199,27.997,9.738,24.346,0.0
2021-11-01 14:08:00,1,1, ,0.551,0.123,3339.5,336974.0,336974.0,1635755919167.0,25.985,29.045,949.43,0.0,1416.5,490.0,1877.5,1571.0,934.5,0.0,37.211,34.621,37.697,37.795,241.298,274.998,276.262,276.492,276.568,0.592,0.04,-0.096,0.056,640.0,64000.0,33664.0,72.834,69.604,75.913,238.884,0.361,4056.0,91.0,30.0,30.0,30.0,30.0,30.0,30.0,30.0,30.0,120.0,30.0,30.0,1.0,1.0,1635755913525.0,17.521,78.276,1.4,350.203,49.694,47.978,0.35,1.154,0.0,87.25,10.27,25.676,8.931,22.327,0.0
2021-11-01 14:09:00,1,1, ,0.825,0.167,3341.5,336978.5,336978.5,1635755981157.5,25.815,28.771,949.17,0.0,1383.0,492.5,1876.5,1562.0,938.0,0.0,35.466,33.138,35.808,35.877,231.326,263.394,264.445,264.632,264.701,0.598,-0.048,-0.064,0.024,64768.0,64512.0,33152.0,74.029,69.72,78.14,278.073,0.356,4053.0,91.0,30.0,30.0,30.0,30.0,30.0,30.0,30.0,30.0,120.0,30.0,30.0,1.0,1.0,1635755975464.5,17.521,78.276,1.4,352.015,49.402,48.067,0.352,1.131,0.0,85.45,9.789,24.471,8.512,21.279,0.0
2021-11-01 14:11:00,1,1, ,0.104,0.071,3343.0,336983.0,336983.0,1635756075479.0,25.52,28.874,948.2,0.0,1397.0,497.0,1887.0,1585.0,942.0,0.0,31.173,28.97,31.608,31.695,201.834,230.077,231.172,231.371,231.436,0.611,-0.048,0.064,0.0,64768.0,1024.0,0.0,70.407,68.691,72.323,316.477,0.257,4057.0,91.0,30.0,30.0,30.0,30.0,30.0,30.0,30.0,30.0,120.0,30.0,30.0,1.0,1.0,1635756070991.0,17.521,78.276,1.4,355.853,50.138,48.209,0.356,1.088,0.0,81.2,8.604,21.509,7.481,18.704,0.0
2021-11-01 14:14:00,1,1, ,0.101,0.069,3344.0,336993.0,336993.0,1635756271191.0,25.01,29.001,949.305,0.0,1464.0,507.0,1922.0,1614.0,948.0,0.0,29.12,26.787,29.762,29.891,185.926,212.408,213.732,213.979,214.048,0.625,-0.048,0.176,-0.064,64768.0,2816.0,64512.0,72.981,69.517,79.057,350.334,0.478,4052.0,91.0,30.0,30.0,30.0,30.0,30.0,30.0,30.0,30.0,120.0,30.0,30.0,1.0,1.0,1635756266635.0,17.521,78.276,1.4,364.217,51.065,48.454,0.364,1.066,0.0,79.1,8.037,20.093,6.989,17.472,0.0
2021-11-01 14:15:00,1,1, ,0.133,0.078,3345.0,336998.0,336998.0,1635756356933.0,24.89,30.289,949.272,0.0,1412.0,502.0,1903.0,1607.0,951.0,0.0,30.427,27.852,31.217,31.374,192.965,220.686,222.219,222.508,222.584,0.631,0.032,-0.048,0.048,512.0,64768.0,768.0,68.303,50.056,79.047,311.197,0.624,4035.0,91.0,30.0,30.0,30.0,30.0,30.0,30.0,30.0,30.0,120.0,30.0,30.0,1.0,1.0,1635756355905.0,17.521,78.276,1.4,361.522,50.855,48.481,0.362,1.077,0.0,80.4,8.398,20.995,7.303,18.256,0.0
2021-11-01 14:19:00,1,1, ,0.128,0.071,3346.0,337003.0,337003.0,1635756548025.0,24.67,30.091,950.201,0.0,1094.0,492.0,1872.0,1600.0,943.0,0.0,34.223,31.158,35.255,35.462,215.434,246.675,248.583,248.946,249.036,0.637,-0.096,0.032,-0.048,64000.0,512.0,64768.0,70.236,65.679,73.779,299.833,0.624,4051.0,91.0,30.0,30.0,30.0,30.0,30.0,30.0,30.0,30.0,120.0,30.0,30.0,1.0,1.0,1635756543197.0,17.521,78.276,1.4,353.423,50.628,48.593,0.353,1.112,0.0,84.2,9.446,23.614,8.214,20.534,0.0
2021-11-01 14:21:00,1,1, ,0.505,0.125,3347.0,337005.0,337005.0,1635756673025.0,24.65,29.76,950.01,0.0,1050.0,496.0,1889.0,1589.0,942.0,0.0,33.714,31.151,34.339,34.464,216.566,247.176,248.558,248.814,248.889,0.618,-0.128,-0.032,0.08,63488.0,65024.0,1280.0,69.35,65.818,72.768,312.277,0.14,4047.0,90.0,30.0,30.0,30.0,30.0,30.0,30.0,30.0,30.0,120.0,30.0,30.0,1.0,1.0,1635756669855.0,17.521,78.276,1.4,356.313,50.272,48.611,0.356,1.103,0.0,83.7,9.305,23.262,8.091,20.228,0.0
2021-11-01 14:23:00,1,1, ,0.579,0.153,3348.0,337009.0,337009.0,1635756821442.0,24.48,29.834,949.567,0.0,1035.0,498.0,1893.0,1610.0,947.0,0.0,30.824,28.381,31.481,31.613,197.058,225.081,226.453,226.709,226.781,0.592,-0.064,0.112,-0.016,64512.0,1792.0,65280.0,72.575,68.188,79.643,388.866,0.334,4040.0,91.0,30.0,30.0,30.0,30.0,30.0,30.0,30.0,30.0,120.0,30.0,30.0,1.0,1.0,1635756816207.0,17.521,78.276,1.4,358.064,50.944,48.692,0.358,1.076,0.0,80.8,8.507,21.269,7.398,18.494,0.0
2021-11-01 14:25:00,1,1, ,0.793,0.187,3349.0,337012.0,337012.0,1635756943378.0,24.64,29.147,949.198,0.0,715.0,505.0,1912.0,1617.0,950.0,0.0,28.514,26.211,29.16,29.289,181.876,207.815,209.132,209.378,209.446,0.61,-0.32,-0.032,0.112,60416.0,65024.0,1792.0,72.906,68.963,77.084,522.333,0.644,4033.0,91.0,30.0,30.0,30.0,30.0,30.0,30.0,30.0,30.0,120.0,30.0,30.0,1.0,1.0,1635756938273.0,17.521,78.276,1.4,362.927,51.161,48.63,0.363,1.055,0.0,78.5,7.87,19.675,6.843,17.109,0.0
2021-11-01 14:28:00,1,1, ,0.233,0.099,3350.0,337016.0,337016.0,1635757116641.0,24.89,28.002,948.277,0.0,1196.0,516.0,1939.0,1628.0,950.0,0.0,23.994,22.124,24.478,24.574,153.699,175.5,176.533,176.725,176.78,0.621,0.176,-0.032,-0.176,2816.0,65024.0,62720.0,68.59,52.631,76.027,352.075,0.676,4045.0,90.0,30.0,30.0,30.0,30.0,30.0,30.0,30.0,30.0,120.0,30.0,30.0,1.0,1.0,1635757111435.0,17.521,78.276,1.4,370.505,51.502,48.536,0.371,1.005,0.0,72.7,6.622,16.556,5.758,14.396,0.0
2021-11-01 14:31:00,1,1, ,0.227,0.089,3351.0,337018.0,337018.0,1635757269992.0,24.99,27.812,947.715,0.0,896.0,520.0,1960.0,1642.0,961.0,0.0,21.709,19.886,22.26,22.37,137.809,157.582,158.66,158.864,158.917,0.632,-0.08,0.0,-0.048,64256.0,0.0,64768.0,71.153,66.081,74.708,296.157,0.194,4037.0,91.0,30.0,30.0,30.0,30.0,30.0,30.0,30.0,30.0,120.0,30.0,30.0,1.0,1.0,1635757264603.0,17.521,78.276,1.4,373.477,51.948,48.492,0.373,0.979,0.0,68.8,5.992,14.979,5.21,13.025,0.0
2021-11-01 14:33:00,1,1, ,0.373,0.107,3352.0,337021.0,337021.0,1635757417805.0,25.17,28.044,947.889,0.0,644.0,528.0,1981.0,1692.0,973.0,0.0,18.868,17.51,19.153,19.21,121.927,139.031,139.721,139.847,139.887,0.594,0.128,-0.016,-0.096,2048.0,65280.0,64000.0,73.088,69.836,77.144,458.719,0.449,4041.0,91.0,30.0,30.0,30.0,30.0,30.0,30.0,30.0,30.0,120.0,30.0,30.0,1.0,1.0,1635757412375.0,17.521,78.276,1.4,380.026,53.552,48.399,0.38,0.952,0.0,64.2,5.208,13.019,4.528,11.321,0.0
2021-11-01 14:36:00,1,1, ,0.214,0.082,3353.0,337025.0,337025.0,1635757589113.0,25.38,31.828,947.741,3.0,-55.0,498.0,1895.0,1732.0,986.0,0.0,32.771,29.23,34.278,34.58,200.535,230.669,233.158,233.64,233.744,0.622,-0.064,-0.096,0.0,64512.0,64000.0,0.0,62.23,51.472,77.41,611.519,0.031,4041.0,90.0,30.0,30.0,30.0,30.0,30.0,30.0,30.0,30.0,120.0,30.0,30.0,1.0,1.0,1635757583808.0,17.521,78.276,1.4,359.594,54.873,53.413,0.36,1.149,21.876,82.8,9.045,22.612,7.865,19.663,0.0
2021-11-01 14:39:00,1,1, ,0.570,0.129,3354.0,337029.0,337029.0,1635757797494.0,25.91,28.09,948.494,0.0,1664.0,506.0,1924.0,1671.0,971.0,0.0,29.647,27.101,30.448,30.608,187.669,214.693,216.227,216.517,216.592,0.62,0.0,-0.048,-0.208,0.0,64768.0,62208.0,69.728,66.795,72.486,492.313,0.64,4029.0,90.0,30.0,30.0,30.0,30.0,30.0,30.0,30.0,30.0,120.0,30.0,30.0,1.0,1.0,1635757793431.0,17.521,78.276,1.4,362.118,52.883,48.037,0.362,1.103,0.0,79.6,8.183,20.457,7.115,17.788,0.0
2021-11-01 14:43:00,1,1, ,0.369,0.093,3355.0,337033.0,337033.0,1635757982534.0,26.03,27.46,949.209,0.0,2063.0,515.0,1945.0,1707.0,977.0,0.0,26.194,23.826,27.003,27.165,164.68,188.6,190.085,190.368,190.437,0.648,0.016,-0.032,-0.032,256.0,65024.0,65024.0,71.357,66.465,78.107,378.092,0.73,4033.0,90.0,30.0,30.0,30.0,30.0,30.0,30.0,30.0,30.0,120.0,30.0,30.0,1.0,1.0,1635757977734.0,17.521,78.276,1.4,368.655,54.029,47.994,0.369,1.073,0.0,76.2,7.23,18.074,6.287,15.717,0.0
2021-11-01 14:49:00,1,1, ,0.321,0.105,3356.0,337046.0,337046.0,1635758384274.0,25.99,27.395,951.034,0.0,1734.0,519.0,1959.0,1692.0,974.0,0.0,23.374,19.86,25.295,25.679,133.642,155.493,158.346,158.909,159.012,0.658,-0.064,-0.096,0.0,64512.0,64000.0,0.0,71.277,69.477,73.092,402.411,1.049,4033.0,89.0,30.0,30.0,30.0,30.0,30.0,30.0,30.0,30.0,120.0,30.0,30.0,1.0,1.0,1635758381023.0,17.521,78.276,1.4,371.813,53.548,48.015,0.372,1.03,0.0,71.7,6.451,16.128,5.61,14.024,0.0
2021-11-01 14:52:00,1,1, ,0.241,0.069,3357.0,337051.0,337051.0,1635758567871.0,25.96,27.21,951.357,0.0,1601.0,526.0,1970.0,1689.0,975.0,0.0,22.319,20.137,23.149,23.315,138.762,159.202,160.646,160.923,160.987,0.638,-0.016,0.048,-0.192,65280.0,768.0,62464.0,71.776,66.281,78.546,379.456,0.441,4026.0,89.0,30.0,30.0,30.0,30.0,30.0,30.0,30.0,30.0,120.0,30.0,30.0,1.0,1.0,1635758561813.0,17.521,78.276,1.4,377.252,53.45,48.034,0.377,1.014,0.0,69.8,6.16,15.4,5.357,13.392,0.0
2021-11-01 14:54:00,1,1, ,0.190,0.065,3358.0,337056.0,337056.0,1635758694490.0,25.91,27.452,950.741,0.0,1539.0,527.0,1983.0,1700.0,976.0,0.0,19.612,17.552,20.463,20.633,120.572,138.584,140.009,140.285,140.345,0.637,-0.192,-0.08,0.048,62464.0,64256.0,768.0,72.434,68.612,81.593,389.776,0.418,4020.0,89.0,30.0,30.0,30.0,30.0,30.0,30.0,30.0,30.0,120.0,30.0,30.0,1.0,1.0,1635758688292.0,17.521,78.276,1.4,378.311,53.804,48.053,0.378,0.976,0.0,65.3,5.413,13.532,4.707,11.767,0.0
2021-11-01 15:02:00,1,1, ,0.203,0.072,3359.0,337075.0,337075.0,1635759150595.0,27.19,36.156,954.013,8.0,-153.0,489.0,1862.0,1753.0,982.0,0.0,42.547,31.896,49.684,51.111,202.835,244.147,253.982,255.952,256.263,0.71,0.08,-0.08,0.032,1280.0,64256.0,512.0,72.981,69.333,80.194,251.398,0.644,4018.0,88.0,30.0,30.0,30.0,30.0,30.0,30.0,30.0,30.0,120.0,30.0,30.0,1.0,1.0,1635759145630.0,17.521,78.276,1.4,355.773,55.6,61.106,0.356,1.287,22.451,92.5,11.743,29.357,10.211,25.528,0.0
2021-11-01 15:07:00,1,1, ,0.104,0.067,3360.0,337087.0,337087.0,1635759427936.0,26.32,27.674,953.941,0.0,2844.0,507.0,1920.0,1639.0,964.0,0.0,20.621,18.19,21.743,21.967,124.263,143.299,145.085,145.434,145.505,0.637,0.16,0.032,0.032,2560.0,512.0,512.0,69.014,66.011,71.085,267.05,0.047,4025.0,88.0,30.0,30.0,30.0,30.0,30.0,30.0,30.0,30.0,120.0,30.0,30.0,1.0,1.0,1635759421600.0,17.521,78.276,1.4,362.326,51.856,47.848,0.362,0.981,0.0,67.0,5.691,14.229,4.949,12.373,0.0
2021-11-01 15:10:00,1,1, ,0.213,0.081,3361.0,337097.0,337097.0,1635759658956.0,25.67,27.891,953.344,0.0,2234.0,521.0,1958.0,1667.0,964.0,0.0,19.094,17.707,19.392,19.452,123.27,140.583,141.294,141.425,141.465,0.59,0.08,0.192,0.0,1280.0,3072.0,0.0,73.782,67.922,79.899,226.017,0.463,4017.0,87.0,30.0,30.0,30.0,30.0,30.0,30.0,30.0,30.0,120.0,30.0,30.0,1.0,1.0,1635759652516.0,17.521,78.276,1.4,374.044,52.752,48.159,0.374,0.956,0.0,64.5,5.27,13.175,4.582,11.456,0.0
2021-11-01 15:11:00,1,1, ,0.757,0.186,3362.0,337099.0,337099.0,1635759689963.0,25.61,27.936,953.323,0.0,2203.0,522.0,1967.0,1664.0,960.0,0.0,20.132,18.543,20.556,20.641,128.763,147.063,147.952,148.118,148.165,0.605,0.352,0.032,-0.112,5632.0,512.0,63744.0,71.405,68.009,74.237,185.627,0.525,4019.0,87.0,30.0,30.0,30.0,30.0,30.0,30.0,30.0,30.0,120.0,30.0,30.0,1.0,1.0,1635759682208.0,17.521,78.276,1.4,374.916,52.656,48.187,0.375,0.97,0.0,66.2,5.556,13.891,4.832,12.079,0.0
2021-11-01 15:14:00,1,1, ,0.117,0.063,3363.0,337107.0,337107.0,1635759878441.0,25.24,28.318,950.866,0.0,1570.0,530.0,1991.0,1675.0,970.0,0.0,20.288,18.674,20.726,20.814,129.639,148.085,148.995,149.165,149.213,0.595,-0.16,-0.048,0.176,62976.0,64768.0,2816.0,75.459,68.611,80.55,276.212,0.418,4010.0,87.0,30.0,30.0,30.0,30.0,30.0,30.0,30.0,30.0,120.0,30.0,30.0,1.0,1.0,1635759871451.0,17.521,78.276,1.4,381.862,53.011,48.358,0.382,0.971,0.0,66.5,5.599,13.999,4.869,12.173,0.0
2021-11-01 15:17:00,1,1, ,0.108,0.061,3364.0,337113.0,337113.0,1635760023056.0,25.07,28.674,950.367,0.0,1590.0,534.0,1998.0,1682.0,975.0,0.0,20.248,18.911,20.451,20.492,131.99,150.302,150.911,151.02,151.059,0.605,-0.064,-0.032,0.048,64512.0,65024.0,768.0,73.547,70.353,77.546,196.3,0.41,3998.0,87.0,30.0,30.0,30.0,30.0,30.0,30.0,30.0,30.0,120.0,30.0,30.0,1.0,1.0,1635760016315.0,17.521,78.276,1.4,385.489,53.238,48.432,0.385,0.97,0.0,66.3,5.589,13.971,4.86,12.149,0.0
2021-11-01 15:21:00,1,1, ,0.091,0.061,3365.0,337127.0,337127.0,1635760289352.0,24.87,29.444,946.674,0.0,1236.0,533.0,2003.0,1700.0,973.0,0.0,19.059,17.798,19.252,19.291,124.212,141.449,142.025,142.128,142.165,0.602,0.112,-0.016,-0.08,1792.0,65280.0,64256.0,71.121,68.034,74.616,181.869,0.691,3999.0,87.0,30.0,30.0,30.0,30.0,30.0,30.0,30.0,30.0,120.0,30.0,30.0,1.0,1.0,1635760282688.0,17.521,78.276,1.4,385.53,53.821,48.511,0.386,0.953,0.0,64.5,5.26,13.151,4.574,11.435,0.0
2021-11-01 15:24:00,1,1, ,0.096,0.064,3366.0,337134.0,337134.0,1635760465538.0,25.16,30.051,947.245,0.0,714.0,484.0,1856.0,1521.0,931.0,0.0,32.769,30.212,33.434,33.567,209.871,239.647,241.062,241.326,241.401,0.606,-0.016,-0.016,0.048,65280.0,65280.0,768.0,66.811,60.452,73.027,331.532,0.287,3997.0,87.0,30.0,30.0,30.0,30.0,30.0,30.0,30.0,30.0,120.0,30.0,30.0,1.0,1.0,1635760458400.0,17.521,78.276,1.4,346.755,48.101,48.356,0.347,1.08,0.0,82.8,9.044,22.611,7.865,19.661,0.0
2021-11-01 15:28:00,1,1, ,0.094,0.068,3367.0,337144.0,337144.0,1635760693624.0,25.05,28.93,947.972,0.0,1286.0,506.0,1916.0,1603.0,947.0,0.0,27.197,25.38,27.487,27.546,177.083,201.686,202.528,202.679,202.732,0.605,0.112,0.112,0.032,1792.0,1792.0,512.0,68.804,66.653,72.271,178.016,0.517,4005.0,87.0,30.0,30.0,30.0,30.0,30.0,30.0,30.0,30.0,120.0,30.0,30.0,1.0,1.0,1635760788139.0,17.521,78.276,1.4,363.329,50.713,48.436,0.363,1.041,0.0,77.2,7.506,18.766,6.527,16.318,0.0
2021-11-01 15:32:00,1,1, ,0.086,0.058,3368.0,337155.0,337155.0,1635760961127.0,25.17,29.611,946.398,0.0,974.0,521.0,1961.0,1678.0,965.0,0.0,21.403,19.794,21.784,21.86,137.663,157.089,157.946,158.104,158.151,0.609,0.016,0.032,0.08,256.0,512.0,1280.0,69.215,64.969,74.275,135.075,0.257,3993.0,86.0,30.0,30.0,30.0,30.0,30.0,30.0,30.0,30.0,120.0,30.0,30.0,1.0,1.0,1635760954350.0,17.521,78.276,1.4,375.947,53.121,48.361,0.376,0.987,0.0,68.3,5.907,14.768,5.137,12.842,0.0
