Date Time, Monitor ID, Location ID, CO(ppm), PM10(ppm), PM2.5(ppm), SO2(ppm),Unnamed: 0,Unnamed: 0.1,Unnamed: 0.1.1,timestamp,temp_c,hum_prcnt,press_hpa,ozone_ppm,ozone_volt_mv,co_ppm,co_mv,no2_ppb,no2_mv,tvoc_ppb,mc2p5_ugpm3,mc1p0_ugpm3,mc4p0_ugpm3,mc10p0_ugpm3,nc0p5_npcm3,nc1p0_npcm3,nc2p5_npcm3,nc4p0_npcm3,nc10p0_npcm3,typ_pm_um,x_g,y_g,z_g,x_raw,y_raw,z_raw,eq_db,onesmin_db,onesmax_db,lux_lx,uv_mwpm2,batt_volt,batt_prcnt,si1133_int,lis3dh_int,sgpc3_int,batt_int,speco3_int,sps30_int,sps30pre_int,mic4514_int,mic4514pre_int,mic_int,bme280_int,leds_on,code_version,receivedTimestamp,lat,lon,acc,co-ug,no2-ug,o3-ug,co-mg,bc-proxy,ldsa-proxy,newaqi,dosage-male-walking-low,dosage-male-walking-high,dosage-female-walking-low,dosage-female-walking-high,accbin
2021-11-04 14:41:00,1,1, , , ,0.1,10942,339516,339516,1636017106569,32.63,43.525,943.566,21,-421,419,1675,3371,1441,0,16.453,13.994,17.793,18.061,94.047,109.585,111.578,111.979,112.059,0.638,0.016,0,-0.08,256,0,64256,53.912,49.017,64.14,0,0,4085,95,30,30,30,30,30,30,30,30,120,30,30,1,1,1636017110883,17.445,78.35,3.79,304.411,107.478,80.843,0.304,1.385,21.452,87.4,4.541,11.353,3.949,9.872,0
2021-11-04 14:42:00,1,1, , , ,0.1,10943.5,339519,339519,1636017153006,32.83,42.284,943.531,27.5,-547,379.5,1566.5,2824.5,1291,0,19.577,17.309,20.607,20.814,118.121,136.399,138.057,138.387,138.463,0.644,-0.04,0,0.032,64896,0,512,51.15,49.189,54.683,0,0,4097.5,95,30,30,30,30,30,30,30,30,120,30,30,1,1,1636017154139.5,17.445,78.35,3.79,271.485,89.978,92.056,0.271,1.349,20.996,81.95,5.403,13.508,4.698,11.746,0
2021-11-04 14:43:00,1,1, , , ,0.1,10945.5,339523,339523,1636017215014,33.035,42.06,943.516,43,-862,375,1555,2753.5,1271.5,0,17.094,15.151,17.962,18.136,103.495,119.443,120.851,121.13,121.195,0.638,0.032,-0.008,-0.072,512,32640,64384,50.239,47.435,56.198,0,0,4095,95,30,30,30,30,30,30,30,30,120,30,30,1,1,1636017216007.5,17.445,78.35,3.79,267.571,87.704,118.862,0.268,1.287,20.11,87.15,4.718,11.795,4.103,10.257,0
2021-11-04 14:44:00,1,1, , , ,0,10947.5,339527,339527,1636017277383.5,33.465,41.48,943.487,72.5,-1450.5,379.5,1562.5,2810,1282.5,0,15.35,14.374,15.472,15.497,98.552,114.273,114.705,114.785,114.82,0.583,-0.016,-0.024,-0.064,32512,65152,64512,52.01,48.686,58.82,0,0,4091,94,30,30,30,30,30,30,30,30,120,30,30,1,1,1636017278307,17.445,78.35,3.79,270.412,89.508,169.863,0.27,1.263,19.501,137.05,4.237,10.592,3.684,9.21,0
2021-11-04 14:45:00,1,1, , , ,0,10949.5,339531,339531,1636017339058.5,33.765,40.664,943.505,27,-535.5,369.5,1537.5,2610,1235,0,15.076,14.14,15.176,15.196,98.621,112.438,112.837,112.91,112.944,0.59,-0.008,0,0.024,32640,0,33152,51.151,48.765,53.95,0,0,4089.5,94,30,30,30,30,30,30,30,30,120,30,30,1,1,1636017339815.5,17.445,78.35,3.79,261.474,83.1,90.772,0.261,1.219,20.403,88.55,4.161,10.402,3.618,9.045,0
2021-11-04 14:46:00,1,1, , , ,0,10951.5,339535,339535,1636017401560.5,33.9,40.457,943.441,49.5,-981.5,371.5,1538.5,2656.5,1237,0,14.825,13.953,14.881,14.892,97.445,111.015,111.355,111.416,111.448,0.566,-0.032,-0.024,-0.016,65024,65152,32512,51.148,48.814,54.122,0,0,4086,94,30,30,30,30,30,30,30,30,120,30,30,1,1,1636017402121,17.445,78.35,3.79,262.811,84.586,129.76,0.263,1.225,19.304,93.95,4.092,10.229,3.558,8.895,0
2021-11-04 14:47:00,1,1, , , ,0.1,10953.5,339539,339539,1636017463478.5,34.105,39.994,943.442,44,-883,369,1531.5,2639,1242.5,0,15.275,14.438,15.281,15.282,100.981,114.944,115.228,115.277,115.308,0.545,0.016,-0.008,0.008,256,32640,32896,51.573,47.991,55.934,0,0,4082.5,94,30,30,30,30,30,30,30,30,120,30,30,1,1,1636017464026,17.445,78.35,3.79,260.266,84.022,120.126,0.26,1.237,19.467,89.85,4.216,10.54,3.666,9.165,0
2021-11-04 14:48:00,1,1, , , ,0,10955,339542,339542,1636017510010,34.21,39.59,943.388,0,15,358,1507,2482,1195,0,15.733,14.873,15.738,15.738,104.027,118.408,118.699,118.749,118.781,0.555,-0.032,-0.032,-0.08,65024,65024,64256,55.477,49.09,65.919,0,0,4087,94,30,30,30,30,30,30,30,30,120,30,30,1,1,1636017510592,17.445,78.35,3.79,251.017,78.994,43.722,0.251,1.216,0,78.5,4.342,10.856,3.776,9.44,0
2021-11-04 14:49:00,1,1, , , ,0,10956,339544,339544,1636017541129,34.22,39.434,943.414,0,2183,369,1534,2592,1224,0,16.327,15.34,16.413,16.431,107.056,122.011,122.416,122.489,122.525,0.592,0.048,-0.064,-0.144,768,64512,63232,52.884,49.243,59.375,0,0,4082,94,30,30,30,30,30,30,30,30,120,30,30,1,1,1636017541563,17.445,78.35,3.79,259.668,82.513,43.721,0.26,1.255,0,79.6,4.506,11.266,3.919,9.796,0
2021-11-04 14:50:00,1,1, , , ,0,10957,339548,339548,1636017636189,34.09,39.289,943.926,0,2892,373,1542,2482,1201,0,18.014,16.761,18.249,18.296,116.571,133.123,133.746,133.864,133.909,0.588,-0.048,-0.048,-0.032,64768,64768,65024,57.973,52.201,67.418,0,0,4083,94,30,30,30,30,30,30,30,30,120,30,30,1,1,1636017637283,17.445,78.35,3.79,262.789,78.99,43.788,0.263,1.267,0,78.5,4.972,12.43,4.323,10.809,0
2021-11-04 14:53:00,1,1, , , ,0,10958,339556,339556,1636017835449,34.07,39.444,943.855,71,-1412,373,1550,2603,1232,0,16.342,15.357,16.424,16.441,107.192,122.158,122.559,122.631,122.667,0.562,-0.016,-0.016,0.048,65280,65280,768,59.452,56.043,61.635,0,0,4084,94,30,30,30,30,30,30,30,30,120,30,30,1,1,1636017836734,17.445,78.35,3.79,262.949,82.864,167.014,0.263,1.255,19.369,133.5,4.51,11.276,3.922,9.805,0
2021-11-04 14:55:00,1,1, , , ,0,10959.5,339560,339560,1636017936154.5,34.215,39.269,943.824,47,-932.5,371.5,1540.5,2575,1218,0,15.743,14.845,15.778,15.786,103.741,118.142,118.473,118.531,118.564,0.561,0.008,0.016,0.096,128,256,1536,57.334,54.247,64.115,0,0,4079,94,30,30,30,30,30,30,30,30,120,30,30,1,1,1636017937367,17.445,78.35,3.79,261.511,81.967,125.296,0.262,1.236,19.43,95.6,4.345,10.862,3.778,9.446,0
2021-11-04 14:56:00,1,1, , , ,0.1,10961.5,339564.5,339564.5,1636018001859.5,34.345,39.408,943.864,10.5,-132,378.5,1564.5,2647.5,1241.5,0,15.269,14.378,15.322,15.332,100.427,114.402,114.745,114.807,114.839,0.561,0.008,0,0.016,32896,32768,33024,58.475,53.545,62.692,0,0,4081.5,93,30,30,30,30,30,30,30,30,120,30,30,1,1,1636018002571,17.445,78.35,3.79,267.192,84.289,61.884,0.267,1.243,10.002,80.15,4.214,10.536,3.665,9.162,0
2021-11-04 14:57:00,1,1, , , ,0.1,10963,339568,339568,1636018052633,34.48,39.407,943.888,36,-717,381,1561,2671,1242,0,15.082,14.262,15.082,15.082,99.768,113.552,113.825,113.872,113.903,0.541,0.048,0,-0.016,768,0,65280,60.464,58.823,62.622,0,0,4066,93,30,30,30,30,30,30,30,30,120,30,30,1,1,1636018053870,17.445,78.35,3.79,269.131,85.041,106.073,0.269,1.245,19.573,80.4,4.163,10.407,3.62,9.049,0
2021-11-04 14:58:00,1,1, , , ,0,10964.5,339571,339571,1636018102034.5,34.555,38.957,943.961,25.5,-507.5,430.5,1707,2719,1260.5,0,17.247,16.296,17.259,17.262,113.958,129.726,130.054,130.111,130.146,0.55,0.032,0.128,0.008,512,2048,32896,64.412,58.544,68.421,0,0,4072,93,30,30,30,30,30,30,30,30,120,30,30,1,1,1636018103234,17.445,78.35,3.79,308.292,86.573,87.825,0.308,1.309,10.071,87.15,4.76,11.901,4.139,10.348,0
2021-11-04 14:59:00,1,1, , , ,0,10966.5,339575,339575,1636018163877.5,34.23,38.777,943.423,0,3957,371.5,1537.5,2378.5,1166.5,0,19.527,18.44,19.549,19.554,128.927,146.782,147.164,147.231,147.271,0.547,-0.024,0.032,-0.088,32384,512,64128,72.002,63.555,77.513,0,0,4073,93,30,30,30,30,30,30,30,30,120,30,30,1,1,1636018165054.5,17.445,78.35,3.79,261.026,75.674,43.732,0.261,1.277,0,77.45,5.389,13.474,4.686,11.716,0
2021-11-04 15:00:00,1,1, , , ,0,10968.5,339579,339579,1636018226337,33.1,41.186,943.204,0,5688.5,371.5,1539.5,2169,1105,0,15.476,14.616,15.492,15.495,102.198,116.348,116.649,116.701,116.733,0.547,-0.056,-0.112,0.032,31872,63744,512,82.104,64.294,90.11,0,0,4074,93,30,30,30,30,30,30,30,30,120,30,30,1,1,1636018227780.5,17.445,78.35,3.79,263.888,68.991,44.224,0.264,1.12,0,74.35,4.271,10.678,3.714,9.285,0
2021-11-04 15:01:00,1,1, , , ,0,10970.5,339583,339583,1636018288245.5,31.91,43.503,943.774,0,3601.5,341,1453.5,2023,1069,0,16.904,15.885,16.989,17.006,110.875,126.357,126.771,126.846,126.883,0.555,0.016,0.08,-0.064,33024,34048,64512,76.698,66.254,84.098,0,0,4079,93,30,30,30,30,30,30,30,30,120,30,30,1,1,1636018289705,17.445,78.35,3.79,242.267,64.339,44.748,0.242,1.098,0,70.5,4.665,11.664,4.057,10.142,0
2021-11-04 15:02:00,1,1, , , ,0,10972,339587,339587,1636018366557,31.04,45.278,943.856,0,1333,353,1491,2085,1088,0,16.566,15.35,16.836,16.891,106.597,121.839,122.481,122.604,122.647,0.605,-0.16,-0.032,-0.048,62976,65024,64768,83.947,80.216,87.929,0,0,4074,93,30,30,30,30,30,30,30,30,120,30,30,1,1,1636018368719,17.445,78.35,3.79,254.001,66.338,45.129,0.254,1.093,0,72.1,4.572,11.431,3.976,9.94,0
2021-11-04 15:03:00,1,1, , , ,0.1,10973.5,339590,339590,1636018412713,30.815,45.558,943.565,33,-369.5,358,1508.5,2069.5,1079,0,19.448,17.859,19.904,19.996,123.618,141.563,142.492,142.672,142.727,0.591,-0.064,-0.064,-0.096,64512,64512,64000,79.664,69.299,86.507,0,0,4078,93,30,30,30,30,30,30,30,30,120,30,30,1,1,1636018413874,17.445,78.35,3.79,258.379,65.844,102.504,0.258,1.142,9.368,98.05,5.368,13.419,4.668,11.669,0
2021-11-04 15:04:00,1,1, , , ,0,10975.5,339593.5,339593.5,1636018475372,30.585,46.257,943.848,118.5,-2363.5,352.5,1490.5,2106.5,1089,0,18.13,17.013,18.243,18.266,118.685,135.298,135.769,135.855,135.896,0.565,-0.032,0.056,0.024,32256,896,33152,73.36,65.016,79.353,0,0,4072,93,30,30,30,30,30,30,30,30,120,30,30,1,1,1636018476440.5,17.445,78.35,3.79,254.762,67.035,250.984,0.255,1.122,18.466,153.2,5.004,12.51,4.351,10.878,0
2021-11-04 15:05:00,1,1, , , ,0.1,10977,339595,339595,1636018523336,30.77,46.227,943.967,267,-5317,356,1505,2257,1125,0,19.617,18.55,19.617,19.617,129.763,147.692,148.048,148.109,148.149,0.531,0,0.016,-0.064,65280,62976,64512,66.265,63.95,69.175,0,0,4087,93,30,30,30,30,30,30,30,30,120,30,30,1,1,1636018524245,17.455,78.364,9.935,257.45,71.851,508.617,0.257,1.19,18.636,161.1,5.414,13.536,4.708,11.77,1
2021-11-04 15:09:00,1,1, , , ,0.1,10978.5,339597.5,339597.5,1636018772021.5,31.135,45.842,944.821,184.5,-3688,437,1726,2439,1186,0,27.493,25.843,27.627,27.654,180.395,205.573,206.24,206.361,206.421,0.553,-0.016,0.104,0.048,32512,1664,33536,76.54,72.036,83.845,0,0,4067.5,93,30,30,30,30,30,30,30,30,120,30,30,1,1,1636018774538.5,17.467,78.367,10.456,321.763,77.673,365.269,0.322,1.367,20.4,156.7,7.588,18.97,6.598,16.496,1
2021-11-04 15:10:00,1,1, , , ,0.1,10980.5,339599.5,339599.5,1636018833212,31.345,45.531,944.356,143,-2850.5,388,1585.5,2285,1141.5,0,24.931,22.481,25.868,26.055,154.572,177.708,179.345,179.667,179.75,0.572,-0.032,0.112,0.112,32256,1792,1792,73.889,69.39,79.786,0,0,4076.5,93,30,30,30,30,30,30,30,30,120,30,30,1,1,1636018834251.5,17.468,78.366,9.935,282.132,72.742,293.151,0.282,1.301,19.952,154.45,6.881,17.202,5.983,14.959,1
2021-11-04 15:11:00,1,1, , , ,0.1,10982.5,339601.5,339601.5,1636018895575.5,31.425,45.673,944.031,101.5,-2022.5,396,1612,2294,1144,0,27.461,24.909,28.369,28.55,171.638,197.076,198.722,199.044,199.131,0.571,-0.048,0.032,0.072,64768,512,1152,75.87,69.813,80.965,0,0,4078.5,92,30,30,30,30,30,30,30,30,120,30,30,1,1,1636018896564,17.468,78.366,9.935,288.638,73.032,221.086,0.289,1.344,20.574,138.05,7.579,18.948,6.591,16.477,1
2021-11-04 15:12:00,1,1, , , ,0.1,10984.5,339603.5,339603.5,1636018958841.5,31.36,45.733,944.292,125,-2494.5,413.5,1658.5,2430,1185.5,0,29.467,27.463,29.811,29.88,191.121,218.182,219.151,219.332,219.404,0.578,0.128,0.04,-0.032,34560,33408,32256,74.415,69.094,79.491,0,0,4065,92,30,30,30,30,30,30,30,30,120,30,30,1,1,1636018959865,17.468,78.366,9.935,302.738,77.385,261.9,0.303,1.41,21.002,153.5,8.133,20.332,7.072,17.68,1
2021-11-04 15:13:00,1,1, , , ,0.1,10986.5,339605.5,339605.5,1636019019351.5,30.88,46.709,944.187,0,1142.5,335.5,1445.5,1976.5,1053.5,0,18.122,16.974,18.262,18.29,118.339,134.954,135.459,135.552,135.593,0.571,-0.024,0.048,0.024,32384,768,384,79.59,69.06,83.857,0,0,4068,92,30,30,30,30,30,30,30,30,120,30,30,1,1,1636019020387,17.473,78.369,10.832,241.456,62.881,45.173,0.241,1.094,0,69.25,5.002,12.504,4.349,10.873,1
2021-11-04 15:14:00,1,1, , , ,0.1,10988.5,339607.5,339607.5,1636019080917,30.36,48.611,945.155,6.5,257.5,343.5,1464,2040.5,1072.5,0,17.441,16.493,17.441,17.441,115.369,131.309,131.625,131.679,131.715,0.537,-0.032,0.168,0.08,65024,35456,1280,78.617,65.5,85.936,0,0,4062.5,92,30,30,30,30,30,30,30,30,120,30,30,1,1,1636019081886,17.474,78.375,6.919,249.95,64.948,56.661,0.25,1.09,9.801,70.95,4.814,12.034,4.186,10.464,0.5
2021-11-04 15:15:00,1,1, , , ,0.1,10990.5,339609.5,339609.5,1636019142914,30.64,48.219,946.052,169,-3373,351,1485.5,2212,1119,0,17.19,16.203,17.235,17.244,113.214,128.942,129.31,129.375,129.412,0.556,-0.024,0.048,-0.056,65152,768,64640,56.826,53.892,65.353,0,0,4074.5,92,30,30,30,30,30,30,30,30,120,30,30,1,1,1636019143835.5,17.474,78.376,3.952,255.446,70.432,338.553,0.255,1.129,18.321,155.85,4.744,11.861,4.126,10.314,0
2021-11-04 15:16:00,1,1, , , ,0.1,10992,339612,339612,1636019189329,30.95,47.511,945.721,245,-4879,347,1471,2082,1083,0,18.724,17.543,18.863,18.891,122.312,139.477,139.993,140.088,140.131,0.57,0.032,-0.096,-0.096,512,64000,64000,64.14,56.225,72.453,0,0,4071,92,30,30,30,30,30,30,30,30,120,30,30,1,1,1636019190283,17.474,78.376,3.827,251.412,66.266,470.317,0.251,1.134,18.138,159.9,5.168,12.919,4.494,11.234,0
2021-11-04 15:17:00,1,1, , , ,0.1,10993.5,339615,339615,1636019236239,31.015,47.91,946.187,83.5,-1661.5,361.5,1515,2142.5,1100,0,19.669,18.333,19.899,19.945,127.583,145.646,146.292,146.413,146.461,0.594,0,0.096,-0.168,32768,34304,62848,72.521,62.153,78.082,0,0,4068.5,92,30,30,30,30,30,30,30,30,120,30,30,1,1,1636019237298,17.474,78.376,3.827,263.38,68.207,189.993,0.263,1.167,19.022,147.8,5.429,13.572,4.721,11.802,0
2021-11-04 15:18:00,1,1, , , ,0.1,10995.5,339619,339619,1636019298160,30.66,48.21,947.141,42,-225,366,1527.5,2187,1111.5,0,32.115,30.19,32.27,32.3,210.742,240.153,240.929,241.069,241.14,0.552,-0.032,0.04,-0.008,65024,33408,32640,73.478,63.271,81.535,0,0,4062,92,30,30,30,30,30,30,30,30,120,30,30,1,1,1636019299533.5,17.474,78.376,3.827,267.437,69.632,118.135,0.267,1.346,11.405,111.5,8.864,22.16,7.708,19.269,0
2021-11-04 15:19:00,1,1, , , ,0.1,10997.5,339623,339623,1636019360342.5,30.695,48.213,946.741,96,-1922.5,362,1514.5,2124.5,1094.5,0,30.087,28.274,30.238,30.269,197.349,224.904,225.641,225.774,225.84,0.533,0.056,0.088,0.024,33664,1408,33152,73.694,67.353,78.34,0,0,4063,93,30,30,30,30,30,30,30,30,120,30,30,1,1,1636019361269.5,17.474,78.376,3.827,264.222,67.633,211.835,0.264,1.323,20.586,125.95,8.304,20.76,7.221,18.052,0
2021-11-04 15:20:00,1,1, , , ,0.1,10999.5,339627,339627,1636019422256.5,30.495,48.812,946.739,65,-1292.5,349,1480.5,2056.5,1077.5,0,24.852,22.906,25.363,25.465,158.766,181.671,182.767,182.977,183.045,0.577,0.032,-0.024,-0.12,512,65152,30848,79.198,69.345,85.556,0,0,4067,92.5,30,30,30,30,30,30,30,30,120,30,30,1,1,1636019423240.5,17.474,78.376,3.827,254.487,65.462,158.118,0.254,1.224,19.841,122.4,6.859,17.148,5.965,14.911,0
2021-11-04 15:21:00,1,1, , , ,0.1,11001.5,339631,339631,1636019484356,30.43,49.022,946.804,107,-2129.5,373.5,1544,2194,1115.5,0,26.302,24.779,26.382,26.398,173.102,197.171,197.749,197.852,197.908,0.556,-0.024,0.112,-0.024,32384,34560,32384,77.879,68.916,84.041,0,0,4077,92,30,30,30,30,30,30,30,30,120,30,30,1,1,1636019485258,17.474,78.376,3.827,274.338,69.864,231.035,0.274,1.281,20.103,152.55,7.259,18.148,6.312,15.781,0
2021-11-04 15:22:00,1,1, , , ,0,11003.5,339635,339635,1636019546540,30.29,50.623,947.392,86,-1720.5,374,1550.5,2230,1124,0,23.375,22.105,23.375,23.375,154.63,175.995,176.418,176.491,176.538,0.538,0.056,0.08,-0.056,33664,1280,31872,74.707,65.186,80.852,0,0,4068.5,92.5,30,30,30,30,30,30,30,30,120,30,30,1,1,1636019547414,17.474,78.376,3.827,276.361,71.033,194.62,0.276,1.243,19.908,126,6.452,16.129,5.61,14.025,0
2021-11-04 15:23:00,1,1, , , ,0,11005.5,339639,339639,1636019608911.5,30.18,49.969,946.503,71.5,-1422.5,357.5,1496,2117.5,1095.5,0,23.536,22.105,23.666,23.692,154.259,175.819,176.41,176.517,176.569,0.567,-0.248,-0.04,-0.144,28800,32128,63232,72.211,64.429,77.789,0,0,4072,93,30,30,30,30,30,30,30,30,120,30,30,1,1,1636019610388.5,17.474,78.376,3.827,262.564,67.425,169.524,0.263,1.214,19.749,124.7,6.496,16.24,5.649,14.122,0
2021-11-04 15:24:00,1,1, , , ,0,11008,339643.667,339643.667,1636019675817.33,30.113,49.805,945.415,94.667,-1884.667,362.333,1518,2086.667,1088.333,0,21.671,20.429,21.726,21.737,142.75,162.577,163.039,163.12,163.166,0.556,0.005,-0.123,0.614,21930.667,41728,9813.333,84.038,76.335,89.547,0,0,4069.667,92,30,30,30,30,30,30,30,30,120,30,30,1,1,1636019679791.67,17.474,78.376,3.827,266.304,66.437,209.766,0.266,1.174,19.179,151.833,5.981,14.953,5.201,13.003,0
2021-11-04 15:25:00,1,1, , , ,0.1,11010.5,339648,339648,1636019732493,29.87,50.139,946.346,75.5,-1510,391.5,1595.5,2130,1096,0,18.803,17.782,18.803,18.803,124.386,141.572,141.912,141.97,142.008,0.533,-0.016,0.064,-0.008,32512,1024,32640,83.75,77.926,89.117,0,0,4067.5,92,30,30,30,30,30,30,30,30,120,30,30,1,1,1636019733424.5,17.474,78.376,3.827,290.093,67.826,176.613,0.29,1.129,18.913,121.85,5.19,12.974,4.513,11.282,0
2021-11-04 15:26:00,1,1, , , ,0,11012.5,339652,339652,1636019794770.5,30.01,50.16,946.695,174,-3472.5,367,1525.5,2117.5,1094.5,0,26.758,25.299,26.761,26.762,176.963,201.42,201.909,201.993,202.048,0.535,0.024,0.072,0.008,33152,1152,128,75.058,70.19,80.442,0,0,4067.5,92,30,30,30,30,30,30,30,30,120,30,30,1,1,1636019795660,17.474,78.376,3.827,270.433,67.427,347.491,0.27,1.26,19.699,156.15,7.385,18.463,6.422,16.055,0
2021-11-04 16:19:00,1,1, , , ,0.9,11014,339684,339684,1636022996458,31.59,45.321,950.013,115,-2295,408,1640,2521,1210,0,31.261,29.558,31.265,31.266,206.751,235.325,235.896,235.994,236.058,0.55,-0.064,-0.128,0.032,64512,63488,512,66.37,63.017,72.248,0,0,4053,91,30,30,30,30,30,30,30,30,120,30,30,1,1,1636023001523,17.456,78.448,10.456,297.828,80.293,244.443,0.298,1.466,21.498,153,8.628,21.57,7.503,18.757,1
2021-11-04 16:20:00,1,1, , , ,0.2,11015.5,339687,339687,1636023042722,31.605,45.057,949.94,36.5,-295,450,1763.5,2596,1230,0,38.004,35.934,38.008,38.009,251.355,286.091,286.784,286.903,286.98,0.529,0.008,-0.048,0.056,32896,32000,33664,72.125,65.609,79.859,0,0,4057,91,30,30,30,30,30,30,30,30,120,30,30,1,1,1636023043753,17.455,78.45,9.935,331.192,82.69,108.205,0.331,1.575,11.243,116.05,10.489,26.223,9.121,22.802,1
2021-11-04 16:21:00,1,1, , , ,0.1,11017,339690,339690,1636023088789,31.54,44.943,950.065,31,-609,419,1674,2492,1193,0,25.24,23.868,25.24,25.24,166.963,190.031,190.488,190.567,190.618,0.501,-0.256,-0.32,-0.16,61440,60416,62976,71.628,68.803,75.019,0,0,4045,91,30,30,30,30,30,30,30,30,120,30,30,1,1,1636023089784,17.455,78.45,9.935,306.29,79.361,98.694,0.306,1.362,21.35,78.6,6.966,17.415,6.058,15.144,1
2021-11-04 16:22:00,1,1, , , ,0.1,11018.5,339693,339693,1636023137026.5,31.41,45.254,950.417,53.5,-1062,408,1640.5,2478.5,1193.5,0,39.974,37.802,39.974,39.974,264.432,300.967,301.691,301.815,301.896,0.517,0.024,0.048,0.032,384,768,512,72.418,67.759,77.848,0,0,4049.5,91,30,30,30,30,30,30,30,30,120,30,30,1,1,1636023138046.5,17.455,78.45,9.935,297.846,78.932,137.799,0.298,1.55,22.775,112.5,11.033,27.582,9.594,23.984,1
2021-11-04 16:23:00,1,1, , , ,0.1,11020.5,339697,339697,1636023199046,31.22,46.111,950.731,69.5,-1385.5,434.5,1719,2649.5,1241,0,1542.984,1458.368,1543.643,1543.778,10199.693,11610.191,11638.959,11643.933,11647.076,0.532,0,-0.088,-0.024,32768,64128,65152,73.076,67.182,82.784,0,0,4043,91,30,30,30,30,30,30,30,30,120,30,30,1,1,1636023200058.5,17.455,78.45,9.935,319.985,84.412,165.639,0.32,3.954,38.327,182.5,425.864,1064.659,370.316,925.79,1
2021-11-04 16:24:00,1,1, , , ,0.1,11022.5,339701,339701,1636023260150.5,31.155,45.977,950.749,54.5,-1089,446,1744,2576.5,1220.5,0,53.826,50.901,53.826,53.826,356.06,405.256,406.231,406.399,406.508,0.542,0.032,-0.008,-0.032,512,32640,32256,76.111,68.394,83.987,0,0,4057.5,91,30,30,30,30,30,30,30,30,120,30,30,1,1,1636023261142.5,17.455,78.45,9.935,329.091,82.074,139.641,0.329,1.726,24.388,118.35,14.856,37.14,12.918,32.296,1
2021-11-04 16:25:00,1,1, , , ,0.1,11024.5,339705,339705,1636023322330.5,31.095,45.863,950.287,12.5,-245,460,1796,2549.5,1213,0,27.336,25.85,27.336,27.336,180.829,205.813,206.308,206.393,206.448,0.505,-0.016,-0.136,0.008,32512,63360,32896,76.147,72.157,81.71,0,0,4038,91,30,30,30,30,30,30,30,30,120,30,30,1,1,1636023322971.5,17.455,78.45,9.935,340.217,81.209,66.782,0.34,1.402,22.526,79.25,7.545,18.862,6.561,16.401,1
2021-11-04 16:26:00,1,1, , , ,0.1,11026.5,339709,339709,1636023384607.5,30.695,46.75,950.363,9.5,648.5,371,1542,2228.5,1124,0,26.14,22.242,26.212,26.223,155.458,177.024,177.509,177.595,177.644,0.549,0,-0.024,0.112,0,32384,1792,79.702,73.204,84.79,0,0,4047.5,91,30,30,30,30,30,30,30,30,120,30,30,1,1,1636023385281.5,17.455,78.45,9.935,270.004,70.945,61.749,0.27,1.294,10.808,75.8,7.215,18.037,6.274,15.684,1
2021-11-04 16:27:00,1,1, , , ,0.2,11028.5,339713,339713,1636023446890.5,30.5,47.602,950.854,108.5,-2163.5,373,1544.5,2237,1128,0,20.074,18.977,20.08,20.081,132.734,151.083,151.453,151.517,151.558,0.542,-0.104,0.008,-0.024,31104,32896,32384,70.827,64.602,71.987,0,0,4050,91,30,30,30,30,30,30,30,30,120,30,30,1,1,1636023447536,17.455,78.45,9.935,272.524,71.225,233.638,0.273,1.189,19.168,152.6,5.541,13.851,4.818,12.045,1
2021-11-04 16:28:00,1,1, , , ,0.1,11030,339717,339717,1636023524738,30.47,48.051,950.566,124,-2480,432,1706,2517,1206,0,30.99,29.29,31.003,31.006,204.852,233.181,233.759,233.859,233.922,0.561,-0.064,0.048,-0.048,64512,768,64768,75.21,68.298,81.859,0,0,4048,91,30,30,30,30,30,30,30,30,120,30,30,1,1,1636023525388,17.455,78.45,9.935,320.214,80.19,260.543,0.32,1.438,21.409,153.5,8.553,21.383,7.438,18.594,1
2021-11-04 16:29:00,1,1, , , ,0.1,11031.5,339720,339720,1636023570917,30.33,48.529,950.527,73.5,-1464,404.5,1635.5,2358.5,1158.5,0,44.817,42.377,44.822,44.822,296.426,337.39,338.206,338.347,338.437,0.538,0.016,0.024,-0.016,33024,33152,32512,78.862,72.993,84.13,0,0,4043,91,30,30,30,30,30,30,30,30,120,30,30,1,1,1636023571583,17.455,78.45,9.935,298.725,75.122,172.957,0.299,1.551,22.837,132.45,12.37,30.924,10.756,26.89,1
2021-11-04 16:30:00,1,1, , , ,0.1,11033.5,339724,339724,1636023632287.5,30.185,49.38,950.439,89.5,-1793.5,428.5,1699,2483.5,1199.5,0,36.245,34.271,36.25,36.25,239.719,272.848,273.509,273.623,273.697,0.521,0.048,-0.04,-0.072,768,32128,64384,71.588,64.263,78.274,0,0,4052,91,30,30,30,30,30,30,30,30,120,30,30,1,1,1636023632929.5,17.455,78.45,9.935,318.836,79.131,200.775,0.319,1.494,22.188,151.6,10.004,25.009,8.699,21.747,1
2021-11-04 16:31:00,1,1, , , ,0.1,11035.5,339728,339728,1636023694569,30.11,49.87,950.481,30,-576.5,358.5,1505.5,2149.5,1104.5,0,24.215,22.823,24.28,24.293,159.461,181.617,182.138,182.231,182.282,0.557,0.056,-0.072,-0.112,33664,64384,63744,67.998,59.357,73.725,0,0,4053.5,91,30,30,30,30,30,30,30,30,120,30,30,1,1,1636023695401,17.455,78.45,9.935,263.3,68.448,97.537,0.263,1.232,10.211,92.05,6.683,16.708,5.812,14.529,1
2021-11-04 16:32:00,1,1, , , ,0.2,11037.5,339732,339732,1636023756306.5,30.03,49.501,950.216,62.5,-1243,361.5,1516.5,2135.5,1099,0,19.846,18.608,19.982,20.01,129.778,147.968,148.5,148.597,148.642,0.574,0.088,-0.048,-0.008,1408,32000,32640,66.728,58.781,74.661,0,0,4051,91,30,30,30,30,30,30,30,30,120,30,30,1,1,1636023756948.5,17.455,78.45,9.935,265.38,67.996,153.989,0.265,1.153,19.198,117.25,5.478,13.694,4.763,11.908,1
2021-11-04 16:33:00,1,1, , , ,0.2,11039.5,339736,339736,1636023818593,29.905,49.848,950.864,55,-1099,417.5,1670.5,2228,1124.5,0,73.788,69.252,74.238,74.329,483.14,550.749,552.654,553.002,553.167,0.529,0.032,-0.184,-0.024,33280,29824,32384,69.674,64.991,74.73,0,0,4048,91,30,30,30,30,30,30,30,30,120,30,30,1,1,1636023819507,17.455,78.45,9.935,310.612,70.959,141.025,0.311,1.655,23.807,134.45,20.365,50.914,17.709,44.273,1
2021-11-04 16:34:00,1,1, , , ,0.1,11041.5,339740,339740,1636023881236.5,29.9,50.173,951.247,113,-2255,374.5,1550,2326,1149.5,0,21.639,20.457,21.644,21.645,143.086,162.865,163.263,163.331,163.375,0.532,0.032,0.056,-0.04,33280,896,32128,66.773,60.721,72.836,0,0,4053,91,30,30,30,30,30,30,30,30,120,30,30,1,1,1636023881881,17.455,78.45,9.935,276.501,74.098,241.679,0.277,1.228,19.608,152.85,5.972,14.931,5.193,12.983,1
2021-11-04 16:35:00,1,1, , , ,0.1,11043.5,339744,339744,1636023943062.5,29.885,50.374,951.098,143.5,-2855.5,403,1629,2406.5,1175,0,31.386,29.674,31.391,31.392,207.563,236.251,236.826,236.925,236.988,0.532,-0.04,0.04,-0.096,64896,33408,64000,68.238,62.324,78.4,0,0,4046,90.5,30,30,30,30,30,30,30,30,120,30,30,1,1,1636023943732,17.455,78.45,9.935,299.523,76.677,294.614,0.3,1.396,21.075,154.5,8.662,21.656,7.533,18.832,1
2021-11-04 16:36:00,1,1, , , ,0.1,11046,339748.333,339748.333,1636023998999,29.99,49.879,950.872,137.333,-2743.333,385,1580.333,2393.333,1169.333,0,22.213,20.987,22.229,22.232,146.759,167.067,167.489,167.563,167.608,0.555,-0.021,-0.096,-0.064,43349.333,64000,64512,67.942,63.525,76.92,0,0,4051,90,30,30,30,30,30,30,30,30,120,30,30,1,1,1636024002304.67,17.455,78.45,9.935,284.582,76.25,283.873,0.285,1.257,19.755,154.133,6.131,15.327,5.331,13.328,1
2021-11-04 16:37:00,1,1, , , ,0.1,11048,339752,339752,1636024050951,30.12,49.709,950.51,128,-2554,407,1637,2417,1177,0,25.76,24.345,25.773,25.776,170.26,193.809,194.292,194.375,194.428,0.544,0.112,0.032,-0.08,1792,512,64256,65.932,61.312,77.363,0,0,4051,90,30,30,30,30,30,30,30,30,120,30,30,1,1,1636024052182,17.455,78.45,9.935,301.971,77.006,267.615,0.302,1.326,20.424,153.7,7.11,17.774,6.182,15.456,1
2021-11-04 16:38:00,1,1, , , ,0.1,11049.5,339754.5,339754.5,1636024097576.5,30.215,49.191,950.217,129.5,-2585,414,1660.5,2408.5,1174,0,35.849,33.863,35.881,35.888,236.783,269.56,270.25,270.37,270.444,0.544,-0.016,-0.032,0.064,65280,32256,33792,68.299,60.437,74.075,0,0,4045,90,30,30,30,30,30,30,30,30,120,30,30,1,1,1636024098684,17.455,78.45,9.935,307.028,76.729,270.185,0.307,1.457,21.601,153.75,9.894,24.736,8.604,21.509,1
2021-11-04 16:39:00,1,1, , , ,0.1,11051.5,339758,339758,1636024159679,30.175,48.964,949.884,103,-2051,380.5,1569,2264,1136,0,34.008,32.16,34.008,34.008,224.964,256.046,256.662,256.768,256.836,0.54,0.2,-0.568,-0.552,35968,56448,56704,75.292,70.737,79.563,0,0,4046,90,30,30,30,30,30,30,30,30,120,30,30,1,1,1636024160800.5,17.455,78.45,9.935,280.003,72.103,224.219,0.28,1.4,21.257,152.35,9.386,23.465,8.162,20.405,1
2021-11-04 16:40:00,1,1, , , ,0.1,11053.5,339762,339762,1636024221961,29.9,49.883,950.969,101.5,-2026.5,386.5,1582.5,2341,1159,0,28.064,26.505,28.092,28.098,185.325,210.985,211.529,211.624,211.682,0.543,0.04,-0.128,-0.08,640,63488,64256,74.954,69.696,79.116,0,0,4051,90,30,30,30,30,30,30,30,30,120,30,30,1,1,1636024223661.5,17.455,78.45,9.935,285.828,74.575,221.728,0.286,1.334,20.68,152.3,7.746,19.364,6.735,16.838,1
2021-11-04 16:41:00,1,1, , , ,0.1,11055.5,339766,339766,1636024283607.5,29.85,50.232,951.453,49,-976,387,1581,2338.5,1161,0,25.428,26.179,25.461,25.467,182.995,208.367,208.927,209.026,209.084,0.535,-0.056,-0.064,-0.088,31872,31744,31360,71.466,67.48,75.372,0,0,4045,90,30,30,30,30,30,30,30,30,120,30,30,1,1,1636024284778.5,17.455,78.45,9.935,286.59,74.499,130.63,0.287,1.295,20.96,114.45,7.018,17.545,6.103,15.257,1
2021-11-04 16:42:00,1,1, , , ,0.1,11057.5,339770,339770,1636024345528,29.51,51.467,951.083,13,-178,372.5,1543,2221,1120.5,0,36.138,34.121,36.184,36.193,238.555,271.602,272.313,272.438,272.513,0.54,-0.008,0,-0.032,32640,32768,65024,73.192,68.869,79.436,0,0,4050.5,90.5,30,30,30,30,30,30,30,30,120,30,30,1,1,1636024346619,17.455,78.45,9.935,276.338,70.751,68.288,0.276,1.404,10.722,86.15,9.974,24.935,8.673,21.683,1
2021-11-04 16:43:00,1,1, , , ,0.2,11059.5,339774,339774,1636024407806.5,29.21,52.073,951.937,41.5,-830,402.5,1628.5,2276.5,1136.5,0,27.897,26.363,27.913,27.916,184.371,209.874,210.399,210.49,210.547,0.555,0.008,0.072,-0.032,32896,33920,65024,75.856,69.167,79.816,0,0,4047.5,91,30,30,30,30,30,30,30,30,120,30,30,1,1,1636024408929,17.455,78.45,9.935,301.086,72.532,117.881,0.301,1.304,21.236,104.25,7.7,19.249,6.695,16.738,1
2021-11-04 16:44:00,1,1, , , ,0.2,11061.5,339777.5,339777.5,1636024470000,29.24,52.035,952.261,138,-2756,405,1631.5,2333.5,1148.5,0,40.211,38.026,40.211,40.211,265.999,302.751,303.479,303.604,303.685,0.507,-0.024,0.144,0.064,65152,2304,1024,76.233,71.659,79.988,0,0,4050.5,91,30,30,30,30,30,30,30,30,120,30,30,1,1,1636024471116.5,17.45,78.457,10.044,303.037,74.356,285.343,0.303,1.482,22.012,154.2,11.098,27.746,9.651,24.127,1
2021-11-04 16:45:00,1,1, , , ,0.1,11063.5,339780,339780,1636024531757,29.29,52.041,951.996,138.5,-2766.5,408.5,1646.5,2315.5,1150.5,0,45.474,43.003,45.474,45.474,300.814,342.376,343.199,343.34,343.432,0.499,0.032,0.072,0.016,33280,1152,33024,78.242,74.337,81.984,0,0,4048.5,91,30,30,30,30,30,30,30,30,120,30,30,1,1,1636024532854,17.445,78.467,10.136,305.822,73.78,286.186,0.306,1.522,22.335,154.25,12.551,31.377,10.914,27.284,1
2021-11-04 16:46:00,1,1, , , ,0.2,11065.5,339784,339784,1636024593705,29.305,52.396,951.139,136,-2714.5,435,1715.5,2394,1173,0,57.403,54.283,57.403,57.403,379.723,432.188,433.227,433.406,433.522,0.512,0.016,-0.128,-0.088,33024,63488,64128,77.401,72.866,81.755,0,0,4049,91,30,30,30,30,30,30,30,30,120,30,30,1,1,1636024594414,17.445,78.468,9.935,327.379,76.296,281.832,0.327,1.646,23.412,154.15,15.843,39.608,13.777,34.442,1
2021-11-04 16:47:00,1,1, , , ,0.1,11067.5,339788,339788,1636024656071,29.36,52.306,952.429,142,-2826.5,449,1760,2574.5,1225,0,132.638,124.552,133.389,133.54,869.112,990.621,993.973,994.582,994.876,0.591,-0.048,-0.016,-0.048,64768,32512,32000,75.792,71.615,81.18,0,0,4047.5,91,30,30,30,30,30,30,30,30,120,30,30,1,1,1636024656766.5,17.445,78.468,9.935,338.476,82.071,292.22,0.338,2.154,27.421,155,36.608,91.52,31.833,79.583,1
2021-11-04 16:48:00,1,1, , , ,0.1,11069.5,339790.5,339790.5,1636024718262,29.49,52.25,952.514,170.5,-3402.5,458.5,1784.5,2633.5,1238.5,0,59.477,56.244,59.477,59.477,393.435,447.795,448.873,449.058,449.178,0.491,0.064,0.136,0.104,1024,2176,1664,75.948,71.456,81.43,0,0,4042.5,90,30,30,30,30,30,30,30,30,120,30,30,1,1,1636024719005,17.445,78.468,9.935,345.968,83.959,341.62,0.346,1.777,24.347,155.95,16.416,41.039,14.274,35.686,1
2021-11-04 16:49:00,1,1, , , ,0.2,11071.5,339792.5,339792.5,1636024780540,29.5,52.162,951.326,116,-2313.5,458,1782.5,2506.5,1204.5,0,36.891,34.773,36.988,37.008,242.968,276.723,277.513,277.653,277.731,0.545,0,0.016,0.016,32768,256,33024,79.646,74.682,83.453,0,0,4051,90.5,30,30,30,30,30,30,30,30,120,30,30,1,1,1636024781269.5,17.445,78.468,9.935,345.477,79.894,247.033,0.345,1.496,22.181,153.05,10.182,25.455,8.854,22.135,1
2021-11-04 16:50:00,1,1, , , ,0.2,11073.5,339796,339796,1636024842457.5,29.4,52.51,951.383,95,-1894.5,426.5,1694.5,2449.5,1186,0,33.124,31.314,33.132,33.133,219.027,249.305,249.915,250.02,250.087,0.541,0.088,-0.112,0.072,1408,63744,1152,78.683,73.67,83.553,0,0,4050,90.5,30,30,30,30,30,30,30,30,120,30,30,1,1,1636024843142,17.445,78.468,9.935,320.64,78.074,210.627,0.321,1.429,21.698,151.95,9.142,22.855,7.95,19.874,1
2021-11-04 16:51:00,1,1, , , ,0.2,11075.5,339799.5,339799.5,1636024903845.5,29.36,52.947,951.184,82.5,-1647.5,397,1609,2378,1164.5,0,31.703,29.97,31.711,31.713,209.62,238.599,239.184,239.285,239.349,0.549,0.032,-0.008,0,512,32640,0,72.352,68.286,81.296,0,0,4043,90,30,30,30,30,30,30,30,30,120,30,30,1,1,1636024904591,17.445,78.468,9.935,297.464,75.79,188.943,0.297,1.39,21.447,151.25,8.75,21.875,7.609,19.022,1
2021-11-04 16:52:00,1,1, , , ,0.2,11077,339801,339801,1636024950999,29.46,52.732,951.184,108,-2159,394,1603,2389,1171,0,27.937,26.418,27.939,27.939,184.792,210.327,210.835,210.922,210.979,0.534,0.032,0.032,0.048,512,512,768,69.323,66.797,71.272,0,0,4047,90,30,30,30,30,30,30,30,30,120,30,30,1,1,1636024951755,17.445,78.468,9.935,294.807,76.14,233.154,0.295,1.341,20.79,152.6,7.711,19.277,6.705,16.762,1
2021-11-04 16:53:00,1,1, , , ,0.2,11078.5,339802.5,339802.5,1636024996992,29.605,52.258,950.772,125,-2491,474.5,1832,2601,1230.5,0,145.981,138.037,145.992,145.994,965.566,1098.993,1101.649,1102.106,1102.402,0.463,0.12,0.024,0.016,34688,384,33024,75.004,69.954,81.965,0,0,4040,90,30,30,30,30,30,30,30,30,120,30,30,1,1,1636024997684,17.445,78.468,9.935,358.733,82.92,262.599,0.359,2.281,28.51,154.15,40.291,100.727,35.036,87.589,1
2021-11-04 16:54:00,1,1, , , ,0.1,11080.5,339804.5,339804.5,1636025059442,29.605,51.976,951.406,100,-1996,399,1616.5,2341,1155.5,0,36.768,34.77,36.768,36.768,243.221,276.826,277.492,277.606,277.68,0.512,-0.064,0.032,-0.016,64512,33280,32512,73.777,68.4,84.351,0,0,4044,90,30,30,30,30,30,30,30,30,120,30,30,1,1,1636025060127,17.445,78.468,9.935,298.008,74.597,219.218,0.298,1.45,21.847,152.2,10.148,25.37,8.824,22.061,1
2021-11-04 16:55:00,1,1, , , ,0.1,11082.5,339806.5,339806.5,1636025121186.5,29.425,52.806,950.858,57,-1134.5,391.5,1597.5,2315.5,1148.5,0,41.828,39.553,41.829,41.829,276.679,314.909,315.668,315.798,315.883,0.542,-0.04,0.08,0.024,32128,34048,384,73.077,67.366,78.765,0,0,4040,90,30,30,30,30,30,30,30,30,120,30,30,1,1,1636025121883,17.445,78.468,9.935,292.894,73.789,144.659,0.293,1.495,23.646,126.75,11.544,28.861,10.039,25.097,1
2021-11-04 16:56:00,1,1, , , ,0.1,11084.5,339808.5,339808.5,1636025183044.5,29.34,53.102,950.765,95.5,-1909,465.5,1801,2610.5,1233,0,77.025,72.839,77.025,77.025,509.526,579.925,581.319,581.559,581.715,0.481,-0.016,-0.024,0.04,32512,32384,33408,72.828,70.322,76.498,0,0,4037,90,30,30,30,30,30,30,30,30,120,30,30,1,1,1636025183729.5,17.445,78.468,9.935,352.47,83.232,211.51,0.352,1.917,26,152,21.259,53.147,18.486,46.215,1
2021-11-04 16:57:00,1,1, , , ,0.1,11086.5,339810.5,339810.5,1636025245790,29.46,52.954,949.813,122,-2435,431.5,1709,2546,1214,0,100.005,94.571,100.005,100.005,606.556,752.944,754.754,755.066,755.268,0.519,-0.016,-0.104,0.072,32512,63872,1152,75.67,70.104,83.199,0,0,4045.5,90,30,30,30,30,30,30,30,30,120,30,30,1,1,1636025246446.5,17.445,78.468,9.935,325.049,81.167,257.446,0.325,2.05,26.861,153.35,27.601,69.003,24.001,60.003,1
2021-11-04 16:58:00,1,1, , , ,0.1,11088.5,339812.5,339812.5,1636025307352.5,29.39,53.138,949.417,113,-2248,407,1641.5,2378,1168,0,45.409,42.941,45.409,45.409,300.382,341.885,342.707,342.848,342.94,0.509,-0.112,-0.144,-0.024,30976,63232,32384,73.252,68.024,80.697,0,0,4039.5,90,30,30,30,30,30,30,30,30,120,30,30,1,1,1636025308062.5,17.445,78.468,9.935,305.643,75.792,241.856,0.306,1.553,22.741,152.9,12.533,31.332,10.898,27.245,1
2021-11-04 16:59:00,1,1, , , ,0.1,11090.5,339814.5,339814.5,1636025369839,29.285,53.491,949.942,105,-2100.5,391.5,1597.5,2342.5,1154.5,0,39.465,37.268,39.51,39.52,260.564,296.652,297.424,297.558,297.64,0.55,0.04,0.112,0.072,640,1792,1152,77.269,71.425,81.096,0,0,4046.5,90,30,30,30,30,30,30,30,30,120,30,30,1,1,1636025370508,17.439,78.509,6.863,293.625,74.66,228.015,0.294,1.468,22.009,152.45,10.892,27.231,9.472,23.679,0.5
2021-11-04 17:00:00,1,1, , , ,0.1,11092.5,339816.5,339816.5,1636025431375,29.03,54.341,951.434,61.5,-1233,406.5,1643.5,2360.5,1161.5,0,25.407,23.968,25.457,25.467,167.514,190.755,191.278,191.37,191.423,0.579,-0.104,0.376,-0.16,63872,38784,62976,80.328,74.321,84.767,0,0,4040.5,90,30,30,30,30,30,30,30,30,120,30,30,1,1,1636025432840,17.436,78.512,5.88,306.579,75.244,152.624,0.307,1.286,20.68,118.65,7.012,17.531,6.098,15.244,0
2021-11-04 17:01:00,1,1, , , ,0.1,11094.5,339818.5,339818.5,1636025493655.5,28.89,54.325,951.173,98.5,-1964,389,1590,2267.5,1132,0,29.201,27.502,29.297,29.316,192.108,218.833,219.482,219.598,219.661,0.583,0.024,-0.056,0.08,33152,64640,1280,78.548,72.598,84.716,0,0,4044,90,30,30,30,30,30,30,30,30,120,30,30,1,1,1636025494327,17.436,78.512,5.88,292.615,72.267,216.907,0.293,1.317,20.751,152.1,8.059,20.149,7.008,17.52,0
2021-11-04 17:02:00,1,1, , , ,0.1,11096.5,339820.5,339820.5,1636025555394.5,28.8,54.618,950.302,115,-2298,411,1657,2332,1156,0,32.5,30.673,32.553,32.564,214.411,244.135,244.79,244.905,244.973,0.558,-0.024,-0.016,0.08,32384,32512,1280,77.885,72.795,85.709,0,0,4039.5,90,30,30,30,30,30,30,30,30,120,30,30,1,1,1636025556058.5,17.436,78.512,5.88,310.557,74.334,245.579,0.311,1.378,21.246,153,8.97,22.425,7.8,19.5,0
2021-11-04 17:03:00,1,1, , , ,0.1,11098.5,339822.5,339822.5,1636025617677,28.63,55.304,950.25,83.5,-1658.5,369.5,1536,2176.5,1113.5,0,24.733,23.11,24.972,25.02,160.974,183.669,184.419,184.558,184.617,0.608,0.032,-0.008,-0.144,512,32640,63232,78.058,72.773,83.614,0,0,4049,90,30,30,30,30,30,30,30,30,120,30,30,1,1,1636025618358.5,17.436,78.512,5.88,278.074,69.365,190.977,0.278,1.222,19.971,150.55,6.826,17.066,5.936,14.84,0
2021-11-04 17:04:00,1,1, , , ,0.1,11100,339824,339824,1636025664559,28.57,55.571,950.284,99,-1968,432,1715,2532,1213,0,57.042,53.93,57.052,57.055,377.219,429.358,430.404,430.584,430.7,0.529,-0.016,-0.096,-0.128,65280,64000,63488,76.128,71.254,80.381,0,0,4052,90,30,30,30,30,30,30,30,30,120,30,30,1,1,1636025665223,17.436,78.512,5.88,328.404,80.743,217.9,0.328,1.702,24.303,152.1,15.744,39.359,13.69,34.225,0
2021-11-04 17:05:00,1,1, , , ,0.1,11101.5,339825.5,339825.5,1636025741874.5,28.37,56.354,951.471,91.5,-1818.5,432,1718,2430,1183.5,0,36.715,34.72,36.716,36.716,242.87,276.428,277.093,277.207,277.282,0.511,-0.056,0.104,-0.112,31872,1664,63744,80.59,75.223,85.654,0,0,4034.5,90,30,30,30,30,30,30,30,30,120,30,30,1,1,1636025742525.5,17.436,78.512,5.88,329.257,77.487,204.963,0.329,1.444,22.09,136.2,10.133,25.334,8.812,22.029,0
2021-11-04 17:06:00,1,1, , , ,0.1,11103.5,339827.5,339827.5,1636025804353,28.315,56.843,952.328,80,-1592,369.5,1533.5,2146,1098.5,0,23.898,22.591,23.904,23.906,158.011,179.855,180.296,180.372,180.421,0.554,-0.072,-0.064,-0.056,64384,31744,64640,80.452,75.702,85.535,0,0,4040,90,30,30,30,30,30,30,30,30,120,30,30,1,1,1636025805173.5,17.436,78.512,5.88,279.717,68.404,185.02,0.28,1.196,19.8,135.55,6.596,16.489,5.735,14.339,0
2021-11-04 17:07:00,1,1, , , ,0.1,11105,339829,339829,1636025850543,28.26,57.088,953.496,124,-2473,446,1750,2464,1195,0,47.354,44.781,47.355,47.355,313.254,356.534,357.392,357.539,357.635,0.537,0.032,-0.064,0,512,64512,0,77.086,72.791,80.786,0,0,4050,90,30,30,30,30,30,30,30,30,120,30,30,1,1,1636025851533,17.436,78.512,5.88,341.232,78.582,261.402,0.341,1.579,23.129,153.5,13.07,32.675,11.365,28.413,0
2021-11-04 17:08:00,1,1, , , ,0.1,11106.5,339830.5,339830.5,1636025896526.5,28.37,57.094,953.457,152,-3026.5,410,1649.5,2289,1149.5,0,28.282,26.746,28.282,28.283,187.091,212.941,213.453,213.541,213.598,0.539,-0.056,0.12,-0.024,31872,1920,32384,80.767,75.65,88.597,0,0,4028,90,30,30,30,30,30,30,30,30,120,30,30,1,1,1636025897519.5,17.436,78.512,5.88,312.363,72.983,309.943,0.312,1.296,20.373,155,7.806,19.515,6.788,16.969,0
2021-11-04 17:09:00,1,1, , , ,0.1,11108.5,339832.5,339832.5,1636025960516.5,28.32,57.028,953.965,95.5,-1898.5,372,1545.5,2162,1105,0,27.286,25.727,27.351,27.364,179.776,204.739,205.315,205.417,205.475,0.553,0.016,0.016,-0.024,256,33024,32384,76.031,71.521,81.696,0,0,4047,90,30,30,30,30,30,30,30,30,120,30,30,1,1,1636025961511,17.436,78.512,5.88,281.897,68.918,211.913,0.282,1.252,20.252,151.95,7.531,18.827,6.549,16.371,0
2021-11-04 17:10:00,1,1, , , ,0.2,11110.5,339834.5,339834.5,1636026021281,28.36,57.254,953.642,135.5,-2699.5,420.5,1681,2405,1172.5,0,46.009,43.508,46.009,46.009,304.344,346.394,347.228,347.371,347.465,0.496,-0.008,-0.16,-0.024,32640,30208,65152,70.846,67.89,75.668,0,0,4037,90,30,30,30,30,30,30,30,30,120,30,30,1,1,1636026022363,17.436,78.512,5.88,320.93,76.696,281.308,0.321,1.544,22.744,154.1,12.698,31.746,11.042,27.605,0
2021-11-04 17:11:00,1,1, , , ,0.2,11112.5,339836.5,339836.5,1636026082929,28.52,56.796,954.197,127.5,-2542.5,422.5,1682.5,2466,1190,0,53.534,28.246,53.572,53.572,197.589,224.889,225.43,225.523,225.583,0.502,-0.016,-0.072,-0.008,65280,64384,32640,66.497,58.59,76.009,0,0,4038.5,90,30,30,30,30,30,30,30,30,120,30,30,1,1,1636026083898,17.436,78.512,5.88,322.013,78.644,267.357,0.322,1.62,23.377,153.7,14.775,36.939,12.848,32.12,0
2021-11-04 17:12:00,1,1, , , ,0.2,11114.5,339838.5,339838.5,1636026145225,28.74,56.268,954.237,120,-2401,419,1678.5,2542.5,1208,0,32.501,30.735,32.501,32.501,214.996,244.701,245.289,245.39,245.456,0.501,0.024,0.064,0.072,384,32640,1152,69.036,61.197,73.612,0,0,4042,90,30,30,30,30,30,30,30,30,120,30,30,1,1,1636026146288.5,17.412,78.545,12.378,318.596,81.087,254.246,0.319,1.432,21.689,153.25,8.97,22.426,7.8,19.501,1
2021-11-04 17:13:00,1,1, , , ,0.1,11116.5,339840.5,339840.5,1636026206868,29.03,55.353,954.192,123.5,-2468,430,1703,2506.5,1203,0,24.842,23.475,24.857,24.86,164.17,186.881,187.349,187.43,187.481,0.538,-0.008,0,0.032,32640,32768,33280,65.813,60.11,73.249,0,0,4033,90,30,30,30,30,30,30,30,30,120,30,30,1,1,1636026207865.5,17.412,78.545,11.572,326.38,79.927,260.201,0.326,1.312,20.488,153.45,6.856,17.141,5.962,14.905,1
2021-11-04 17:14:00,1,1, , , ,0.1,11118.5,339843,339843,1636026270126,29.1,55.409,954.204,77,-1536,433.5,1714,2549.5,1210,0,24.399,23.048,24.419,24.424,161.169,183.476,183.944,184.026,184.076,0.541,0.016,0,0,256,32768,32768,68.018,61.318,78.136,0,0,4029.5,90,30,30,30,30,30,30,30,30,120,30,30,1,1,1636026271108,17.41,78.544,10.062,329.204,81.304,179.465,0.329,1.316,20.787,148.95,6.734,16.835,5.856,14.639,1
2021-11-04 17:15:00,1,1, , , ,0.1,11120.5,339846.5,339846.5,1636026330512.5,29.06,55.518,954.638,100.5,-2006,449,1761,2558.5,1216,0,40.602,38.391,40.605,40.606,268.543,305.653,306.393,306.52,306.602,0.508,0.008,-0.064,0.08,32896,31744,1280,72.365,64.564,81.661,0,0,4028.5,90,30,30,30,30,30,30,30,30,120,30,30,1,1,1636026331507.5,17.41,78.544,9.935,341.739,81.593,220.266,0.342,1.539,22.692,152.2,11.206,28.015,9.744,24.361,1
2021-11-04 17:19:00,1,1, ,0.041,0.029, ,11127.5,339863,339863,1636026578675.5,28.61,56.766,955.503,66.5,-1322,405.5,1640,2376,1165,0,46.586,44.054,46.586,46.586,308.167,350.746,351.589,351.734,351.828,0.5,-0.032,0,0.072,32256,0,1152,75.701,67.101,82.006,0,0,4028,89,30,30,30,30,30,30,30,30,120,30,30,1,1,1636026579618,17.41,78.544,9.935,308.331,75.764,161.448,0.308,1.55,23.228,126.6,12.858,32.144,11.181,27.951,1
2021-11-04 17:20:00,1,1, ,0.05,0.035, ,11129.5,339867,339867,1636026640611,28.77,55.997,955.57,108.5,-2157,412.5,1656.5,2441,1187,0,46.482,43.955,46.483,46.483,307.469,349.952,350.795,350.94,351.034,0.535,-0.016,-0.048,0.104,65280,64768,1664,67.478,62.62,74.708,0,0,4025.5,89,30,30,30,30,30,30,30,30,120,30,30,1,1,1636026642270,17.41,78.544,9.935,313.113,77.837,234.28,0.313,1.573,23.062,152.65,12.829,32.072,11.156,27.889,1
2021-11-04 17:21:00,1,1, ,0.112,0.042, ,11131,339870,339870,1636026687530,28.91,55.577,955.592,94,-1878,437,1723,2500,1195,0,45.781,43.293,45.781,45.781,302.845,344.688,345.516,345.659,345.752,0.529,-0.016,-0.064,0.048,65280,64512,768,70.899,64.364,78.613,0,0,4029,89,30,30,30,30,30,30,30,30,120,30,30,1,1,1636026688503,17.41,78.544,9.935,332.257,79.721,209.057,0.332,1.587,23.245,151.9,12.636,31.589,10.987,27.469,1
2021-11-04 17:22:00,1,1, ,0.063,0.039, ,11132,339872,339872,1636026749499,29.04,55.162,954.934,112,-2225,424,1688,2382,1171,0,31.696,29.974,31.696,31.696,209.674,238.644,239.218,239.317,239.381,0.54,0.032,-0.048,-0.16,512,64768,62976,75.395,66.186,83.384,0,0,4022,89,30,30,30,30,30,30,30,30,120,30,30,1,1,1636026750507,17.41,78.544,9.935,321.385,75.941,240.243,0.321,1.385,21.27,152.8,8.748,21.871,7.607,19.018,1
2021-11-04 17:23:00,1,1, ,0.04,0.027, ,11133.5,339875,339875,1636026795949.5,28.79,55.67,955.644,31,-617.5,411,1653,2390.5,1169.5,0,31.934,30.194,31.938,31.939,211.204,240.392,240.975,241.075,241.14,0.542,0,-0.264,-0.088,32768,61312,64128,78.703,71.575,83.524,0,0,4029.5,89,30,30,30,30,30,30,30,30,120,30,30,1,1,1636026796947.5,17.41,78.544,9.935,311.585,76.217,99.777,0.312,1.385,22.31,88.95,8.814,22.034,7.664,19.16,1
2021-11-04 17:24:00,1,1, ,0.042,0.033, ,11135.5,339879,339879,1636026858496,28.725,55.799,956.055,74,-1474.5,396.5,1612.5,2355,1155,0,27.759,26.25,27.759,27.759,183.626,208.997,209.5,209.586,209.642,0.53,0.008,-0.04,0.088,128,64896,1408,73.99,68.322,79.318,0,0,4033.5,89,30,30,30,30,30,30,30,30,120,30,30,1,1,1636026859445,17.41,78.544,9.935,300.131,75.082,174.432,0.3,1.315,20.923,133.05,7.661,19.154,6.662,16.655,1
2021-11-04 17:25:00,1,1, ,0.066,0.035, ,11137.5,339882.5,339882.5,1636026920614.5,28.79,55.641,956.215,138,-2751,443,1743,2499.5,1198.5,0,36.311,34.17,36.454,36.483,238.614,271.854,272.693,272.844,272.922,0.566,-0.04,-0.064,-0.024,64896,64512,32384,71.929,68.626,76.571,0,0,4027.5,89,30,30,30,30,30,30,30,30,120,30,30,1,1,1636026921610.5,17.41,78.544,9.935,337.178,79.705,285.476,0.337,1.467,21.914,154.25,10.022,25.054,8.715,21.786,1
2021-11-04 17:26:00,1,1, ,0.087,0.048, ,11139.5,339885.5,339885.5,1636026982430,28.885,55.611,956.684,143.5,-2857.5,437.5,1727,2508.5,1204.5,0,35.857,33.86,35.898,35.906,236.737,269.524,270.226,270.348,270.422,0.546,0.024,0.304,-0.088,384,4864,31360,77.665,72.711,83.219,0,0,4030.5,89,30,30,30,30,30,30,30,30,120,30,30,1,1,1636026983380,17.41,78.544,9.935,332.702,79.993,294.976,0.333,1.458,21.796,154.55,9.896,24.741,8.606,21.514,1
2021-11-04 17:27:00,1,1, ,0.068,0.054, ,11141.5,339889,339889,1636027044504,28.82,56.279,957.18,58.5,-1176,395.5,1609,2373,1164.5,0,34.604,32.55,34.754,34.784,227.262,258.945,259.761,259.907,259.983,0.55,-0.032,-0.096,0.032,32512,33536,33280,77.659,72.122,84.152,0,0,4030.5,89,30,30,30,30,30,30,30,30,120,30,30,1,1,1636027044820.5,17.41,78.544,9.935,299.754,75.664,147.474,0.3,1.405,21.891,114.9,9.551,23.877,8.305,20.763,1
2021-11-04 17:28:00,1,1, ,0.064,0.04, ,11143.5,339893,339893,1636027106871,28.445,58.126,957.629,55,-1095,416,1666.5,2471,1195.5,0,31.289,29.445,31.413,31.438,205.62,234.264,234.987,235.116,235.184,0.56,0.096,0.12,0.088,1536,1920,1408,76.487,70.66,81.526,0,0,4026.5,89,30,30,30,30,30,30,30,30,120,30,30,1,1,1636027107188.5,17.41,78.544,9.935,318.137,78.818,141.538,0.318,1.387,21.889,115.05,8.636,21.59,7.509,18.774,1
2021-11-04 17:29:00,1,1, ,0.14,0.105, ,11145.5,339896.5,339896.5,1636027169154,28.41,57.572,957.742,104,-2074.5,385.5,1580.5,2253.5,1132.5,0,32.266,30.474,32.299,32.305,213.08,242.582,243.208,243.317,243.384,0.552,0.136,-0.064,0.056,2176,31744,896,74.958,69.213,85.039,0,0,4026.5,89,30,30,30,30,30,30,30,30,120,30,30,1,1,1636027171648,17.41,78.544,9.935,293.194,71.852,226.608,0.293,1.347,21.107,152.45,8.905,22.264,7.744,19.36,1
2021-11-04 17:30:00,1,1, ,0.08,0.043, ,11147.5,339898.5,339898.5,1636027231337.5,28.515,56.957,957.62,121,-2411.5,392.5,1603.5,2335.5,1152.5,0,47.148,44.585,47.149,47.149,311.879,354.971,355.826,355.973,356.069,0.533,0.016,-0.152,-0.096,256,63104,64000,71.534,68.567,76.528,0,0,4023.5,89,30,30,30,30,30,30,30,30,120,30,30,1,1,1636027231982,17.41,78.544,9.935,298.152,74.47,256.075,0.298,1.513,22.467,153.3,13.013,32.532,11.316,28.289,1
2021-11-04 17:31:00,1,1, ,0.082,0.048, ,11149.5,339902,339902,1636027293434,28.62,56.738,957.154,142.5,-2843.5,395.5,1610.5,2307,1152,0,69.465,65.69,69.465,69.465,459.517,523.006,524.264,524.48,524.62,0.519,-0.024,-0.048,0.064,65152,64768,1024,73.73,67.906,79.84,0,0,4020.5,89,30,30,30,30,30,30,30,30,120,30,30,1,1,1636027293793.5,17.41,78.544,9.935,300.292,73.556,293.342,0.3,1.732,24.335,154.45,19.172,47.931,16.672,41.679,1
2021-11-04 17:32:00,1,1, ,0.094,0.07, ,11151.5,339905.5,339905.5,1636027355346.5,28.57,57.208,956.831,81,-1614.5,424,1686.5,2360.5,1158.5,0,38.771,36.664,38.771,38.771,256.471,291.907,292.609,292.729,292.808,0.528,0.016,-0.032,0.008,33024,65024,128,74.645,70.757,78.942,0,0,4027,89,30,30,30,30,30,30,30,30,120,30,30,1,1,1636027355705.5,17.41,78.544,9.935,323.592,75.273,186.622,0.324,1.46,22.27,146.1,10.701,26.752,9.305,23.262,1
2021-11-04 17:33:00,1,1, ,0.06,0.041, ,11153.5,339907.5,339907.5,1636027418344.5,28.64,57.248,956.521,157,-3138,468.5,1813.5,2583.5,1229.5,0,126.554,119.677,126.554,126.554,837.166,952.834,955.125,955.519,955.775,0.501,-0.04,-0.048,-0.032,64896,64768,65024,71.738,68.038,78.119,0,0,4025.5,88.5,30,30,30,30,30,30,30,30,120,30,30,1,1,1636027418631,17.41,78.544,9.935,359.229,82.41,318.485,0.359,2.185,27.935,155.25,34.929,87.322,30.373,75.932,1
2021-11-04 17:34:00,1,1, ,0.045,0.041, ,11155.5,339910,339910,1636027479918,28.79,56.831,956.394,127,-2537,409.5,1648,2510,1200.5,0,39.9,37.732,39.9,39.9,263.94,300.407,301.13,301.254,301.334,0.526,-0.04,-0.032,0.024,64896,32256,33152,74.66,62.731,82.421,0,0,4016,88,30,30,30,30,30,30,30,30,120,30,30,1,1,1636027480267.5,17.363,78.558,10.982,311.514,80.054,266.357,0.312,1.518,22.444,153.65,11.012,27.531,9.576,23.94,0.5
2021-11-04 17:35:00,1,1, ,0.071,0.047, ,11157.5,339914,339914,1636027541755.5,29.015,55.955,956.451,109.5,-2188,429.5,1704.5,2576.5,1221.5,0,34.67,32.595,34.833,34.865,227.54,259.288,260.122,260.273,260.349,0.581,0.008,-0.008,-0.048,128,32640,32000,75.266,62.584,83.488,0,0,4018.5,88,30,30,30,30,30,30,30,30,120,30,30,1,1,1636027543180.5,17.363,78.558,3.79,326.572,82.173,235.897,0.327,1.475,22.09,152.7,9.569,23.922,8.321,20.802,0
2021-11-04 17:36:00,1,1, ,0.074,0.037, ,11159,339917,339917,1636027592243,29.19,55.516,956.407,122,-2441,417,1664,2521,1206,0,32.201,30.423,32.224,32.229,212.748,242.187,242.8,242.906,242.972,0.582,0.032,-0.032,0.08,512,65024,1280,70.997,66.949,76.88,0,0,4004,88,30,30,30,30,30,30,30,30,120,30,30,1,1,1636027592522,17.363,78.558,3.79,316.056,80.393,257.516,0.316,1.431,21.593,153.4,8.887,22.218,7.728,19.32,0
2021-11-04 17:37:00,1,1, ,0.076,0.046, ,11160,339919,339919,1636027624626,29.26,55.489,956.345,118,-2345,439,1728,2621,1231,0,90.668,85.727,90.68,90.682,599.648,682.521,684.177,684.462,684.646,0.535,-0.016,-0.016,0,65280,65280,0,68.938,62.376,73.823,0,0,4018,88,30,30,30,30,30,30,30,30,120,30,30,1,1,1636027624873,17.363,78.558,3.79,333.613,83.593,250.541,0.334,2.021,26.694,153.1,25.024,62.561,21.76,54.401,0
2021-11-04 18:20:00,1,1, ,0.067,0.058, ,11161.5,339944.5,339944.5,1636030241796.5,28.21,58.208,953.113,102.5,-2044,369,1530,2521,1202.5,0,29.344,27.104,29.897,30.008,188.008,215.034,216.265,216.501,216.58,0.594,-0.024,-0.152,0,65152,63104,32768,68.282,64.368,72.527,0,0,3983,85,30,30,30,30,30,30,30,30,120,30,30,1,1,1636030244209.5,17.334,78.587,3.79,280.694,80.418,224.087,0.281,1.37,21.31,152.35,8.099,20.248,7.043,17.607,0
2021-11-04 18:21:00,1,1, ,0.084,0.05, ,11163.5,339947,339947,1636030304013.5,28.335,57.783,952.972,100,-1995,370.5,1537,2428,1175,0,27.654,25.873,27.892,27.939,180.304,205.668,206.47,206.618,206.682,0.565,-0.04,-0.016,0.04,64896,32512,640,68.294,65.166,73.334,0,0,3980.5,85,30,30,30,30,30,30,30,30,120,30,30,1,1,1636030304662.5,17.334,78.587,3.79,281.423,77.438,219.697,0.281,1.325,20.889,152.15,7.632,19.081,6.637,16.592,0
2021-11-04 18:22:00,1,1, ,0.072,0.056, ,11165,339950,339950,1636030351177,28.31,58.168,952.782,50,-990,389,1594,2492,1195,0,33.587,31.753,33.595,33.597,222.097,252.798,253.416,253.523,253.591,0.564,0.048,-0.08,0.016,768,64256,256,75.932,69.588,80.044,0,0,3984,85,30,30,30,30,30,30,30,30,120,30,30,1,1,1636030351832,17.332,78.591,3.79,296.622,79.49,132.925,0.297,1.425,22.271,95.9,9.27,23.175,8.061,20.152,0
2021-11-04 18:23:00,1,1, ,0.076,0.06, ,11166.5,339952,339952,1636030397183,28.1,58.923,952.576,40,-797,395,1606.5,2487,1199,0,49.286,46.599,49.294,49.295,325.949,370.998,371.9,372.056,372.156,0.531,-0.016,-0.04,-0.112,32512,32128,30976,81.044,74.933,85.424,0,0,3985,85,30,30,30,30,30,30,30,30,120,30,30,1,1,1636030398416.5,17.33,78.594,3.79,302.256,79.337,115.654,0.302,1.588,23.998,105.7,13.603,34.008,11.829,29.572,0
2021-11-04 18:24:00,1,1, ,0.057,0.039, ,11168.5,339954.5,339954.5,1636030460648.5,27.76,60.053,953.007,56.5,-1122,411.5,1654,2450,1184.5,0,50.23,47.501,50.23,50.231,332.279,378.188,379.098,379.254,379.356,0.51,0.032,0.064,0.128,33280,33792,2048,83.423,79.591,87.119,0,0,3979.5,85,30,30,30,30,30,30,30,30,120,30,30,1,1,1636030461257.5,17.33,78.594,3.79,316.723,78.164,144.429,0.317,1.593,23.914,116.55,13.864,34.659,12.055,30.138,0
2021-11-04 18:25:00,1,1, ,0.093,0.074, ,11170,339956,339956,1636030506030,27.64,60.703,954.14,98,-1955,458,1789,2675,1253,0,81.767,77.323,81.766,81.767,540.892,615.625,617.105,617.36,617.525,0.526,-0.08,-0.16,-0.032,64256,62976,65024,80.391,70.463,84.004,0,0,3989,85,30,30,30,30,30,30,30,30,120,30,30,1,1,1636030506640,17.33,78.594,3.79,354.642,85.371,216.495,0.355,1.93,26.443,152.1,22.568,56.419,19.624,49.06,0
2021-11-04 18:26:00,1,1, ,0.073,0.062, ,11171,339957,339957,1636030598414,27.55,61.359,953.36,65,-1291,397,1604,2478,1196,0,54.245,51.298,54.245,54.245,358.838,408.417,409.399,409.567,409.677,0.538,0.048,0.048,0.032,768,768,512,79.386,75.821,84.47,0,0,3976,85,30,30,30,30,30,30,30,30,120,30,30,1,1,1636030600591,17.33,78.594,3.79,306.481,79.073,159.251,0.306,1.636,24.231,123.9,14.972,37.429,13.019,32.547,0
2021-11-04 18:27:00,1,1, ,0.107,0.063, ,11172.5,339958.5,339958.5,1636030645100,27.245,62.538,953.646,39.5,-791.5,385,1582,2441,1190,0,86.831,82.082,86.857,86.862,574.11,653.481,655.086,655.362,655.539,0.533,0,-0.008,0.168,32768,32640,2688,79.881,72.867,84.124,0,0,3970.5,85,30,30,30,30,30,30,30,30,120,30,30,1,1,1636030645961.5,17.33,78.594,3.79,298.16,77.901,115.117,0.298,1.874,26.891,151.3,23.965,59.913,20.839,52.099,0
2021-11-04 18:28:00,1,1, ,0.079,0.051, ,11174,339960,339960,1636030722715,26.94,63.618,954.387,64,-1282,392,1601,2389,1172,0,29.286,27.683,29.295,29.297,193.617,220.387,220.93,221.024,221.083,0.559,-0.096,-0.08,0.08,64000,64256,1280,75.734,64.676,85.19,0,0,3979,85,30,30,30,30,30,30,30,30,120,30,30,1,1,1636030723594,17.33,78.594,3.79,304.956,76.247,157.759,0.305,1.314,21.306,122,8.083,20.207,7.029,17.571,0
2021-11-04 18:29:00,1,1, ,0.077,0.05, ,11175.5,339961.5,339961.5,1636030768952,26.85,63.932,953.624,88.5,-1766,401.5,1626.5,2380,1164.5,0,83.877,99.037,84.392,84.482,691.75,788.011,790.372,790.793,791.018,0.586,-0.04,-0.072,-0.096,64896,64384,64000,76.842,70.449,81.813,0,0,3968.5,85,30,30,30,30,30,30,30,30,120,30,30,1,1,1636030769804.5,17.33,78.594,3.79,312.909,75.962,200.315,0.313,1.825,25.873,151.6,23.15,57.875,20.13,50.326,0
2021-11-04 18:30:00,1,1, ,0.086,0.061, ,11177.5,339963.5,339963.5,1636030831291.5,26.695,64.333,953.858,80,-1597.5,443,1742.5,2533.5,1213.5,0,60.076,56.688,60.181,60.202,396.244,451.191,452.412,452.626,452.751,0.572,-0.112,-0.16,0.032,63744,62976,33280,77.156,71.719,81.11,0,0,3963,85,30,30,30,30,30,30,30,30,120,30,30,1,1,1636030832611,17.33,78.594,3.79,346.598,80.878,185.629,0.347,1.686,24.707,147.65,16.581,41.452,14.418,36.045,0
2021-11-04 18:31:00,1,1, ,0.072,0.046, ,11179.5,339965.5,339965.5,1636030893184,26.77,63.928,954.193,188.5,-3767,433,1717,2544,1214,0,109.132,103.197,109.136,109.137,721.877,821.622,823.603,823.944,824.164,0.508,0.048,-0.128,-0.064,33536,63488,64512,73.812,69.201,84.211,0,0,3973,85,30,30,30,30,30,30,30,30,120,30,30,1,1,1636030894068.5,17.33,78.594,3.79,338.163,81.21,373.904,0.338,2.026,26.929,156.95,30.12,75.301,26.192,65.479,0
2021-11-04 18:32:00,1,1, ,0.096,0.05, ,11181.5,339967.5,339967.5,1636030955506.5,27.02,63.017,953.558,193,-3849.5,399.5,1618,2390.5,1173.5,0,79.99,75.643,79.99,79.99,529.141,602.25,603.698,603.947,604.109,0.518,-0.104,-0.136,0.04,63872,63360,33408,74.749,70.791,79.041,0,0,3976.5,84.5,30,30,30,30,30,30,30,30,120,30,30,1,1,1636030956366.5,17.33,78.594,3.79,310.34,76.289,381.614,0.31,1.791,24.948,157.2,22.077,55.193,19.198,47.994,0
2021-11-04 18:33:00,1,1, ,0.152,0.091, ,11183.5,339969.5,339969.5,1636031017682.5,27.17,62.319,953.256,145.5,-2904.5,437,1723.5,2456.5,1193.5,0,103.091,97.489,103.091,103.091,681.953,776.176,778.042,778.363,778.571,0.497,0.008,0.16,0.072,128,2560,1152,74.211,69.544,76.961,0,0,3967,84.5,30,30,30,30,30,30,30,30,120,30,30,1,1,1636031018559,17.33,78.594,3.79,339.616,78.394,299.121,0.34,1.929,26.193,154.65,28.453,71.133,24.742,61.854,0
2021-11-04 18:34:00,1,1, ,0.1,0.064, ,11185.5,339971.5,339971.5,1636031079462,27.255,61.944,952.953,150,-2999.5,428,1699.5,2487,1194.5,0,70.175,66.304,70.224,70.234,463.669,527.826,529.159,529.39,529.534,0.52,-0.024,-0.056,-0.008,32384,31872,32640,77.381,72.219,81.875,0,0,3974.5,84,30,30,30,30,30,30,30,30,120,30,30,1,1,1636031080386.5,17.33,78.594,3.79,332.006,79.366,306.899,0.332,1.768,24.868,154.9,19.368,48.421,16.842,42.105,0
2021-11-04 18:35:00,1,1, ,0.11,0.06, ,11187.5,339973.5,339973.5,1636031141337.5,27.25,61.777,952.572,133,-2654.5,390,1590,2342.5,1157,0,51.74,48.927,51.741,51.741,342.25,389.539,390.477,390.639,390.743,0.537,0.008,-0.256,-0.04,32896,61440,32128,78.258,74.506,81.561,0,0,3975,84,30,30,30,30,30,30,30,30,120,30,30,1,1,1636031142251,17.33,78.594,3.79,301.421,74.741,277.402,0.301,1.565,23.192,154,14.28,35.7,12.417,31.044,0
2021-11-04 18:36:00,1,1, ,0.084,0.053, ,11189.5,339975.5,339975.5,1636031203961.5,27.23,61.542,952.225,109.5,-2184,364,1522.5,2267.5,1133.5,0,50.997,47.924,51.254,51.306,334.5,381.206,382.455,382.681,382.793,0.551,0.072,0.296,0.072,1152,4736,33920,75.896,71.925,81.257,0,0,3975,84,30,30,30,30,30,30,30,30,120,30,30,1,1,1636031204818,17.33,78.594,3.79,280.383,72.338,236.633,0.28,1.534,23.05,152.7,14.075,35.188,12.239,30.598,0
2021-11-04 18:37:00,1,1, ,0.07,0.047, ,11191,339977,339977,1636031250725,27.24,61.602,953.075,111,-2207,417,1669,2450,1178,0,67.503,63.83,67.508,67.509,446.492,508.19,509.417,509.629,509.765,0.553,-0.016,0.048,-0.032,65280,768,65024,72.912,66.664,80.012,0,0,3963,84,30,30,30,30,30,30,30,30,120,30,30,1,1,1636031251564,17.33,78.594,3.79,322.873,78.179,239.23,0.323,1.736,24.826,152.8,18.631,46.577,16.201,40.502,0
2021-11-04 18:38:00,1,1, ,0.067,0.05, ,11192.5,339978.5,339978.5,1636031297902,27.33,61.502,953.087,133,-2650.5,434,1716,2581.5,1221,0,105.618,99.296,106.117,106.217,693.166,789.885,792.428,792.887,793.118,0.532,0.016,0.04,0.016,33024,33408,256,72.525,67.776,80.119,0,0,3967,84,30,30,30,30,30,30,30,30,120,30,30,1,1,1636031298274,17.33,78.594,3.79,336.346,82.386,277.369,0.336,2.038,27.181,153.95,29.151,72.877,25.348,63.371,0
2021-11-04 18:39:00,1,1, ,0.078,0.062, ,11194,339980,339980,1636031376290,27.62,60.737,953.314,280,-5589,514,1944,2542,1213,0,91.652,86.671,91.652,91.652,606.285,690.052,691.712,691.997,692.182,0.485,-0.064,0,0.032,64512,0,512,73.692,69.603,81.636,0,0,3972,84,30,30,30,30,30,30,30,30,120,30,30,1,1,1636031376703,17.33,78.594,3.79,399.522,81.115,532.365,0.4,1.955,25.897,161.9,25.296,63.24,21.996,54.991,0
2021-11-04 18:40:00,1,1, ,0.105,0.079, ,11195.5,339981.5,339981.5,1636031421567,27.76,59.993,953.786,178.5,-3564,452,1769.5,2635,1235.5,0,71.866,67.957,71.869,71.869,475.363,541.048,542.352,542.577,542.722,0.539,-0.016,0.088,-0.016,32512,1408,32512,74.038,70.217,79.017,0,0,3965,84,30,30,30,30,30,30,30,30,120,30,30,1,1,1636031422421,17.33,78.594,3.79,349.092,84.084,356.161,0.349,1.839,25.231,156.45,19.835,49.587,17.248,43.119,0
2021-11-04 18:41:00,1,1, ,0.092,0.083, ,11197.5,339983.5,339983.5,1636031484382.5,27.78,60.067,953.847,108,-2158,410,1653,2479.5,1192.5,0,65.254,61.708,65.254,65.254,431.661,491.302,492.484,492.687,492.819,0.526,0.024,0.088,0.04,384,1408,640,78.32,71.048,82.248,0,0,3966.5,84,30,30,30,30,30,30,30,30,120,30,30,1,1,1636031484783,17.33,78.594,3.79,315.527,79.108,233.797,0.316,1.739,24.744,152.65,18.01,45.025,15.661,39.152,0
2021-11-04 18:42:00,1,1, ,0.1,0.08, ,11199.5,339985.5,339985.5,1636031545777,27.62,60.339,953.819,82,-1634,395,1612.5,2329.5,1152.5,0,46.845,44.152,46.972,46.998,308.488,351.351,352.359,352.538,352.637,0.562,0,-0.088,-0.048,0,64128,32000,76.271,70.384,79.76,0,0,3960.5,84,30,30,30,30,30,30,30,30,120,30,30,1,1,1636031546268.5,17.33,78.594,3.79,303.854,74.311,188.745,0.304,1.519,23.012,151.25,12.929,32.323,11.243,28.107,0
2021-11-04 19:03:00,1,1, ,0.166,0.131, ,11201,339987,339987,1636032793142,28.71,57.227,955.576,69,-1374,373,1537,2567,1217,0,324.553,306.903,324.564,324.567,2146.82,2443.458,2449.348,2450.361,2451.018,0.507,0.032,-0.016,0.064,512,65280,1024,60.84,49.482,77.467,0,0,3928,82,30,30,30,30,30,30,30,30,120,30,30,1,1,1636032800308,17.352,78.539,3.216,282.712,81.882,165.728,0.283,2.97,34.553,158.5,89.577,223.941,77.893,194.732,0
2021-11-04 19:04:00,1,1, ,0.157,0.134, ,11202,339988,339988,1636032851159,28.89,56.52,955.497,69,-1371,375,1552,2510,1209,0,249.469,235.913,249.469,249.469,1650.259,1878.268,1882.784,1883.56,1884.065,0.525,0,-0.016,-0.016,0,65280,65280,71.152,50.299,90.655,0,0,3949,82,30,30,30,30,30,30,30,30,120,30,30,1,1,1636032851793,17.352,78.539,3.216,283.543,80.051,165.657,0.284,2.713,32.643,156.2,68.853,172.134,59.873,149.681,0
2021-11-04 19:06:00,1,1, ,0.117,0.111, ,11203,339991,339991,1636032965648,29.08,55.814,955.528,52,-1039,386,1584,2550,1215,0,2563.84,2379.125,2602.689,2610.463,16530.93,18888.729,18984.309,19002.436,19008.979,0.731,0.032,0,0.144,512,0,2304,67.234,49.807,88.97,0,0,3944,82,30,30,30,30,30,30,30,30,120,30,30,1,1,1636032968349,17.352,78.539,3.216,291.576,81.324,136.078,0.292,5.71,51.971,226.3,707.62,1769.049,615.322,1538.304,0
2021-11-04 19:07:00,1,1, ,0.117,0.107, ,11204,339992,339992,1636033025878,29.09,55.707,955.618,0,68,373,1544,2382,1176,0,132.186,124.764,132.391,132.432,872.164,993.055,995.708,996.172,996.447,0.54,0.032,-0.048,0.016,512,64768,256,65.956,49.915,87.804,0,0,3947,82,30,30,30,30,30,30,30,30,120,30,30,1,1,1636033026531,17.352,78.539,3.216,281.059,75.947,45.829,0.281,2.175,0,152.7,36.483,91.209,31.725,79.312,0
2021-11-04 19:08:00,1,1, ,0.131,0.122, ,11205,339994,339994,1636033092065,29.06,55.882,955.635,13,-254,373,1545,2414,1175,0,173.978,164.516,173.984,173.986,1150.807,1309.821,1312.979,1313.522,1313.874,0.536,0,-0.016,-0.128,0,65280,63488,64.192,49.107,87.185,0,0,3942,82,30,30,30,30,30,30,30,30,120,30,30,1,1,1636033094295,17.352,78.539,3.216,281.243,76.973,68.401,0.281,2.385,31.612,154,48.018,120.045,41.755,104.387,0
2021-11-04 19:09:00,1,1, ,0.151,0.136, ,11206,339995,339995,1636033147915,29.08,55.766,955.579,19,-384,374,1544,2439,1179,0,180.19,170.399,180.19,180.19,1191.974,1356.664,1359.926,1360.487,1360.851,0.522,0.032,-0.016,0,512,65280,0,67.394,50.408,89.886,0,0,3951,82,30,30,30,30,30,30,30,30,120,30,30,1,1,1636033148547,17.352,78.539,3.216,281.921,77.771,78.807,0.282,2.423,31.566,154.2,49.733,124.331,43.246,108.114,0
2021-11-04 19:10:00,1,1, ,0.128,0.125, ,11207,339996,339996,1636033207141,29.11,55.553,955.591,58,-1161,366,1519,2332,1150,0,116.925,110.57,116.925,116.925,773.459,880.326,882.443,882.807,883.044,0.527,0,0.016,-0.08,0,256,64256,64.765,48.642,77.513,0,0,3934,82,30,30,30,30,30,30,30,30,120,30,30,1,1,1636033207777,17.352,78.539,3.216,275.295,74.345,146.482,0.275,2.073,27.787,152.2,32.271,80.678,28.062,70.155,0
2021-11-04 19:11:00,1,1, ,0.161,0.151, ,11208.5,339998.5,339998.5,1636033288613,29.155,55.463,955.571,76.5,-1521.5,371,1534,2383.5,1168,0,141.96,134.217,141.985,141.99,938.8,1068.558,1071.159,1071.608,1071.896,0.519,-0.016,-0.008,-0.04,32512,32640,64896,58.353,49.138,67.188,0,0,3928.5,81,30,30,30,30,30,30,30,30,120,30,30,1,1,1636033289250,17.352,78.539,3.216,279.19,75.992,178.569,0.279,2.226,28.784,153,39.181,97.952,34.07,85.176,0
2021-11-04 19:14:00,1,1, ,0.135,0.125, ,11210,340001,340001,1636033446837,29.26,55.236,955.664,71,-1423,371,1542,2400,1172,0,170.918,161.63,170.917,170.918,1130.634,1286.848,1289.943,1290.474,1290.82,0.529,0,-0.016,-0.016,0,65280,65280,56.982,49.554,65.077,0,0,3933,81,30,30,30,30,30,30,30,30,120,30,30,1,1,1636033448305,17.352,78.539,3.216,278.921,76.518,168.978,0.279,2.372,29.96,153.9,47.173,117.933,41.02,102.551,0
2021-11-04 19:16:00,1,1, ,0.178,0.156, ,11211,340002,340002,1636033591337,29.28,55.12,955.691,7,-139,373,1543,2403,1175,0,192.766,182.29,192.766,192.767,1275.156,1451.339,1454.83,1455.43,1455.82,0.505,0,0,0.08,0,0,1280,66.816,52.405,78.019,0,0,3942,81,30,30,30,30,30,30,30,30,120,30,30,1,1,1636033593821,17.352,78.54,40.778,280.4,76.613,57.899,0.28,2.465,32.788,154.5,53.203,133.008,46.264,115.659,1
2021-11-04 19:19:00,1,1, ,0.176,0.16, ,11212,340004,340004,1636033755299,29.29,54.977,955.689,81,-1624,372,1540,2382,1169,0,160.147,151.445,160.147,160.147,1059.386,1205.757,1208.656,1209.155,1209.479,0.527,-0.048,-0.032,-0.032,64768,65024,65024,68.069,57.519,75.836,0,0,3935,81,30,30,30,30,30,30,30,30,120,30,30,1,1,1636033757394,17.352,78.539,33.489,279.456,75.94,186.325,0.279,2.317,29.415,153.5,44.201,110.502,38.435,96.088,1
2021-11-04 19:21:00,1,1, ,0.168,0.16, ,11213,340006,340006,1636033914273,29.3,55.002,955.787,0,73,369,1535,2371,1158,0,343.145,324.498,343.145,343.145,2269.931,2583.558,2589.77,2590.838,2591.532,0.506,0.016,-0.016,-0.08,256,65280,64256,58.735,51.211,68.553,0,0,3939,81,30,30,30,30,30,30,30,30,120,30,30,1,1,1636033916714,17.352,78.539,36.733,277.074,75.588,45.744,0.277,2.94,0,159.1,94.708,236.77,82.355,205.887,1
2021-11-04 19:25:00,1,1, ,0.134,0.129, ,11214,340011,340011,1636034110695,29.23,55.245,955.849,60,-1199,374,1546,2389,1166,0,201.193,190.26,201.193,201.193,1330.904,1514.79,1518.432,1519.058,1519.465,0.517,-0.016,0.016,-0.064,65280,256,64512,66.261,53.917,74.181,0,0,3931,81,30,30,30,30,30,30,30,30,120,30,30,1,1,1636034114221,17.352,78.539,31.377,281.345,76.166,149.902,0.281,2.491,31.039,154.8,55.529,138.823,48.286,120.716,1
2021-11-04 19:27:00,1,1, ,0.149,0.138, ,11215,340017,340017,1636034266687,29.14,55.438,955.863,60,-1188,380,1569,2417,1178,0,204.425,193.316,204.425,204.425,1352.287,1539.127,1542.827,1543.464,1543.877,0.503,-0.048,-0.016,0,64768,65280,0,69.394,53.172,84.793,0,0,3924,80,30,30,30,30,30,30,30,30,120,30,30,1,1,1636034270907,17.352,78.54,35.734,286.379,77.064,149.941,0.286,2.513,31.228,154.9,56.421,141.053,49.062,122.655,1
2021-11-04 19:30:00,1,1, ,0.151,0.133, ,11216,340023,340023,1636034410386,29.11,55.482,955.805,54,-1078,364,1523,2289,1147,0,155.032,146.363,155.241,155.284,1023.238,1165.012,1168.084,1168.621,1168.942,0.579,0,-0.032,-0.032,0,65024,65024,61.008,49.077,72.758,0,0,3925,80,30,30,30,30,30,30,30,30,120,30,30,1,1,1636034412227,17.353,78.539,38.166,273.624,72.968,139.542,0.274,2.247,29.275,153.4,42.789,106.972,37.208,93.019,1
2021-11-04 19:32:00,1,1, ,0.377,0.378, ,11217,340027,340027,1636034544946,29.06,55.763,955.868,94,-1879,368,1533,2342,1158,0,190.85,180.425,190.896,190.906,1261.974,1436.423,1439.937,1440.543,1440.931,0.556,0.016,-0.048,0.016,256,64768,256,64.91,49.455,78.629,0,0,3906,80,30,30,30,30,30,30,30,30,120,30,30,1,1,1636034547089,17.352,78.539,43.141,277.123,74.667,208.98,0.277,2.422,30.176,154.5,52.675,131.686,45.804,114.51,1
2021-11-04 19:34:00,1,1, ,0.293,0.226, ,11218,340033,340033,1636034679193,29.05,55.857,955.864,39,-777,369,1533,2332,1154,0,167.375,158.267,167.387,167.39,1107.076,1260.058,1263.103,1263.626,1263.965,0.553,0,-0.064,0.064,0,64512,1024,62.164,53.031,71.022,0,0,3900,80,30,30,30,30,30,30,30,30,120,30,30,1,1,1636034681038,17.352,78.539,30.309,278.02,74.348,113.53,0.278,2.319,30.136,153.8,46.196,115.489,40.17,100.425,1
2021-11-04 19:36:00,1,1, ,0.183,0.164, ,11219,340040,340040,1636034804122,29.06,55.846,955.909,99,-1970,370,1537,2339,1156,0,688.745,650.803,689.186,689.275,4551.236,5180.897,5193.924,5196.183,5197.592,0.549,-0.032,-0.032,0.016,65024,65024,256,64.076,53.411,73.405,0,0,3924,80,30,30,30,30,30,30,30,30,120,30,30,1,1,1636034806058,17.352,78.539,30.081,278.806,74.572,217.655,0.279,3.628,38.657,169.5,190.094,475.234,165.299,413.247,1
2021-11-04 19:39:00,1,1, ,0.241,0.233, ,11220,340046,340046,1636034984155,29.06,55.883,955.88,52,-1038,368,1524,2325,1151,0,234.304,221.524,234.344,234.352,1549.492,1763.655,1767.948,1768.688,1769.163,0.491,0,-0.016,0.016,0,65280,256,65.56,52.891,79.078,0,0,3917,80,30,30,30,30,30,30,30,30,120,30,30,1,1,1636034986074,17.353,78.539,29.904,277.24,74.125,136.086,0.277,2.575,31.883,155.8,64.668,161.67,56.233,140.582,1
2021-11-04 19:42:00,1,1, ,1.425,0.868, ,11221,340052,340052,1636035149150,29.15,55.75,956.021,94,-1875,370,1529,2335,1155,0,242.856,229.625,242.884,242.891,1606.195,1828.17,1832.603,1833.366,1833.858,0.52,0,-0.032,0.064,0,65024,1024,61.71,51.611,75.354,0,0,3913,79,30,30,30,30,30,30,30,30,120,30,30,1,1,1636035151677,17.352,78.539,34.037,278.671,74.444,208.936,0.279,2.613,31.6,156,67.028,167.57,58.285,145.713,1
2021-11-04 19:45:00,1,1, ,0.156,0.148, ,11222,340059,340059,1636035350484,29.05,56.061,956.062,49,-976,369,1535,2350,1157,0,347.411,327.544,348.258,348.427,2288.809,2606.65,2614.011,2615.313,2616.045,0.601,0.048,0,0.048,768,0,768,62.498,52.346,72.736,0,0,3909,79,30,30,30,30,30,30,30,30,120,30,30,1,1,1636035355973,17.352,78.539,26.172,278.219,74.926,130.88,0.278,2.93,34.573,159.2,95.886,239.714,83.379,208.447,1
2021-11-04 19:48:00,1,1, ,0.189,0.173, ,11223,340065,340065,1636035491399,28.98,56.255,956.1,46,-918,369,1535,2335,1161,0,211.88,200.167,212.051,212.086,1399.718,1593.436,1597.488,1598.192,1598.627,0.594,0.032,-0.016,0.064,512,65280,1024,64.646,55.565,77.52,0,0,3896,79,30,30,30,30,30,30,30,30,120,30,30,1,1,1636035493357,17.352,78.539,29.939,278.44,74.448,125.703,0.278,2.497,31.411,155.1,58.479,146.198,50.851,127.128,1
2021-11-04 19:50:00,1,1, ,0.245,0.202, ,11224,340072,340072,1636035632511,28.86,56.659,956.08,41,-813,368,1529,2321,1147,0,189.797,179.413,189.857,189.869,1254.861,1428.353,1431.865,1432.471,1432.857,0.542,0,0,-0.096,0,0,64000,62.754,53.74,75.092,0,0,3905,79,30,30,30,30,30,30,30,30,120,30,30,1,1,1636035634861,17.352,78.539,29.869,278.087,74.004,117.074,0.278,2.401,30.801,154.4,52.384,130.96,45.551,113.878,1
2021-11-04 19:55:00,1,1,0.27, , , ,11226,340076,340076,1636035906961,28.9,56.82,956.199,55,-1095,374,1546,2385,1166,0,265.46,251.035,265.46,265.46,1756.038,1998.662,2003.468,2004.294,2004.831,0.519,0,-0.032,-0.096,0,65024,64000,63.463,52.006,74.605,0,0,3905,79,30,30,30,30,30,30,30,30,120,30,30,1,1,1636035909206,17.352,78.539,36.209,283.03,76.054,141.348,0.283,2.704,32.827,156.7,73.267,183.167,63.71,159.276,1
2021-11-04 19:56:00,1,1,0.09, , , ,11227,340077,340077,1636035969606,28.93,56.728,956.165,67,-1340,377,1565,2414,1172,0,248.314,234.797,248.334,248.339,1642.394,1869.354,1873.875,1874.653,1875.156,0.542,0,-0.032,-0.032,0,65024,65024,65.456,53.199,79.796,0,0,3897,79,30,30,30,30,30,30,30,30,120,30,30,1,1,1636035970482,17.352,78.539,4.288,285.328,76.981,162.161,0.285,2.663,32.32,156.2,68.535,171.337,59.595,148.988,0
2021-11-04 19:57:00,1,1,0, , , ,11228,340078,340078,1636036034387,28.95,56.875,956.205,100,-1986,378,1555,2375,1165,0,260.211,246.071,260.211,260.211,1721.319,1959.146,1963.856,1964.666,1965.193,0.539,0.016,-0.016,-0.096,256,65280,64000,68.936,55.557,76.915,0,0,3907,79,30,30,30,30,30,30,30,30,120,30,30,1,1,1636036035326,17.352,78.539,3.216,286.263,75.735,219.42,0.286,2.684,32.109,156.6,71.818,179.546,62.451,156.127,0
2021-11-04 19:58:00,1,1,0, , , ,11229.5,340080,340080,1636036105823.5,28.815,57.168,956.283,19.5,-385,378.5,1563.5,2379.5,1162.5,0,244.893,231.576,244.901,244.903,1619.897,1843.727,1848.17,1848.935,1849.43,0.527,-0.008,-0.072,-0.048,32640,64384,64768,70.632,58.402,79.472,0,0,3906,79,30,30,30,30,30,30,30,30,120,30,30,1,1,1636036106572.5,17.352,78.539,3.216,287.011,75.881,79.771,0.287,2.629,34.431,156.1,67.59,168.976,58.774,146.936,0
2021-11-04 19:59:00,1,1,1.38, , , ,11232,340083,340083,1636036176076,28.71,57.502,956.244,61,-1211,373,1543,2342,1161,0,267.729,253.12,267.78,267.791,1770.477,2015.194,2020.106,2020.953,2021.496,0.53,0,-0.016,0.016,0,65280,256,73.645,58.825,86.531,0,0,3903,79,30,30,30,30,30,30,30,30,120,30,30,1,1,1636036177715.33,17.352,78.539,7.289,282.98,74.685,151.837,0.283,2.682,32.633,156.8,73.893,184.733,64.255,160.637,0.667
2021-11-04 20:00:00,1,1,2.36, , , ,11234.5,340086,340086,1636036226896,28.74,57.535,956.293,74,-1481.5,371,1538.5,2351.5,1158.5,0,254.478,240.474,254.628,254.658,1681.738,1914.38,1919.177,1920.008,1920.528,0.535,0.024,0,-0.008,384,32768,32640,69.944,54.451,78.287,0,0,3898.5,79,30,30,30,30,30,30,30,30,120,30,30,1,1,1636036228138.5,17.353,78.539,42.707,281.396,74.989,174.383,0.281,2.645,32.204,156.4,70.236,175.59,61.075,152.687,1
2021-11-04 20:01:00,1,1,2.79, , , ,11236.5,340089.5,340089.5,1636036288631,28.725,57.54,956.305,95.5,-1904,365.5,1528.5,2308.5,1143,0,236.64,223.642,236.76,236.784,1564.077,1780.405,1784.841,1785.608,1786.091,0.532,-0.088,0.016,0.04,64128,33024,640,70.503,58.462,77.724,0,0,3912.5,78.5,30,30,30,30,30,30,30,30,120,30,30,1,1,1636036289933.5,17.353,78.539,4.831,277.005,73.613,211.704,0.277,2.562,31.381,155.85,65.313,163.282,56.794,141.984,0
2021-11-04 20:02:00,1,1,5.29, , , ,11238.5,340091.5,340091.5,1636036351067.5,28.62,57.974,956.052,58,-1160,429.5,1706,2540.5,1209.5,0,589.31,557.258,589.334,589.34,3898.061,4436.685,4447.385,4449.225,4450.419,0.531,-0.048,-0.112,-0.064,32000,63744,31744,71.064,59.983,83.207,0,0,3900.5,78,30,30,30,30,30,30,30,30,120,30,30,1,1,1636036352341,17.353,78.539,4.831,328.719,81.041,146.663,0.329,3.476,38.092,166.55,162.649,406.624,141.434,353.586,0
2021-11-04 20:03:00,1,1,2.9, , , ,11240.5,340093.5,340093.5,1636036413602,28.515,58.325,956.242,47,-939,441.5,1734.5,2606.5,1227,0,336.111,317.675,336.257,336.287,2221.783,2529.036,2535.306,2536.39,2537.075,0.542,-0.016,-0.024,-0.112,32512,32384,30976,71.502,63.006,81.731,0,0,3899,78,30,30,30,30,30,30,30,30,120,30,30,1,1,1636036414745.5,17.353,78.539,4.831,338.716,83.157,127.615,0.339,3.014,35.921,158.9,92.767,231.916,80.667,201.666,0
2021-11-04 20:04:00,1,1,2.33, , , ,11242.5,340096.5,340096.5,1636036474923.5,28.37,58.712,956.745,41.5,-829.5,445,1751,2596,1224.5,0,285.21,264.036,284.578,284.607,1846.981,2102.172,2107.229,2108.098,2108.663,0.546,-0.056,-0.128,-0.064,31872,63488,64512,72.172,64.173,79.624,0,0,3901.5,78,30,30,30,30,30,30,30,30,120,30,30,1,1,1636036476105,17.353,78.539,4.831,341.961,82.824,118.131,0.342,2.852,34.655,157.3,78.718,196.795,68.45,171.126,0
2021-11-04 20:05:00,1,1,0, , , ,11244.5,340098.5,340098.5,1636036536820,28.24,59.43,957.303,48,-956.5,492.5,1888,2740.5,1270.5,0,327.955,310.134,327.955,327.956,2169.452,2469.196,2475.133,2476.153,2476.817,0.53,-0.008,0.08,-0.104,31616,1664,63872,74.519,64.422,90.652,0,0,3892,78,30,30,30,30,30,30,30,30,120,30,30,1,1,1636036538570,17.353,78.539,4.831,380.752,87.455,129.458,0.381,3.045,35.553,158.6,90.516,226.289,78.709,196.773,0
2021-11-04 20:06:00,1,1,0.51, , , ,11246.5,340100.5,340100.5,1636036598895.5,28,59.923,957.307,51,-1016,417.5,1670.5,2996,1337.5,0,258.494,244.446,258.495,258.496,1709.945,1946.204,1950.885,1951.69,1952.213,0.531,0.016,0.016,-0.104,33024,33024,63872,74.286,69.025,79.183,0,0,3893,78,30,30,30,30,30,30,30,30,120,30,30,1,1,1636036600023.5,17.353,78.539,4.831,321.291,95.636,134.77,0.321,2.927,34.637,156.55,71.344,178.361,62.039,155.096,0
2021-11-04 20:07:00,1,1,1.58, , , ,11248.5,340102.5,340102.5,1636036661337,27.805,60.53,957.598,71,-1417,400,1620,2551,1213.5,0,289.913,274.099,289.964,289.974,1917.232,2182.225,2187.538,2188.453,2189.042,0.555,0.04,-0.056,-0.064,640,31872,64512,74.455,67.716,83.035,0,0,3888.5,78,30,30,30,30,30,30,30,30,120,30,30,1,1,1636036662492.5,17.353,78.539,4.831,307.959,81.401,169.56,0.308,2.821,33.72,157.45,80.016,200.04,69.579,173.948,0
2021-11-04 20:08:00,1,1,2.78, , , ,11250,340104,340104,1636036708305,27.74,60.956,957.853,121,-2415,420,1675,2682,1252,0,348.395,329.463,348.394,348.395,2304.66,2623.084,2629.391,2630.476,2631.181,0.53,0,-0.032,-0.016,0,65024,65280,72.352,67.109,80.3,0,0,3900,78,30,30,30,30,30,30,30,30,120,30,30,1,1,1636036709404,17.353,78.539,4.831,324.417,85.598,256.357,0.324,3.056,34.862,159.2,96.157,240.392,83.615,209.037,0
2021-11-04 20:11:00,1,1,5.89, , , ,11251.5,340105.5,340105.5,1636036902753,27.815,60.876,957.786,133,-2650,395,1607.5,2733.5,1264.5,0,352.624,333.456,352.63,352.632,2332.577,2654.869,2661.26,2662.359,2663.072,0.535,0,0.008,-0.032,32768,32896,65024,71.077,65.87,76.701,0,0,3893,78.5,30,30,30,30,30,30,30,30,120,30,30,1,1,1636036904755.5,17.364,78.522,23.888,304.288,87.245,277.148,0.304,3.092,34.983,159.35,97.324,243.311,84.63,211.575,1
2021-11-04 20:12:00,1,1,8.19, , , ,11253.5,340107.5,340107.5,1636036966576,27.85,60.696,957.053,62.5,-1250,418,1673.5,2685,1250,0,528.791,499.889,528.935,528.964,3496.416,3979.772,3989.527,3991.209,3992.284,0.532,-0.08,0.064,0.024,64256,33792,33152,73.802,67.325,83.482,0,0,3888.5,78,30,30,30,30,30,30,30,30,120,30,30,1,1,1636036967714,17.366,78.521,11.583,322.513,85.691,154.783,0.323,3.433,38.085,164.7,145.946,364.866,126.91,317.275,1
2021-11-04 20:13:00,1,1,6.72, , , ,11255,340109,340109,1636037011852,27.8,60.702,956.589,86,-1720,434,1719,2603,1241,0,267.887,253.327,267.891,267.892,1772.062,2016.906,2021.76,2022.594,2023.136,0.537,-0.048,-0.16,0.048,64768,62976,768,73.821,67.02,89.361,0,0,3893,78,30,30,30,30,30,30,30,30,120,30,30,1,1,1636037013035,17.366,78.521,11.583,335.352,83.067,195.591,0.335,2.778,33.199,156.8,73.937,184.842,64.293,160.732,1
2021-11-04 20:14:00,1,1,2.66, , , ,11256.5,340110.5,340110.5,1636037057146.5,27.82,60.728,956.927,114.5,-2283,428.5,1702,2699.5,1254.5,0,262.952,248.647,262.965,262.968,1739.302,1979.639,1984.415,1985.237,1985.77,0.525,0,-0.048,-0.032,32768,64768,65024,73.467,68.883,80.374,0,0,3893.5,78,30,30,30,30,30,30,30,30,120,30,30,1,1,1636037058421,17.366,78.521,11.583,330.965,86.156,245.042,0.331,2.806,33.116,156.65,72.575,181.437,63.108,157.771,1
2021-11-04 20:15:00,1,1,3.77, , , ,11258,340112,340112,1636037108980,27.93,60.062,956.971,111,-2212,451,1767,2985,1332,0,228.994,216.551,228.994,228.994,1514.816,1724.111,1728.257,1728.969,1729.433,0.536,0.016,-0.032,0.08,256,65024,1280,76.176,69.902,87.548,0,0,3893,78,30,30,30,30,30,30,30,30,120,30,30,1,1,1636037110084,17.366,78.521,11.583,348.281,95.285,238.93,0.348,2.817,33.097,155.6,63.202,158.006,54.959,137.397,1
2021-11-04 20:52:00,1,1,3.83, , , ,11259,340129,340129,1636039361647,28.36,59.548,955.174,98,-1958,405,1639,2650,1241,0,262.181,247.934,262.181,262.182,1734.352,1973.98,1978.727,1979.543,1980.073,0.522,0,0,-0.064,0,0,64512,69.277,64.808,74.006,0,0,3856,75,30,30,30,30,30,30,30,30,120,30,30,1,1,1636039365740,17.411,78.477,9.96,310.753,84.561,216.172,0.311,2.803,33.086,156.6,72.362,180.905,62.924,157.309,1
2021-11-04 20:53:00,1,1,2.26, , , ,11260.5,340132,340132,1636039410286.5,28.445,59.354,955.187,119,-2376,427.5,1696,2694.5,1250,0,256.619,242.667,256.625,256.627,1697.486,1932.032,1936.686,1937.486,1938.006,0.528,-0.056,-0.016,0.096,31872,32512,1536,71.6,64.964,83.458,0,0,3854,75,30,30,30,30,30,30,30,30,120,30,30,1,1,1636039410846,17.411,78.477,8.794,328.541,85.983,252.581,0.329,2.808,32.901,156.45,70.827,177.067,61.589,153.971,1
2021-11-04 20:54:00,1,1,2.22, , , ,11262,340135,340135,1636039456503,28.47,59.346,955.061,118,-2355,422,1681,2682,1256,0,268.635,254.037,268.636,268.636,1777.037,2022.564,2027.428,2028.264,2028.807,0.53,0.048,0.032,0.064,768,512,1024,71.052,66.769,79.978,0,0,3860,75,30,30,30,30,30,30,30,30,120,30,30,1,1,1636039456988,17.411,78.477,8.793,324.118,85.584,250.833,0.324,2.844,33.167,156.8,74.143,185.358,64.472,161.181,1
2021-11-04 20:55:00,1,1,1.78, , , ,11263.5,340137.5,340137.5,1636039533086.5,28.005,60.587,954.628,0,678,390.5,1599,2508.5,1204,0,223.53,211.12,223.756,223.801,1476.181,1680.566,1684.898,1685.653,1686.113,0.546,0.072,-0.016,0,1152,32512,32768,76.709,71.406,81.673,0,0,3858,75,30,30,30,30,30,30,30,30,120,30,30,1,1,1636039534167.5,17.411,78.477,8.793,300.317,80.043,46.241,0.3,2.582,0,155.45,61.694,154.236,53.647,134.118,1
2021-11-04 20:56:00,1,1,1.7, , , ,11265.5,340140.5,340140.5,1636039594970.5,27.46,62.275,954.826,6,-16,432,1712.5,2576,1222.5,0,282.987,267.609,282.987,282.988,1871.975,2130.618,2135.742,2136.623,2137.195,0.517,0.224,-0.112,-0.008,3584,30976,32640,80.093,74.845,85.341,0,0,3865.5,75,30,30,30,30,30,30,30,30,120,30,30,1,1,1636039595492.5,17.411,78.477,8.793,335.438,82.219,56.879,0.335,2.799,17.486,157.3,78.104,195.261,67.917,169.792,1
2021-11-04 20:57:00,1,1,5.89, , , ,11267,340142,340142,1636039641186,27.14,63.576,955.01,23,-454,403,1625,2582,1224,0,277.039,261.98,277.042,277.044,1832.594,2085.802,2090.823,2091.686,2092.246,0.535,0,-0.096,-0.016,0,64000,65280,77.021,70.502,82.073,0,0,3875,75,30,30,30,30,30,30,30,30,120,30,30,1,1,1636039641690,17.411,78.477,8.793,313.631,82.424,86.507,0.314,2.771,34.637,157.1,76.463,191.157,66.489,166.223,1
2021-11-04 20:58:00,1,1,3.32, , , ,11268.5,340143.5,340143.5,1636039718615,26.895,64.486,955.14,64.5,-1291,384.5,1576,2432,1182,0,206.108,194.9,206.115,206.117,1363.342,1551.722,1555.463,1556.106,1556.523,0.543,0.048,-0.032,0.032,33536,32256,33280,77.076,68.258,84.253,0,0,3863,75,30,30,30,30,30,30,30,30,120,30,30,1,1,1636039719165.5,17.419,78.482,8.891,299.816,77.632,158.628,0.3,2.449,31.29,154.9,56.886,142.214,49.466,123.665,1
2021-11-04 20:59:00,1,1,7.96, , , ,11270.5,340145.5,340145.5,1636039780887,26.79,65.16,954.792,69.5,-1391,387,1585.5,2603,1229.5,0,223.864,211.63,223.924,223.936,1480.227,1684.856,1688.984,1689.696,1690.151,0.547,-0.08,0.04,0.072,64256,33408,1152,76.283,70.985,80.604,0,0,3858,75,30,30,30,30,30,30,30,30,120,30,30,1,1,1636039781730.5,17.422,78.485,14.796,302.523,83.111,167.34,0.303,2.584,32.229,155.5,61.787,154.466,53.727,134.319,1
2021-11-04 21:00:00,1,1,6.73, , , ,11272.5,340149,340149,1636039841919.5,26.79,64.886,955.33,95,-1898,383,1573.5,2442.5,1180.5,0,204.318,193.207,204.325,204.326,1351.504,1538.248,1541.956,1542.594,1543.007,0.54,-0.048,-0.048,-0.048,64768,32000,64768,70.45,65.89,76.57,0,0,3867,75,30,30,30,30,30,30,30,30,120,30,30,1,1,1636039842756.5,17.422,78.485,11.66,299.053,77.972,211.602,0.299,2.444,30.953,154.85,56.392,140.979,49.036,122.591,1
2021-11-04 21:01:00,1,1,7.51, , , ,11274.5,340152.5,340152.5,1636039904262.5,26.855,64.86,954.99,109.5,-2182.5,397,1613.5,2498,1199.5,0,222.628,210.462,222.686,222.698,1472.056,1675.554,1679.659,1680.366,1680.819,0.56,0,0.232,0.144,32768,36480,2304,78.054,71.503,85.673,0,0,3871.5,75,30,30,30,30,30,30,30,30,120,30,30,1,1,1636039905152.5,17.422,78.485,11.66,310.207,79.748,236.736,0.31,2.535,31.449,155.45,61.445,153.613,53.431,133.577,1
2021-11-04 21:03:00,1,1,3.64, , , ,11276.5,340154.5,340154.5,1636039998014,26.55,65.879,954.72,93,-1860.5,452,1769,2607,1230.5,0,192.223,181.647,192.335,192.357,1270.338,1446.067,1449.689,1450.316,1450.709,0.552,-0.064,-0.008,0.016,31744,32640,33024,76.724,71.436,82.375,0,0,3856,75,30,30,30,30,30,30,30,30,120,30,30,1,1,1636039999163,17.422,78.485,11.66,355.376,83.246,208.224,0.355,2.459,31.085,154.5,53.054,132.634,46.134,115.334,1
2021-11-04 21:04:00,1,1,2.87, , , ,11278.5,340156.5,340156.5,1636040059324.5,26.52,66.076,955.018,116.5,-2330,451.5,1763,2642.5,1241.5,0,317.076,299.828,317.092,317.095,2097.313,2387.119,2392.879,2393.87,2394.512,0.543,0.008,0.016,-0.032,32896,33024,32256,74.161,67.022,80.618,0,0,3854.5,75,30,30,30,30,30,30,30,30,120,30,30,1,1,1636040060151,17.422,78.485,11.66,355.181,84.384,249.018,0.355,2.852,33.733,158.3,87.513,218.783,76.098,190.246,1
2021-11-04 21:05:00,1,1,1.39, , , ,11280.5,340158.5,340158.5,1636040121857.5,26.68,65.601,955.633,169,-3375.5,430,1700,2573,1222,0,276.508,261.48,276.51,276.511,1829.098,2081.82,2086.829,2087.69,2088.249,0.508,-0.016,-0.008,0.056,65280,32640,896,75.822,68.416,84.543,0,0,3858,75,30,30,30,30,30,30,30,30,120,30,30,1,1,1636040122678.5,17.422,78.485,11.66,337.431,82.156,340.066,0.337,2.743,32.623,157.1,76.316,190.79,66.362,165.905,1
2021-11-04 21:06:00,1,1,0.5, , , ,11282.5,340160.5,340160.5,1636040183641,26.99,64.725,955.761,142,-2830.5,424,1688,2589,1225.5,0,418.084,395.306,418.135,418.146,2765.097,3147.236,3154.869,3156.183,3157.031,0.544,-0.016,-0.144,-0.008,32512,63232,32640,77.644,69.554,85.147,0,0,3861.5,75,30,30,30,30,30,30,30,30,120,30,30,1,1,1636040184470.5,17.422,78.485,11.66,331.632,82.659,293.077,0.332,3.116,35.348,161.35,115.391,288.478,100.34,250.851,1
2021-11-04 21:07:00,1,1,3.04, , , ,11284.5,340162.5,340162.5,1636040245791.5,27.055,64.39,955.982,99,-1971.5,427,1696,2596,1222.5,0,221.637,209.367,221.831,221.87,1464.005,1666.649,1670.907,1671.647,1672.102,0.549,-0.008,-0.024,0.064,32640,32384,1024,74.027,67.267,80.586,0,0,3854.5,75,30,30,30,30,30,30,30,30,120,30,30,1,1,1636040246612,17.422,78.485,11.66,333.678,82.88,218.427,0.334,2.58,31.794,155.4,61.172,152.93,53.193,132.982,1
2021-11-04 21:08:00,1,1,2.03, , , ,11286.5,340164.5,340164.5,1636040309465,27.005,64.442,955.935,86,-1720.5,395,1607,2487,1192,0,224.239,212.049,224.243,224.244,1483.318,1688.268,1692.333,1693.031,1693.485,0.541,0.024,-0.056,-0.072,384,64640,64384,77.633,71.054,87.243,0,0,3854.5,75,30,30,30,30,30,30,30,30,120,30,30,1,1,1636040310322,17.422,78.485,11.66,308.131,79.392,195.889,0.308,2.542,31.752,155.5,61.89,154.725,53.817,134.543,1
2021-11-04 21:09:00,1,1,3.47, , , ,11288,340166,340166,1636040385943,27.06,64.361,955.843,80,-1599,375,1550,2353,1167,0,347.349,328.474,347.349,347.35,2297.745,2615.214,2621.502,2622.583,2623.286,0.484,0.176,-0.048,-0.08,2816,64768,64256,68.412,63.486,80.864,0,0,3852,75,30,30,30,30,30,30,30,30,120,30,30,1,1,1636040386842,17.422,78.485,11.66,292.013,75.104,185.451,0.292,2.851,34.11,159.2,95.868,239.671,83.364,208.41,1
2021-11-04 21:10:00,1,1,4.15, , , ,11289.5,340167.5,340167.5,1636040432585,27.165,64.126,955.245,129,-2572,379.5,1555.5,2333.5,1154.5,0,235.257,222.37,235.345,235.363,1555.272,1770.324,1774.695,1775.45,1775.929,0.551,0.096,0.04,0.04,1536,640,33408,68.708,62.908,75.219,0,0,3859,74.5,30,30,30,30,30,30,30,30,120,30,30,1,1,1636040432817.5,17.422,78.485,11.66,295.339,74.478,270.445,0.295,2.515,31.115,155.8,64.931,162.327,56.462,141.154,1
2021-11-04 21:11:00,1,1,3.27, , , ,11291.5,340169.5,340169.5,1636040494443.5,27.25,63.764,955.116,82.5,-1648.5,393.5,1605.5,2417.5,1173,0,193.46,182.878,193.519,193.531,1279.095,1455.935,1459.513,1460.13,1460.524,0.539,-0.016,-0.016,-0.008,32512,32512,32640,69.788,65.684,75.426,0,0,3850,74.5,30,30,30,30,30,30,30,30,120,30,30,1,1,1636040494666,17.422,78.485,11.66,306.157,77.162,189.711,0.306,2.397,30.522,154.55,53.395,133.487,46.43,116.076,1
2021-11-04 21:12:00,1,1,5.81, , , ,11293.5,340171.5,340171.5,1636040557446.5,27.12,64.15,954.723,66,-1317,398,1618,2437,1180,0,239.028,226.024,239.041,239.044,1581.047,1799.518,1803.861,1804.608,1805.093,0.534,0.024,-0.008,0.048,33152,32640,33536,72.876,67.388,79.441,0,0,3852,74,30,30,30,30,30,30,30,30,120,30,30,1,1,1636040558296.5,17.422,78.485,11.66,310.196,77.79,161.13,0.31,2.575,32.197,155.9,65.972,164.929,57.367,143.417,1
2021-11-04 21:13:00,1,1,4.86, , , ,11295.5,340173.5,340173.5,1636040619983.5,26.97,64.567,954.956,62.5,-1240.5,416.5,1668.5,2462,1192,0,206.876,195.615,206.892,206.895,1368.324,1557.409,1561.175,1561.823,1562.242,0.512,0,0.048,0.064,32768,33536,1024,76.304,68.851,87.349,0,0,3861,74,30,30,30,30,30,30,30,30,120,30,30,1,1,1636040620210.5,17.422,78.485,11.66,325.483,78.594,155.118,0.325,2.448,31.27,155,57.098,142.744,49.65,124.125,1
2021-11-04 21:14:00,1,1,5.93, , , ,11297.5,340175.5,340175.5,1636040683069.5,26.99,64.559,954.99,117.5,-2343.5,428.5,1697.5,2510.5,1200,0,129.832,122.764,129.843,129.846,858.726,977.394,979.759,980.166,980.429,0.507,-0.112,-0.072,0,63744,64384,32768,72.425,68.335,77.64,0,0,3844,74,30,30,30,30,30,30,30,30,120,30,30,1,1,1636040683313.5,17.422,78.485,11.66,335.074,80.146,250.561,0.335,2.15,28.332,153.35,35.834,89.584,31.16,77.899,1
2021-11-04 21:15:00,1,1,5.88, , , ,11299.5,340177.5,340177.5,1636040742601.5,26.99,64.641,954.454,137.5,-2736,436,1723,2521,1206,0,141.866,134.124,141.895,141.901,938.14,1067.813,1070.418,1070.867,1071.155,0.539,0.048,0,0.016,768,32768,256,74.758,70.349,80.745,0,0,3845,74,30,30,30,30,30,30,30,30,120,30,30,1,1,1636040742831.5,17.422,78.485,11.66,341.159,80.482,285.269,0.341,2.215,28.712,154.2,39.155,97.888,34.048,85.12,1
2021-11-04 21:16:00,1,1,8.87, , , ,11301,340179,340179,1636040788741,26.98,64.742,954.511,106,-2109,460,1789,2646,1241,0,159.481,150.201,160.007,160.112,1049.179,1195.137,1198.69,1199.323,1199.664,0.542,0.016,-0.144,-0.064,256,63232,64512,76.837,72.038,82.613,0,0,3848,74,30,30,30,30,30,30,30,30,120,30,30,1,1,1636040788976,17.422,78.485,11.66,360.477,84.484,230.604,0.36,2.349,29.963,153.5,44.017,110.042,38.276,95.689,1
2021-11-04 21:17:00,1,1,7.28, , , ,11302.5,340180.5,340180.5,1636040836554.5,26.96,64.626,953.712,118.5,-2368,422,1681.5,2503,1197.5,0,212.583,201.031,212.583,212.584,1406.252,1600.548,1604.397,1605.059,1605.489,0.507,0.096,-0.24,0.064,1536,61696,33792,75.822,70.667,82.306,0,0,3852,74,30,30,30,30,30,30,30,30,120,30,30,1,1,1636040836841,17.422,78.485,11.66,329.948,79.906,252.31,0.33,2.497,31.029,155.15,58.673,146.682,51.02,127.55,1
2021-11-04 21:18:00,1,1,8.07, , , ,11304.5,340182.5,340182.5,1636040898897.5,26.78,65.26,954.112,118.5,-2363.5,436,1718.5,2546,1215,0,236.331,223.471,236.347,236.35,1563.178,1779.185,1783.483,1784.222,1784.701,0.523,-0.008,0.104,-0.128,32640,1664,63488,74.593,69.341,81.669,0,0,3846,74,30,30,30,30,30,30,30,30,120,30,30,1,1,1636040899143.5,17.422,78.485,11.66,341.857,81.288,252.382,0.342,2.606,31.927,155.85,65.227,163.069,56.719,141.799,1
2021-11-04 21:19:00,1,1,6.71, , , ,11306.5,340184.5,340184.5,1636040960020.5,26.745,65.379,954.149,99,-1967.5,433,1711,2601,1228.5,0,263.342,249.031,263.343,263.343,1742.022,1982.711,1987.479,1988.299,1988.832,0.507,-0.32,0.128,-0.024,60416,34816,32384,74.811,70.588,79.435,0,0,3846,74,30,30,30,30,30,30,30,30,120,30,30,1,1,1636040960265.5,17.422,78.485,11.66,339.587,83.049,218.554,0.34,2.721,32.952,156.7,72.682,181.706,63.202,158.005,1
2021-11-04 21:20:00,1,1,11.43, , , ,11308.5,340186.5,340186.5,1636041023731.5,26.855,65.074,954.101,117,-2329.5,440.5,1738,2642.5,1238,0,272.062,257.272,272.067,272.068,1799.657,2048.317,2053.249,2054.097,2054.648,0.532,0.152,0.048,0.08,2432,33536,34048,75.901,70.871,83.06,0,0,3846,74,30,30,30,30,30,30,30,30,120,30,30,1,1,1636041024757,17.422,78.485,11.66,345.245,84.375,249.747,0.345,2.769,33.088,156.95,75.089,187.723,65.295,163.237,1
2021-11-04 21:21:00,1,1,13.95, , , ,11310,340188,340188,1636041068637,27.01,64.544,953.939,147,-2938,487,1863,2689,1255,0,214.785,203.111,214.788,214.789,1420.793,1617.103,1620.995,1621.664,1622.098,0.529,0.048,0.176,0.016,768,2816,256,76.337,72.499,81.216,0,0,3846,74,30,30,30,30,30,30,30,30,120,30,30,1,1,1636041069501,17.422,78.485,11.66,381.889,85.858,301.749,0.382,2.6,31.581,155.2,59.281,148.202,51.548,128.871,1
