created_at, Monitor ID, Location ID, CO(ppm), PM10(ppm), PM2.5(ppm), SO2(ppm),CO_1,SO2_1,CO_2,SO2_2,Temperature,RH,Pressure,time,latitude,longitude,altitude
2021-11-04 15:13:00,1,1, , , ,0.1,0.0,16.889,0.0,3.278,30.752,50.641000000000005,942.169,2021-11-04 09:43:00,17.472602,78.36537477,507.492
2021-11-04 15:14:00,1,1, , , ,0.1,0.0,17.684,0.105,1.579,30.046999999999997,51.875,942.068,2021-11-04 09:44:00,17.4735711,78.37149493,507.969
2021-11-04 15:15:00,1,1, , , ,0.1,0.0,16.0,0.0,2.053,29.851999999999997,53.056999999999995,943.03,2021-11-04 09:45:00,17.47378488,78.37560217,496.792
2021-11-04 15:16:00,1,1, , , ,0.1,0.0,16.0,-0.158,3.053,30.802,51.9,944.072,2021-11-04 09:46:00,17.47378096,78.37560886,494.478
2021-11-04 15:17:00,1,1, , , ,0.1,0.0,16.0,-0.053,2.842,30.99,50.672,944.11,2021-11-04 09:47:00,17.47548915,78.37799443,478.773
2021-11-04 15:18:00,1,1, , , ,0.1,0.0,16.0,0.0,2.611,29.943,53.373999999999995,944.505,2021-11-04 09:48:00,17.47422902,78.3819392,477.156
2021-11-04 15:19:00,1,1, , , ,0.1,0.0,16.842,0.158,1.7369999999999999,29.982,52.981,945.071,2021-11-04 09:49:00,17.47492524,78.38204113,486.641
2021-11-04 15:20:00,1,1, , , ,0.1,0.0,16.842,0.053,2.053,29.986,52.913000000000004,944.66,2021-11-04 09:50:00,17.47173188,78.38643946,485.772
2021-11-04 15:21:00,1,1, , , ,0.1,0.0,17.684,0.0,2.105,30.033,53.035,944.818,2021-11-04 09:51:00,17.47008833,78.39050669,476.30300000000005
2021-11-04 15:22:00,1,1, , , ,0.0,0.0,16.0,0.055999999999999994,2.556,29.899,53.913999999999994,945.1080000000001,2021-11-04 09:52:00,17.47253958,78.39333672,465.478
2021-11-04 15:23:00,1,1, , , ,0.0,0.0,16.0,0.0,1.6840000000000002,29.162,55.707,945.204,2021-11-04 09:53:00,17.47461704,78.39002787,487.3130000000001
2021-11-04 15:24:00,1,1, , , ,0.0,0.0,16.889,0.111,1.556,29.359,55.343,944.305,2021-11-04 09:54:00,17.47151174,78.38724763,489.465
2021-11-04 15:25:00,1,1, , , ,0.1,0.0,16.0,0.154,1.692,29.758000000000003,53.531000000000006,943.617,2021-11-04 09:55:00,17.46370223,78.38550963,484.35
2021-11-04 15:26:00,1,1, , , ,0.0,0.0,16.0,0.105,2.6839999999999997,30.147,52.608000000000004,944.578,2021-11-04 09:56:00,17.458326500000002,78.38462221,489.124
2021-11-04 15:27:00,1,1, , , ,0.0,0.0,16.0,-0.055999999999999994,2.722,30.651999999999997,51.516000000000005,944.033,2021-11-04 09:57:00,17.45311887,78.38266507,510.768
2021-11-04 15:28:00,1,1, , , ,0.1,0.0,15.158,0.158,2.474,29.78,52.84,942.325,2021-11-04 09:58:00,17.44745857,78.37821989,513.514
2021-11-04 15:29:00,1,1, , , ,0.1,0.0,21.0,0.062,1.875,29.123,53.885,941.834,2021-11-04 09:59:00,17.43998368,78.37728101,511.095
2021-11-04 15:30:00,1,1, , , ,0.1,0.0,16.0,-0.059000000000000004,1.176,29.529,53.00899999999999,942.773,2021-11-04 10:00:00,17.43370351,78.37471325,496.184
2021-11-04 15:31:00,1,1, , , ,0.1,0.0,16.0,-0.055999999999999994,2.333,31.178,49.613,944.9119999999999,2021-11-04 10:01:00,17.43014008,78.37723274,497.849
2021-11-04 15:32:00,1,1, , , ,0.0,0.0,16.0,-0.16699999999999998,5.111000000000001,31.076999999999998,49.165,943.625,2021-11-04 10:02:00,17.43495074,78.37781505,485.706
2021-11-04 15:33:00,1,1, , , ,0.0,0.0,16.0,-0.053,2.6319999999999997,29.726,52.081,942.64,2021-11-04 10:03:00,17.43746687,78.38024751,491.0
2021-11-04 15:34:00,1,1, , , ,0.1,0.0,16.0,0.0,2.263,30.107,51.625,942.577,2021-11-04 10:04:00,17.43446412,78.38407131,495.796
2021-11-04 15:35:00,1,1, , , ,0.1,0.0,16.0,-0.105,2.6839999999999997,31.434,49.221000000000004,943.052,2021-11-04 10:05:00,17.43328562,78.38607988,498.336
2021-11-04 15:36:00,1,1, , , ,0.1,0.0,16.0,-0.368,4.263,33.446,45.326,943.595,2021-11-04 10:06:00,17.43315076,78.38680618,494.127
2021-11-04 15:37:00,1,1, , , ,0.1,0.0,16.0,-0.368,3.053,36.016,40.662,943.825,2021-11-04 10:07:00,17.43312819,78.38682042,493.03
2021-11-04 15:38:00,1,1, , , ,0.1,0.0,16.0,-0.21100000000000002,2.421,34.699,42.513000000000005,944.422,2021-11-04 10:08:00,17.43113308,78.38818053,476.007
2021-11-04 15:39:00,1,1, , , ,0.1,0.0,16.0,0.053,0.263,31.651,48.339,943.69,2021-11-04 10:09:00,17.43339651,78.38523018,498.165
2021-11-04 15:40:00,1,1, , , ,0.1,0.0,16.0,0.055999999999999994,1.278,30.569000000000003,50.352,942.694,2021-11-04 10:10:00,17.43709378,78.38031338,500.661
2021-11-04 15:41:00,1,1, , , ,0.1,0.0,16.0,0.053,0.316,30.291999999999998,50.994,942.628,2021-11-04 10:11:00,17.43813355,78.37906346,518.411
2021-11-04 15:42:00,1,1, , , ,0.1,0.0,16.941,0.0,0.8240000000000001,30.378,50.766000000000005,942.346,2021-11-04 10:12:00,17.44159815,78.37709249,511.971
2021-11-04 15:43:00,1,1, , , ,0.1,0.0,16.8,0.25,1.45,30.159000000000002,51.183,942.625,2021-11-04 10:13:00,17.44332728,78.37716172,506.541
2021-11-04 15:44:00,1,1, , , ,0.1,0.0,16.0,0.111,0.9440000000000001,29.919,51.655,942.312,2021-11-04 10:14:00,17.44841177,78.37891327,498.066
2021-11-04 15:45:00,1,1, , , ,0.0,0.0,16.889,0.0,0.667,29.279,53.467,942.6460000000001,2021-11-04 10:15:00,17.45322679,78.38273193,492.259
2021-11-04 15:46:00,1,1, , , ,0.0,0.0,16.0,0.125,1.75,29.362,53.662,943.908,2021-11-04 10:16:00,17.4595549,78.38478765,473.975
2021-11-04 15:47:00,1,1, , , ,0.0,0.0,16.0,-0.1,2.15,29.674,53.376000000000005,944.663,2021-11-04 10:17:00,17.46450062,78.38537913,475.712
2021-11-04 15:48:00,1,1, , , ,0.1,0.0,16.0,0.062,2.312,29.732,53.355,945.2130000000001,2021-11-04 10:18:00,17.46929521,78.38444392,478.513
2021-11-04 15:49:00,1,1, , , ,0.1,0.0,16.0,0.158,2.737,29.741999999999997,53.368,945.02,2021-11-04 10:19:00,17.47318591,78.38140716,488.721
2021-11-04 15:50:00,1,1, , , ,0.1,0.0,16.0,0.188,3.25,29.928,52.865,945.187,2021-11-04 10:20:00,17.47308335,78.38463379,489.832
2021-11-04 15:51:00,1,1, , , ,0.1,0.0,-19.555999999999997,0.0,2.944,30.079,52.703,944.823,2021-11-04 10:21:00,17.47082306,78.38896133,493.124
2021-11-04 15:52:00,1,1, , , ,0.1,0.0,16.842,0.21100000000000002,3.105,30.142,52.93899999999999,944.89,2021-11-04 10:22:00,17.46822579,78.39425882,482.347
2021-11-04 15:53:00,1,1, , , ,0.1,0.0,16.0,0.0,2.722,30.247,52.51,945.8330000000001,2021-11-04 10:23:00,17.46825909,78.39953111,484.625
2021-11-04 15:54:00,1,1, , , ,0.1,0.0,16.0,-0.21100000000000002,3.3680000000000003,30.631,51.731,945.7739999999999,2021-11-04 10:24:00,17.46963276,78.40496503,490.534
2021-11-04 15:55:00,1,1, , , ,0.1,0.0,16.0,-0.16699999999999998,3.556,30.6,51.363,945.434,2021-11-04 10:25:00,17.46955619,78.41044702,485.994
2021-11-04 15:56:00,1,1, , , ,0.1,0.0,16.0,-0.053,2.053,30.421,51.769,945.909,2021-11-04 10:26:00,17.46902096,78.41609709999999,487.626
2021-11-04 15:57:00,1,1, , , ,0.1,0.0,16.0,-0.222,2.278,30.764,50.339,946.387,2021-11-04 10:27:00,17.46941774,78.41970786,482.30800000000005
2021-11-04 15:58:00,1,1, , , ,0.1,0.0,16.0,-0.105,2.5789999999999997,31.598000000000003,48.71,947.04,2021-11-04 10:28:00,17.46940188,78.42136829,476.387
2021-11-04 15:59:00,1,1, , , ,0.3,-0.8420000000000001,-26.947,-0.526,2.5789999999999997,32.431,47.181999999999995,947.206,2021-11-04 10:29:00,17.469364000000002,78.42298237,474.715
2021-11-04 16:00:00,1,1, , , ,0.1,0.0,16.0,0.055999999999999994,3.111,32.001,47.6,947.47,2021-11-04 10:30:00,17.4696846,78.42508056,465.078
2021-11-04 16:01:00,1,1, , , ,0.2,0.0,-16.842,0.053,2.316,31.521,48.618,947.8439999999999,2021-11-04 10:31:00,17.47013362,78.42721935,460.969
2021-11-04 16:02:00,1,1, , , ,0.1,0.0,16.842,-0.053,1.9469999999999998,30.366999999999997,50.945,947.99,2021-11-04 10:32:00,17.47415938,78.42462876,459.244
2021-11-04 16:03:00,1,1, , , ,0.1,0.0,21.6,-0.05,1.45,30.250999999999998,51.62,948.2560000000001,2021-11-04 10:33:00,17.4728915,78.42552711,457.72
2021-11-04 16:04:00,1,1, , , ,0.1,0.0,16.889,0.16699999999999998,1.444,29.994,51.918,948.086,2021-11-04 10:34:00,17.46935307,78.42793922,464.643
2021-11-04 16:05:00,1,1, , , ,0.2,0.0,14.222000000000001,0.0,1.8330000000000002,29.973000000000003,52.419,947.895,2021-11-04 10:35:00,17.46610696,78.42955087,462.785
2021-11-04 16:06:00,1,1, , , ,0.1,0.0,18.667,-0.16699999999999998,1.778,29.97,52.943000000000005,947.258,2021-11-04 10:36:00,17.46220852,78.4313512,471.469
2021-11-04 16:07:00,1,1, , , ,0.1,0.0,22.0,-0.125,2.125,29.791999999999998,53.542,947.18,2021-11-04 10:37:00,17.45893223,78.43290001,460.397
2021-11-04 16:08:00,1,1, , , ,0.2,0.0,16.0,-0.059000000000000004,2.1180000000000003,29.608,53.913000000000004,947.307,2021-11-04 10:38:00,17.45691204,78.43561439,461.855
2021-11-04 16:09:00,1,1, , , ,0.2,0.0,16.0,-0.055999999999999994,2.833,29.913,53.36600000000001,947.0419999999999,2021-11-04 10:39:00,17.45701921,78.43880116,461.995
2021-11-04 16:10:00,1,1, , , ,0.2,0.0,17.6,-0.05,2.7,29.994,52.946000000000005,947.217,2021-11-04 10:40:00,17.45667146,78.44165534,461.211
2021-11-04 16:11:00,1,1, , , ,0.4,0.0,16.0,-0.21100000000000002,3.263,30.131,52.426,947.485,2021-11-04 10:41:00,17.45665846,78.44168582,470.55800000000005
2021-11-04 16:12:00,1,1, , , ,0.2,0.0,16.0,0.0,2.7889999999999997,30.246,52.12,947.495,2021-11-04 10:42:00,17.45664202,78.44190852,476.194
2021-11-04 16:13:00,1,1, , , ,0.2,0.0,16.0,-0.105,4.105,30.664,51.201,947.572,2021-11-04 10:43:00,17.45659102,78.44224917,468.73
2021-11-04 16:14:00,1,1, , , ,0.2,0.0,16.0,0.0,5.526,30.965999999999998,50.465,947.648,2021-11-04 10:44:00,17.456523100000002,78.44255159,468.121
2021-11-04 16:15:00,1,1, , , ,0.1,0.0,16.0,-0.16699999999999998,6.0,31.247,49.869,947.71,2021-11-04 10:45:00,17.4564439,78.44305037,463.516
2021-11-04 16:16:00,1,1, , , ,0.2,0.0,16.0,-0.055999999999999994,3.278,31.215999999999998,49.545,947.84,2021-11-04 10:46:00,17.45632001,78.44389135,458.075
2021-11-04 16:17:00,1,1, , , ,0.2,0.0,16.0,-0.105,2.6839999999999997,31.066999999999997,49.663999999999994,947.812,2021-11-04 10:47:00,17.45606683,78.44534889,455.904
2021-11-04 16:18:00,1,1, , , ,0.2,0.0,16.0,0.055999999999999994,2.167,30.605999999999998,50.688,947.8810000000001,2021-11-04 10:48:00,17.45582874,78.44727668,448.4
2021-11-04 16:19:00,1,1, , , ,0.9,31028.211,16.0,441.895,2.842,30.783,50.693999999999996,948.0980000000001,2021-11-04 10:49:00,17.45585688,78.44728051,447.581
2021-11-04 16:20:00,1,1, , , ,0.2,31166.316000000003,16.0,269.526,1.8419999999999999,30.572,50.571999999999996,948.08,2021-11-04 10:50:00,17.45560304,78.44810027,450.812
2021-11-04 16:21:00,1,1, , , ,0.1,26840.0,16.889,157.389,2.056,30.189,51.211000000000006,947.868,2021-11-04 10:51:00,17.45628012,78.45070144,455.329
2021-11-04 16:22:00,1,1, , , ,0.1,23962.947,16.0,99.316,2.316,29.913,51.839,948.255,2021-11-04 10:52:00,17.45967436,78.44957759,461.103
2021-11-04 16:23:00,1,1, , , ,0.1,21994.667,16.0,67.667,2.333,29.846999999999998,52.36600000000001,948.6519999999999,2021-11-04 10:53:00,17.46273845,78.44931916,453.186
2021-11-04 16:24:00,1,1, , , ,0.1,20492.631999999998,16.0,48.736999999999995,2.3680000000000003,29.789,52.373999999999995,948.8860000000001,2021-11-04 10:54:00,17.46524779,78.44890583,448.34
2021-11-04 16:25:00,1,1, , , ,0.1,19269.053,16.0,38.632,2.421,29.583000000000002,52.623000000000005,948.547,2021-11-04 10:55:00,17.4674596,78.44495401,453.361
2021-11-04 16:26:00,1,1, , , ,0.1,18158.316000000003,16.0,32.263000000000005,2.316,29.076,53.583,948.177,2021-11-04 10:56:00,17.46568115,78.44905788,460.38
2021-11-04 16:27:00,1,1, , , ,0.2,17108.211,16.0,26.368000000000002,1.6840000000000002,28.866999999999997,54.605,948.8430000000001,2021-11-04 10:57:00,17.46484862,78.45095168,448.702
2021-11-04 16:28:00,1,1, , , ,0.1,16480.0,16.0,22.631999999999998,1.6840000000000002,29.139,54.052,948.8660000000001,2021-11-04 10:58:00,17.46388304,78.45283322,446.434
2021-11-04 16:29:00,1,1, , , ,0.1,16029.473999999998,16.0,20.947,2.526,29.334,53.836000000000006,948.688,2021-11-04 10:59:00,17.46385942,78.45711568,451.6880000000001
2021-11-04 16:30:00,1,1, , , ,0.1,15614.0,16.0,20.438,2.938,29.246,54.293,948.3839999999999,2021-11-04 11:00:00,17.46282024,78.46175826,450.941
2021-11-04 16:31:00,1,1, , , ,0.1,15147.788999999999,16.0,20.316,2.737,29.118000000000002,55.169,948.345,2021-11-04 11:01:00,17.46117631,78.46102421,452.911
2021-11-04 16:32:00,1,1, , , ,0.2,14599.0,16.0,18.5,2.062,28.545,56.586999999999996,948.3430000000001,2021-11-04 11:02:00,17.45904659,78.46027262,451.926
2021-11-04 16:33:00,1,1, , , ,0.2,13992.421,16.842,16.211,1.368,28.303,56.725,948.26,2021-11-04 11:03:00,17.45901245,78.45768416,458.254
2021-11-04 16:34:00,1,1, , , ,0.1,13656.0,16.0,15.056,1.6669999999999998,28.335,56.843999999999994,948.99,2021-11-04 11:04:00,17.45957309,78.45475973,451.625
2021-11-04 16:35:00,1,1, , , ,0.1,13435.294,16.0,15.118,1.824,28.441999999999997,56.933,949.177,2021-11-04 11:05:00,17.45920861,78.45344096,450.046
2021-11-04 16:36:00,1,1, , , ,0.1,13162.947,16.842,14.526,1.9469999999999998,28.385,57.097,949.054,2021-11-04 11:06:00,17.45840677,78.45243187,461.807
2021-11-04 16:37:00,1,1, , , ,0.1,12912.0,16.0,15.052999999999999,1.8419999999999999,28.421999999999997,56.853,948.794,2021-11-04 11:07:00,17.45865584,78.45115413,461.298
2021-11-04 16:38:00,1,1, , , ,0.1,12703.0,16.0,14.0,1.8119999999999998,28.506999999999998,56.5,948.433,2021-11-04 11:08:00,17.45839648,78.45018351,466.258
2021-11-04 16:39:00,1,1, , , ,0.1,12601.778,-19.555999999999997,14.333,2.167,28.715999999999998,55.801,947.9169999999999,2021-11-04 11:09:00,17.45510865,78.45003758,462.727
2021-11-04 16:40:00,1,1, , , ,0.1,12485.053,16.0,14.0,2.158,28.701,55.748000000000005,948.3660000000001,2021-11-04 11:10:00,17.45098263,78.45032171,453.45
2021-11-04 16:41:00,1,1, , , ,0.1,12364.444,16.0,14.333,2.333,28.761,55.787,949.3530000000001,2021-11-04 11:11:00,17.44881183,78.45186643,442.459
2021-11-04 16:42:00,1,1, , , ,0.1,12113.778,16.0,13.889000000000001,2.167,28.303,57.426,949.247,2021-11-04 11:12:00,17.44423249,78.45326122,448.672
2021-11-04 16:43:00,1,1, , , ,0.2,11788.444,16.0,13.389000000000001,2.056,28.098000000000003,58.092,949.337,2021-11-04 11:13:00,17.44154687,78.45638877,438.44
2021-11-04 16:44:00,1,1, , , ,0.2,11607.111,16.0,12.610999999999999,2.167,28.226999999999997,57.50899999999999,950.0060000000001,2021-11-04 11:14:00,17.4437456,78.46028377,421.627
2021-11-04 16:45:00,1,1, , , ,0.1,11611.788999999999,18.526,14.052999999999999,2.474,28.572,56.586999999999996,950.204,2021-11-04 11:15:00,17.44511146,78.46482587,426.67
2021-11-04 16:46:00,1,1, , , ,0.2,11624.0,-57.778,14.333,2.722,28.708000000000002,56.349,949.924,2021-11-04 11:16:00,17.44433603,78.46983789,438.296
2021-11-04 16:47:00,1,1, , , ,0.1,11570.667,-24.889,16.278,2.944,28.818,56.391000000000005,949.232,2021-11-04 11:17:00,17.44374828,78.47564072,432.227
2021-11-04 16:48:00,1,1, , , ,0.1,11504.841999999999,16.0,17.368,2.842,28.883000000000003,56.39,950.467,2021-11-04 11:18:00,17.44358154,78.47889591,440.737
2021-11-04 16:49:00,1,1, , , ,0.2,11420.444,16.0,19.722,2.778,28.982,56.288999999999994,950.365,2021-11-04 11:19:00,17.44343642,78.48380433,433.531
2021-11-04 16:50:00,1,1, , , ,0.2,11338.667,-18.667,19.611,2.556,28.898000000000003,56.38,949.17,2021-11-04 11:20:00,17.44334738,78.49006554,434.685
2021-11-04 16:51:00,1,1, , , ,0.2,11206.4,17.067,18.867,2.6,28.781999999999996,56.857,949.298,2021-11-04 11:21:00,17.44330675,78.49512977,446.715
2021-11-04 16:52:00,1,1, , , ,0.2,11100.8,16.0,17.6,2.2,28.721999999999998,57.245,949.227,2021-11-04 11:22:00,17.44328942,78.49546301,456.739
2021-11-04 17:11:00,1,1, , , ,0.2,9213.091,16.0,11.636,2.0909999999999997,27.529,62.34,952.17,2021-11-04 11:41:00,17.41193959,78.54471672,439.726
2021-11-04 17:12:00,1,1, , , ,0.2,9136.0,16.0,11.895,2.053,27.553,61.971000000000004,952.169,2021-11-04 11:42:00,17.41193791,78.54470427,442.042
2021-11-04 17:13:00,1,1, , , ,0.1,9064.0,16.0,11.610999999999999,2.056,27.628,61.062,952.164,2021-11-04 11:43:00,17.4119374,78.54470023,442.765
2021-11-04 17:14:00,1,1, , , ,0.1,9013.053,21.053,21.316,2.842,27.641,61.628,952.1610000000001,2021-11-04 11:44:00,17.41049379,78.54425017,443.557
2021-11-04 17:15:00,1,1, , , ,0.1,8984.0,16.0,14.85,2.25,27.679000000000002,61.856,952.1210000000001,2021-11-04 11:45:00,17.40776465,78.54392375,432.951
2021-11-04 17:19:00,1,1, ,0.041,0.029, ,8972.444,16.0,11.667,2.056,27.879,60.824,953.3889999999999,2021-11-04 11:49:00,17.401304800000002,78.55236422,400.36300000000006
2021-11-04 17:20:00,1,1, ,0.050,0.035, ,8945.684000000001,16.0,12.0,1.9469999999999998,27.924,60.803999999999995,953.47,2021-11-04 11:50:00,17.40131306,78.5540262,405.809
2021-11-04 17:21:00,1,1, ,0.112,0.042, ,8917.895,16.0,11.842,2.211,28.063000000000002,60.475,953.56,2021-11-04 11:51:00,17.40131412,78.55401406,406.43
2021-11-04 17:22:00,1,1, ,0.063,0.039, ,8876.8,16.0,12.0,2.25,28.111,60.196000000000005,953.4689999999999,2021-11-04 11:52:00,17.40122102,78.55497729,413.637
2021-11-04 17:23:00,1,1, ,0.040,0.027, ,8794.667,16.0,11.667,1.944,27.769000000000002,60.99100000000001,953.575,2021-11-04 11:53:00,17.40225444,78.55958129,398.754
2021-11-04 17:24:00,1,1, ,0.042,0.033, ,8771.556,14.222000000000001,11.0,1.944,27.851,60.626000000000005,953.7280000000001,2021-11-04 11:54:00,17.40241507,78.55959904,399.091
2021-11-04 17:25:00,1,1, ,0.066,0.035, ,8762.947,19.368,10.579,2.263,27.956999999999997,60.351000000000006,954.232,2021-11-04 11:55:00,17.40122673,78.56034136,390.2480000000001
2021-11-04 17:26:00,1,1, ,0.087,0.048, ,8764.444,15.110999999999999,11.610999999999999,2.556,28.16,60.001000000000005,954.555,2021-11-04 11:56:00,17.3964638,78.55957485,388.336
2021-11-04 17:27:00,1,1, ,0.068,0.054, ,8812.632,16.842,11.842,1.8419999999999999,28.055,60.653999999999996,954.828,2021-11-04 11:57:00,17.39095753,78.55896687,389.133
2021-11-04 17:28:00,1,1, ,0.064,0.040, ,8723.765,17.882,10.706,1.6469999999999998,27.717,62.083999999999996,955.577,2021-11-04 11:58:00,17.38528242,78.55860198,383.875
2021-11-04 17:29:00,1,1, ,0.140,0.105, ,8560.889000000001,-16.889,10.222000000000001,1.6669999999999998,27.546999999999997,62.775,955.638,2021-11-04 11:59:00,17.38026096,78.5583019,386.252
2021-11-04 17:30:00,1,1, ,0.080,0.043, ,8513.684000000001,16.842,10.211,1.7890000000000001,27.73,61.756,955.722,2021-11-04 12:00:00,17.37578948,78.55800516,389.381
2021-11-04 17:31:00,1,1, ,0.082,0.048, ,8527.158000000001,16.842,10.315999999999999,2.0,27.846999999999998,61.19,955.618,2021-11-04 12:01:00,17.37261088,78.55778398,392.499
2021-11-04 17:32:00,1,1, ,0.094,0.070, ,8500.8,16.0,10.25,1.65,27.820999999999998,61.269,954.933,2021-11-04 12:02:00,17.36777417,78.55729237,395.752
2021-11-04 17:33:00,1,1, ,0.060,0.041, ,8464.889000000001,17.778,9.943999999999999,2.1109999999999998,27.766,61.826,954.694,2021-11-04 12:03:00,17.36394366,78.55731961,397.955
2021-11-04 17:34:00,1,1, ,0.045,0.041, ,8425.263,16.0,12.315999999999999,2.7889999999999997,27.889,61.625,954.414,2021-11-04 12:04:00,17.36251558,78.55760836,402.218
2021-11-04 17:35:00,1,1, ,0.071,0.047, ,8411.2,16.0,14.4,2.7,27.975,61.423,954.3510000000001,2021-11-04 12:05:00,17.36257413,78.55762416,402.417
2021-11-04 17:56:00,1,1, ,0.070,0.042, ,7301.3330000000005,16.0,9.133,1.8,27.138,64.597,954.5269999999999,2021-11-04 12:26:00,17.36250868,78.5575566,408.814
2021-11-04 17:57:00,1,1, ,0.039,0.032, ,7247.158,16.842,9.526,1.474,27.011999999999997,64.587,954.507,2021-11-04 12:27:00,17.36244464,78.55756588,407.663
2021-11-04 17:58:00,1,1, ,0.079,0.060, ,7205.6,16.0,9.55,1.95,26.906999999999996,64.934,953.7339999999999,2021-11-04 12:28:00,17.35927399,78.55764592,408.728
2021-11-04 17:59:00,1,1, ,0.091,0.058, ,7296.889,16.0,9.5,2.556,27.046999999999997,64.366,952.753,2021-11-04 12:29:00,17.35489698,78.55638309,425.566
2021-11-04 18:00:00,1,1, ,0.060,0.034, ,7404.8,16.0,9.3,1.8,26.948,64.247,951.554,2021-11-04 12:30:00,17.35039001,78.55410245,426.779
2021-11-04 18:01:00,1,1, ,0.093,0.049, ,7448.420999999999,16.0,8.263,2.105,27.131,64.054,952.117,2021-11-04 12:31:00,17.34739619,78.55178696,433.608
2021-11-04 18:02:00,1,1, ,0.095,0.050, ,7500.8,17.6,8.1,2.75,27.198,63.748999999999995,951.816,2021-11-04 12:32:00,17.3454139,78.55316951,439.333
2021-11-04 18:03:00,1,1, ,0.101,0.043, ,7535.158,22.737,7.632000000000001,3.5260000000000002,27.334,63.383,951.586,2021-11-04 12:33:00,17.34294311,78.55645377,420.696
2021-11-04 18:04:00,1,1, ,0.125,0.045, ,7596.632,19.368,8.684,2.6319999999999997,27.488000000000003,62.73,951.6669999999999,2021-11-04 12:34:00,17.34109538,78.56085891,421.689
2021-11-04 18:05:00,1,1, ,0.115,0.057, ,7639.111,16.0,7.888999999999999,3.111,27.511999999999997,62.523999999999994,951.187,2021-11-04 12:35:00,17.33925467,78.56685507,421.529
2021-11-04 18:06:00,1,1, ,0.115,0.048, ,7648.0,16.0,9.1,3.4,27.528000000000002,62.533,950.825,2021-11-04 12:36:00,17.33762012,78.57112029,426.38
2021-11-04 18:07:00,1,1, ,0.129,0.054, ,7640.0,16.0,10.944,3.056,27.514,62.599,950.717,2021-11-04 12:37:00,17.33670381,78.57484107,430.424
2021-11-04 18:08:00,1,1, ,0.135,0.056, ,7579.789000000001,16.842,10.684000000000001,2.3680000000000003,27.276999999999997,63.114,949.914,2021-11-04 12:38:00,17.33626795,78.57877401,433.18
2021-11-04 18:09:00,1,1, ,0.085,0.047, ,7471.158,16.0,8.684,1.895,27.078000000000003,63.736999999999995,950.1360000000001,2021-11-04 12:39:00,17.33606042,78.58084740000002,429.267
2021-11-04 18:10:00,1,1, ,0.131,0.051, ,7330.4,16.0,8.05,1.3,26.933000000000003,64.296,950.3589999999999,2021-11-04 12:40:00,17.33606468,78.58086902,427.627
2021-11-04 18:11:00,1,1, ,0.125,0.052, ,7202.526,16.842,7.632000000000001,1.474,26.904,64.483,950.425,2021-11-04 12:41:00,17.3358628,78.58258353,431.894
2021-11-04 18:12:00,1,1, ,0.044,0.033, ,7141.3330000000005,17.778,7.667000000000001,1.556,26.849,64.594,950.559,2021-11-04 12:42:00,17.33586034,78.58258471,431.504
2021-11-04 18:13:00,1,1, ,0.055,0.034, ,7055.158,17.684,7.367999999999999,1.6840000000000002,26.811,64.568,950.566,2021-11-04 12:43:00,17.33585987,78.58258466,431.778
2021-11-04 18:14:00,1,1, ,0.063,0.039, ,6937.263000000001,16.842,6.684,1.2109999999999999,26.642,65.347,950.579,2021-11-04 12:44:00,17.335859399999997,78.58258442,432.032
2021-11-04 18:15:00,1,1, ,0.034,0.033, ,6832.0,16.842,6.367999999999999,1.421,26.535,65.773,950.579,2021-11-04 12:45:00,17.33585636,78.58258919,427.976
2021-11-04 18:16:00,1,1, ,0.042,0.034, ,6759.579000000001,16.0,6.053,1.8419999999999999,26.523000000000003,66.283,950.5989999999999,2021-11-04 12:46:00,17.33585491,78.58260127,421.547
2021-11-04 18:17:00,1,1, ,0.037,0.031, ,6683.294,16.941,5.824,1.235,26.401,66.931,950.577,2021-11-04 12:47:00,17.33586142,78.58260446,424.912
2021-11-04 18:18:00,1,1, ,0.045,0.035, ,6560.842,16.842,4.737,1.105,26.318,67.441,950.567,2021-11-04 12:48:00,17.33576725,78.58294089,429.648
2021-11-04 18:19:00,1,1, ,0.059,0.044, ,6538.6669999999995,23.111,6.888999999999999,1.5,26.391,66.35300000000001,950.37,2021-11-04 12:49:00,17.33403184,78.58739975,428.332
2021-11-04 18:20:00,1,1, ,0.067,0.058, ,6742.736999999999,16.0,5.579,1.632,26.51,65.766,951.0419999999999,2021-11-04 12:50:00,17.33401452,78.5874631,430.555
2021-11-04 18:21:00,1,1, ,0.084,0.050, ,377.778,16.0,5.222,1.778,26.443,65.889,951.0110000000001,2021-11-04 12:51:00,17.33401552,78.58746554,430.4980000000001
2021-11-04 18:22:00,1,1, ,0.072,0.056, ,0.0,16.0,5.556,1.5,26.454,65.777,950.8919999999999,2021-11-04 12:52:00,17.33314519,78.58899826,424.395
2021-11-04 18:23:00,1,1, ,0.076,0.060, ,0.0,19.368,6.579,2.0,26.676,65.389,950.58,2021-11-04 12:53:00,17.33025882,78.59388715,425.483
2021-11-04 18:24:00,1,1, ,0.057,0.039, ,-0.8420000000000001,18.526,8.368,2.5789999999999997,26.943,64.714,950.613,2021-11-04 12:54:00,17.32805808,78.60034658,422.44
2021-11-04 18:25:00,1,1, ,0.093,0.074, ,0.0,18.667,7.556,2.444,26.962,64.819,951.4889999999999,2021-11-04 12:55:00,17.32686034,78.60587944,418.048
2021-11-04 18:26:00,1,1, ,0.073,0.062, ,2288.0,16.889,10.222000000000001,2.444,26.934,65.15,952.0989999999999,2021-11-04 12:56:00,17.32412317,78.60980982,420.426
2021-11-04 18:27:00,1,1, ,0.107,0.063, ,13817.263,18.526,12.210999999999999,2.158,26.361,66.931,951.257,2021-11-04 12:57:00,17.32046487,78.61499326,419.28
2021-11-04 18:28:00,1,1, ,0.079,0.051, ,7945.263000000001,23.579,7.632000000000001,2.0,26.3,67.227,951.485,2021-11-04 12:58:00,17.32023771,78.62135482,415.793
2021-11-04 18:29:00,1,1, ,0.077,0.050, ,6339.368,21.895,9.684,1.474,26.096999999999998,68.017,951.85,2021-11-04 12:59:00,17.32013919,78.61628321,417.513
2021-11-04 18:30:00,1,1, ,0.086,0.061, ,5647.158,21.053,5.526,1.2109999999999999,26.144000000000002,67.846,951.283,2021-11-04 13:00:00,17.32347632,78.61054496,418.786
2021-11-04 18:31:00,1,1, ,0.072,0.046, ,5309.474,16.0,5.211,1.8419999999999999,26.096999999999998,67.918,952.044,2021-11-04 13:01:00,17.32656711,78.60645493,411.119
2021-11-04 18:32:00,1,1, ,0.096,0.050, ,5168.0,17.684,9.579,2.526,26.34,67.09899999999999,952.0360000000001,2021-11-04 13:02:00,17.32742753,78.60241652,420.653
2021-11-04 18:33:00,1,1, ,0.152,0.091, ,4746.947,18.526,9.684,2.316,26.639,66.09100000000001,951.442,2021-11-04 13:03:00,17.3289742,78.5972468,421.853
2021-11-04 18:34:00,1,1, ,0.100,0.064, ,4782.222,17.778,9.277999999999999,1.778,26.771,65.444,951.06,2021-11-04 13:04:00,17.33116426,78.59200477,433.665
2021-11-04 18:35:00,1,1, ,0.110,0.060, ,-0.889,18.667,10.722000000000001,2.0,26.899,64.911,950.804,2021-11-04 13:05:00,17.33411765,78.58677039,441.143
2021-11-04 18:36:00,1,1, ,0.084,0.053, ,-0.8420000000000001,16.0,10.0,2.105,26.828000000000003,64.949,950.3480000000001,2021-11-04 13:06:00,17.33587583,78.58068873,448.285
2021-11-04 18:37:00,1,1, ,0.070,0.047, ,0.0,17.684,7.526,1.421,26.685,65.096,950.112,2021-11-04 13:07:00,17.33656276,78.57490536,446.832
2021-11-04 18:38:00,1,1, ,0.067,0.050, ,0.0,16.889,7.332999999999999,1.722,26.717,65.117,950.89,2021-11-04 13:08:00,17.33668416,78.57381113,424.636
2021-11-04 18:39:00,1,1, ,0.078,0.062, ,0.0,17.684,9.579,2.7889999999999997,26.91,64.652,951.0319999999999,2021-11-04 13:09:00,17.33799257,78.56955106,441.672
2021-11-04 18:40:00,1,1, ,0.105,0.079, ,0.0,16.0,10.944,3.667,27.180999999999997,63.854,951.334,2021-11-04 13:10:00,17.33967549,78.56584823,438.465
2021-11-04 18:41:00,1,1, ,0.092,0.083, ,0.0,15.110999999999999,12.333,2.278,27.213,63.631,951.5889999999999,2021-11-04 13:11:00,17.34112907,78.55994762,437.49
2021-11-04 18:42:00,1,1, ,0.100,0.080, ,0.889,20.444000000000003,11.444,1.167,26.971,64.331,951.6489999999999,2021-11-04 13:12:00,17.34435372,78.55421506,433.984
2021-11-04 18:43:00,1,1, ,0.081,0.072, ,0.0,16.0,9.235,2.059,27.033,64.204,951.936,2021-11-04 13:13:00,17.34727929,78.55008956,432.149
2021-11-04 18:44:00,1,1, ,0.083,0.074, ,0.0,16.0,9.75,2.375,27.294,63.56,951.921,2021-11-04 13:14:00,17.35085956,78.54712303,416.432
2021-11-04 18:45:00,1,1, ,0.087,0.073, ,0.0,17.778,9.056000000000001,2.444,27.217,63.586999999999996,952.2719999999999,2021-11-04 13:15:00,17.35564884,78.54553391,406.92800000000005
2021-11-04 18:46:00,1,1, ,0.105,0.086, ,0.0,17.778,9.611,2.0,27.259,63.684,952.847,2021-11-04 13:16:00,17.36111455,78.54413316,397.699
2021-11-04 18:47:00,1,1, ,0.115,0.098, ,0.0,15.059000000000001,9.765,1.706,27.401,63.285,954.045,2021-11-04 13:17:00,17.36623665,78.54183456,395.599
2021-11-04 18:48:00,1,1, ,0.110,0.090, ,0.889,17.778,10.222000000000001,1.3330000000000002,27.336,63.607,954.398,2021-11-04 13:18:00,17.36591689,78.53981850000002,398.92
2021-11-04 18:49:00,1,1, ,0.104,0.102, ,0.0,16.0,10.167,1.722,27.147,64.17699999999999,954.117,2021-11-04 13:19:00,17.36229281,78.53956996,407.057
2021-11-04 18:50:00,1,1, ,0.115,0.115, ,0.941,16.0,9.412,1.3530000000000002,26.971,64.637,954.304,2021-11-04 13:20:00,17.36008863,78.53695313,406.682
2021-11-04 18:51:00,1,1, ,0.175,0.173, ,2959.111,16.889,10.111,1.5,27.041,64.546,954.2860000000001,2021-11-04 13:21:00,17.35646146,78.53611826,412.441
2021-11-04 18:52:00,1,1, ,0.119,0.111, ,8662.737,16.842,10.421,1.3159999999999998,26.999000000000002,64.373,953.363,2021-11-04 13:22:00,17.35406155,78.53584941,416.443
2021-11-04 18:53:00,1,1, ,0.144,0.146, ,8294.737,16.0,9.263,1.105,26.848000000000003,64.994,953.206,2021-11-04 13:23:00,17.35331047,78.53809682,415.798
2021-11-04 18:54:00,1,1, ,0.173,0.174, ,10201.778,16.0,7.111000000000001,1.167,26.721,65.164,953.2,2021-11-04 13:24:00,17.35253756,78.53944834,415.485
2021-11-04 18:55:00,1,1, ,0.154,0.142, ,9596.632,16.0,5.684,1.0,26.576,65.3,953.273,2021-11-04 13:25:00,17.35251556,78.53947948,416.567
2021-11-04 18:56:00,1,1, ,0.145,0.140, ,10032.0,16.0,5.0,1.0,26.49,65.592,953.308,2021-11-04 13:26:00,17.35253288,78.53940941,407.915
2021-11-04 20:10:00,1,1,6.37, , , ,29944.0,-8.0,35.5,1.0,26.6,66.781,955.875,2021-11-04 14:40:00,17.36239292,78.52193662,408.807
2021-11-04 20:11:00,1,1,5.89, , , ,22912.0,-0.889,24.333000000000002,1.167,26.504,66.561,955.857,2021-11-04 14:41:00,17.36239387,78.52193727,408.979
2021-11-04 20:12:00,1,1,8.19, , , ,17653.053,16.0,15.421,1.474,26.524,66.898,955.6260000000001,2021-11-04 14:42:00,17.36489664,78.52157365,411.169
2021-11-04 20:13:00,1,1,6.72, , , ,15286.222,16.0,11.5,1.611,26.535999999999998,66.87100000000001,954.928,2021-11-04 14:43:00,17.36754719,78.52007137,417.574
2021-11-04 20:14:00,1,1,2.66, , , ,13792.889,16.0,10.389000000000001,1.389,26.496,66.959,954.591,2021-11-04 14:44:00,17.36894842,78.51849993,419.367
2021-11-04 20:15:00,1,1,3.77, , , ,12750.222,19.555999999999997,10.944,1.3330000000000002,26.678,66.30199999999999,954.8380000000001,2021-11-04 14:45:00,17.36897117,78.51829268,419.027
2021-11-04 20:16:00,1,1,7.30, , , ,11928.0,19.555999999999997,11.167,1.8330000000000002,26.905,65.997,954.89,2021-11-04 14:46:00,17.36897007,78.51829298,419.4380000000001
2021-11-04 20:17:00,1,1,9.05, , , ,11361.778,13.333,12.889000000000001,2.5,27.134,65.322,954.8919999999999,2021-11-04 14:47:00,17.36896927,78.51829288,419.453
2021-11-04 20:18:00,1,1,3.70, , , ,10932.444,21.333000000000002,12.944,1.944,27.21,64.959,954.923,2021-11-04 14:48:00,17.36896831,78.51829283,419.463
2021-11-04 20:19:00,1,1,3.55, , , ,10572.444,18.667,11.444,2.0,27.166999999999998,65.02600000000001,954.945,2021-11-04 14:49:00,17.36895883,78.5182943,416.434
2021-11-04 20:20:00,1,1,5.18, , , ,10292.444,18.667,10.722000000000001,1.722,27.342,64.509,954.9939999999999,2021-11-04 14:50:00,17.36895847,78.51829397,416.325
2021-11-04 20:21:00,1,1,5.10, , , ,10081.684000000001,16.842,13.263,2.158,27.566,64.007,955.0169999999999,2021-11-04 14:51:00,17.36899561,78.5182819,409.375
2021-11-04 20:22:00,1,1,4.56, , , ,9984.940999999999,17.882,15.588,3.2939999999999996,27.695999999999998,63.585,954.9789999999999,2021-11-04 14:52:00,17.36998569,78.51404704,409.536
2021-11-04 20:23:00,1,1,2.60, , , ,9904.841999999999,16.0,13.474,2.105,27.419,64.116,954.91,2021-11-04 14:53:00,17.37223617,78.50935569,416.784
2021-11-04 20:24:00,1,1,2.46, , , ,9713.882,15.059000000000001,12.588,2.1180000000000003,27.274,64.52,954.453,2021-11-04 14:54:00,17.37330588,78.50404896,414.6
2021-11-04 20:25:00,1,1,6.12, , , ,9568.0,16.889,13.167,1.889,27.469,64.13600000000001,955.2610000000001,2021-11-04 14:55:00,17.37405744,78.50010999,406.05
2021-11-04 20:26:00,1,1,5.85, , , ,9491.556,16.889,13.333,1.889,27.563000000000002,63.681000000000004,955.4830000000001,2021-11-04 14:56:00,17.37577187,78.49662929,406.215
2021-11-04 20:27:00,1,1,4.96, , , ,9368.0,16.0,12.833,1.611,27.502,63.81100000000001,955.828,2021-11-04 14:57:00,17.37731401,78.49237818,406.71
2021-11-04 20:28:00,1,1,5.94, , , ,9209.778,22.221999999999998,12.222000000000001,1.611,27.316,64.324,955.806,2021-11-04 14:58:00,17.38016962,78.49177104,406.076
2021-11-04 20:29:00,1,1,8.16, , , ,8975.158000000001,16.0,11.789000000000001,1.7369999999999999,27.070999999999998,65.45100000000001,955.887,2021-11-04 14:59:00,17.38275383,78.49125218,406.609
2021-11-04 20:30:00,1,1,3.47, , , ,8810.667,16.0,13.556,1.944,27.191,65.477,955.45,2021-11-04 15:00:00,17.38464532,78.48929747,407.432
2021-11-04 20:31:00,1,1,7.18, , , ,8718.222,16.0,13.222000000000001,1.722,27.127,65.376,955.0160000000001,2021-11-04 15:01:00,17.38541944,78.48716494,414.543
2021-11-04 20:32:00,1,1,7.43, , , ,8601.412,16.0,12.059000000000001,2.1180000000000003,27.221999999999998,65.422,954.71,2021-11-04 15:02:00,17.38754275,78.48610202,418.796
2021-11-04 20:33:00,1,1,5.69, , , ,8524.632,16.0,13.263,1.7890000000000001,27.225,65.185,954.447,2021-11-04 15:03:00,17.39029414,78.48541649,419.196
2021-11-04 20:34:00,1,1,3.94, , , ,8423.110999999999,16.0,14.389000000000001,1.5,27.051,65.324,954.143,2021-11-04 15:04:00,17.39330917,78.48387985,417.701
2021-11-04 20:35:00,1,1,5.36, , , ,8266.353000000001,16.0,11.882,1.1179999999999999,26.805999999999997,66.305,954.034,2021-11-04 15:05:00,17.39357406,78.48098731,421.855
2021-11-04 20:36:00,1,1,4.65, , , ,8107.789000000001,16.842,12.842,1.474,26.703000000000003,66.809,953.6239999999999,2021-11-04 15:06:00,17.39629102,78.47991344,436.632
2021-11-04 20:37:00,1,1,7.14, , , ,8012.235,16.0,13.529000000000002,1.4709999999999999,26.726999999999997,66.547,953.672,2021-11-04 15:07:00,17.39944927,78.47816605,427.151
2021-11-04 20:38:00,1,1,11.61, , , ,7946.946999999999,16.0,11.737,1.3159999999999998,26.625999999999998,66.708,953.935,2021-11-04 15:08:00,17.40107534,78.47583692,423.05
2021-11-04 20:39:00,1,1,6.00, , , ,7824.889,16.0,10.610999999999999,1.056,26.592,66.736,953.783,2021-11-04 15:09:00,17.40475035,78.47659239,426.396
2021-11-04 20:40:00,1,1,5.24, , , ,7779.368,16.0,10.158,1.2109999999999999,26.63,66.527,953.693,2021-11-04 15:10:00,17.40764144,78.47658468,426.335
2021-11-04 20:41:00,1,1,4.83, , , ,7734.0,16.0,10.0,1.875,26.674,66.7,953.173,2021-11-04 15:11:00,17.40964125,78.47573521,434.668
2021-11-04 20:42:00,1,1,6.05, , , ,7712.0,16.0,11.833,1.5,26.773000000000003,66.26,952.803,2021-11-04 15:12:00,17.41133885,78.47684652,430.733
2021-11-04 20:53:00,1,1,2.26, , , ,6976.0,16.0,7.667000000000001,1.3330000000000002,26.057,68.77600000000001,953.1010000000001,2021-11-04 15:23:00,17.41132956,78.47686611,439.394
2021-11-04 20:54:00,1,1,2.22, , , ,6951.111,16.0,8.611,1.944,26.134,68.675,953.0319999999999,2021-11-04 15:24:00,17.41227948,78.47754443,437.528
2021-11-04 20:55:00,1,1,1.78, , , ,6946.4619999999995,16.0,8.308,1.692,26.131999999999998,68.615,952.722,2021-11-04 15:25:00,17.41510895,78.47935809999998,435.002
2021-11-04 20:56:00,1,1,1.70, , , ,6932.0,16.0,7.75,2.0,25.971999999999998,69.124,952.505,2021-11-04 15:26:00,17.41881103,78.4823535,431.062
2021-11-04 20:57:00,1,1,5.89, , , ,6923.556,16.0,8.222000000000001,1.889,25.99,69.08,952.55,2021-11-04 15:27:00,17.42297657,78.48558348,429.407
2021-11-04 20:58:00,1,1,3.32, , , ,6903.111,16.0,7.278,1.611,25.982,69.32600000000001,952.618,2021-11-04 15:28:00,17.42790456,78.48754647,426.14
2021-11-04 20:59:00,1,1,7.96, , , ,6876.444,16.0,6.832999999999999,1.778,25.959,69.407,952.922,2021-11-04 15:29:00,17.42521921,78.48629325,433.417
2021-11-04 21:00:00,1,1,6.73, , , ,6827.556,16.0,6.332999999999999,1.444,25.899,69.768,952.778,2021-11-04 15:30:00,17.42159927,78.48468887,431.611
2021-11-04 21:01:00,1,1,7.51, , , ,6735.111,16.0,6.222,1.6669999999999998,25.776999999999997,70.165,953.072,2021-11-04 15:31:00,17.42046259,78.48377635,430.695
2021-11-04 21:02:00,1,1,5.93, , , ,6649.6,16.0,7.6,1.3,25.713,70.283,952.78,2021-11-04 15:32:00,17.41653808,78.48056176,429.991
2021-11-04 21:03:00,1,1,3.64, , , ,6569.6,16.0,7.6,1.2,25.64,70.654,952.6510000000001,2021-11-04 15:33:00,17.41269115,78.47787398,432.765
2021-11-04 21:04:00,1,1,2.87, , , ,6564.0,16.0,9.812000000000001,1.4380000000000002,25.791,70.21600000000001,952.785,2021-11-04 15:34:00,17.40955228,78.47576516,431.725
2021-11-04 21:05:00,1,1,1.39, , , ,6597.3330000000005,16.0,9.611,1.6669999999999998,26.004,69.625,953.2719999999999,2021-11-04 15:35:00,17.40714665,78.4769954,425.351
2021-11-04 21:06:00,1,1,0.50, , , ,6670.316,16.0,9.842,2.316,26.259,68.97399999999999,953.702,2021-11-04 15:36:00,17.4048668,78.47672264,432.969
2021-11-04 21:07:00,1,1,3.04, , , ,6735.158,16.0,9.789,1.895,26.386999999999997,68.385,953.8,2021-11-04 15:37:00,17.40129918,78.47577823,435.695
2021-11-04 21:08:00,1,1,2.03, , , ,6764.444,16.0,8.611,1.6669999999999998,26.357,68.384,953.7310000000001,2021-11-04 15:38:00,17.40503516,78.47671687,442.163
2021-11-04 21:09:00,1,1,3.47, , , ,6718.222,16.0,7.778,1.556,26.193,68.85300000000001,953.735,2021-11-04 15:39:00,17.40665544,78.47642262,437.057
2021-11-04 21:10:00,1,1,4.15, , , ,6688.0,16.0,6.421,1.7890000000000001,26.266,68.803,953.574,2021-11-04 15:40:00,17.40577982,78.47536787,434.109
2021-11-04 21:11:00,1,1,3.27, , , ,6696.889,16.0,5.832999999999999,1.889,26.323,68.581,953.1210000000001,2021-11-04 15:41:00,17.40652321,78.47319965,440.021
2021-11-04 21:12:00,1,1,5.81, , , ,6669.3330000000005,16.889,6.722,1.6669999999999998,26.094,69.087,952.927,2021-11-04 15:42:00,17.40769192,78.46974713,435.007
2021-11-04 21:13:00,1,1,4.86, , , ,6588.632,16.0,6.947,1.368,25.968000000000004,69.485,952.578,2021-11-04 15:43:00,17.4063331,78.46536744,436.155
2021-11-04 21:14:00,1,1,5.93, , , ,6551.111,15.110999999999999,7.722,1.222,26.046999999999997,69.301,952.9,2021-11-04 15:44:00,17.40351685,78.46347688,441.314
2021-11-04 21:15:00,1,1,5.88, , , ,6536.420999999999,16.0,8.737,1.368,25.993000000000002,69.443,952.711,2021-11-04 15:45:00,17.40295229,78.45973766,445.47
2021-11-04 21:16:00,1,1,8.87, , , ,6488.0,16.0,9.0,1.8330000000000002,26.081,69.32,952.367,2021-11-04 15:46:00,17.4035437,78.45619692,446.584
2021-11-04 21:17:00,1,1,7.28, , , ,6490.946999999999,16.0,10.895,1.7890000000000001,26.118000000000002,69.065,951.716,2021-11-04 15:47:00,17.40258105,78.45229090000002,454.53
2021-11-04 21:18:00,1,1,8.07, , , ,6440.0,16.0,10.333,1.222,25.881999999999998,69.752,951.758,2021-11-04 15:48:00,17.39880494,78.44989606,448.919
2021-11-04 21:19:00,1,1,6.71, , , ,6405.3330000000005,15.110999999999999,10.389000000000001,1.5,26.046,69.425,951.8889999999999,2021-11-04 15:49:00,17.39858841,78.44478434,446.757
2021-11-04 21:20:00,1,1,11.43, , , ,6438.222,16.0,10.777999999999999,1.6669999999999998,26.224,68.867,952.035,2021-11-04 15:50:00,17.3961124,78.44255211,445.56
2021-11-04 21:21:00,1,1,13.95, , , ,6519.529,16.0,12.059000000000001,2.0,26.563000000000002,67.76,951.4060000000001,2021-11-04 15:51:00,17.39488652,78.43798971,450.93300000000005
2021-11-04 21:22:00,1,1,14.91, , , ,6651.2,16.0,12.55,2.5,26.784000000000002,67.041,951.888,2021-11-04 15:52:00,17.39519263,78.43424749,444.778
2021-11-04 21:23:00,1,1,8.78, , , ,6709.6,16.0,13.2,2.65,26.737,67.096,951.99,2021-11-04 15:53:00,17.39579644,78.4315266,438.449
2021-11-04 21:24:00,1,1,5.31, , , ,6683.556,16.0,14.444,4.2780000000000005,26.823,66.957,952.2389999999999,2021-11-04 15:54:00,17.39589997,78.42919554,442.095
2021-11-04 21:25:00,1,1,6.18, , , ,6594.526,15.158,17.632,2.737,26.471,67.778,951.966,2021-11-04 15:55:00,17.39588914,78.42783886,441.107
2021-11-04 21:26:00,1,1,4.54, , , ,6472.0,16.0,20.278,4.056,26.406999999999996,68.029,951.3689999999999,2021-11-04 15:56:00,17.3965926,78.42411523,449.219
2021-11-04 21:27:00,1,1,5.04, , , ,6420.444,15.110999999999999,20.944000000000003,2.556,26.309,68.281,951.263,2021-11-04 15:57:00,17.39784511,78.41939373,438.786
2021-11-04 21:28:00,1,1,2.72, , , ,6382.316,16.0,16.368,1.474,26.055,68.736,951.196,2021-11-04 15:58:00,17.40062865,78.41352141,443.323
2021-11-04 21:29:00,1,1,2.19, , , ,6329.263000000001,16.0,12.632,1.368,25.993000000000002,69.09899999999999,951.591,2021-11-04 15:59:00,17.40338768,78.40912619,442.065
2021-11-04 21:30:00,1,1,5.39, , , ,6290.526,16.0,12.052999999999999,1.632,26.041,69.005,951.8639999999999,2021-11-04 16:00:00,17.40485706,78.40575505,448.431
2021-11-04 21:31:00,1,1,4.08, , , ,6249.263000000001,16.0,10.105,1.2109999999999999,26.041,68.98,951.322,2021-11-04 16:01:00,17.406490100000006,78.4028187,469.546
2021-11-04 21:32:00,1,1,4.44, , , ,6284.632,16.0,9.842,2.263,26.311999999999998,68.258,950.523,2021-11-04 16:02:00,17.40829063,78.40029958,467.427
2021-11-04 21:33:00,1,1,2.91, , , ,6346.105,16.0,8.211,1.7890000000000001,26.284000000000002,68.094,949.933,2021-11-04 16:03:00,17.411215300000002,78.39662281,478.425
2021-11-04 21:34:00,1,1,2.01, , , ,6338.6669999999995,16.0,8.0,2.0,26.203000000000003,68.33800000000001,949.171,2021-11-04 16:04:00,17.41491952,78.39300431,469.192
2021-11-04 21:35:00,1,1,2.36, , , ,6379.556,13.333,9.833,2.0,26.421,67.583,949.77,2021-11-04 16:05:00,17.41774336,78.38907162,468.115
2021-11-04 21:36:00,1,1,1.72, , , ,6344.0,16.0,9.833,1.389,25.985,68.685,949.8889999999999,2021-11-04 16:06:00,17.42115753,78.38444047,466.562
2021-11-04 21:37:00,1,1,2.81, , , ,6171.556,16.0,9.667,1.3330000000000002,25.603,69.958,949.216,2021-11-04 16:07:00,17.42458304,78.37952097,475.844
2021-11-04 21:38:00,1,1,2.73, , , ,6059.294,1.882,8.471,1.765,25.581999999999997,70.132,948.4639999999999,2021-11-04 16:08:00,17.42805326,78.37520826,484.141
2021-11-04 21:39:00,1,1,2.10, , , ,6006.222,0.0,7.056,1.389,25.493000000000002,70.288,947.916,2021-11-04 16:09:00,17.43245821,78.37047355,486.983
2021-11-04 21:40:00,1,1,2.23, , , ,5969.0,0.0,6.188,1.25,25.486,70.04899999999999,946.442,2021-11-04 16:10:00,17.43754364,78.36519135,506.481
2021-11-04 21:41:00,1,1,2.86, , , ,5939.556,0.889,5.888999999999999,0.9440000000000001,25.412,70.023,945.0089999999999,2021-11-04 16:11:00,17.44128089,78.35970599,509.286
2021-11-04 21:42:00,1,1,2.54, , , ,5902.118,0.941,5.941,1.1179999999999999,25.371,70.247,944.1410000000001,2021-11-04 16:12:00,17.44455661,78.35332034,522.7130000000002
2021-11-04 21:43:00,1,1,2.51, , , ,5854.222,0.0,6.278,1.278,25.228,70.589,943.716,2021-11-04 16:13:00,17.448908300000006,78.34871299,527.4540000000002
2021-11-04 21:44:00,1,1,2.58, , , ,5783.111,-1.778,5.611000000000001,1.111,24.941999999999997,71.251,942.855,2021-11-04 16:14:00,17.453387399999997,78.34300444,523.337
2021-11-04 21:45:00,1,1,3.84, , , ,5656.471,4.706,5.176,1.294,24.647,72.415,943.687,2021-11-04 16:15:00,17.45860887,78.33849618,512.387
2021-11-04 21:46:00,1,1,3.80, , , ,5578.105,-0.8420000000000001,4.947,1.368,24.434,72.997,944.7719999999999,2021-11-04 16:16:00,17.46217317,78.33926256,510.953
2021-11-04 21:47:00,1,1,3.26, , , ,5504.0,0.0,4.684,1.105,24.613000000000003,73.007,945.193,2021-11-04 16:17:00,17.46436583,78.34133803,506.74300000000005
2021-11-04 21:48:00,1,1,3.65, , , ,5516.632,0.0,4.158,1.368,24.714000000000002,72.702,945.2589999999999,2021-11-04 16:18:00,17.46231204,78.33950454,517.559
2021-11-04 21:49:00,1,1,2.90, , , ,5507.556,-4.444,4.0,1.389,24.554000000000002,72.865,944.689,2021-11-04 16:19:00,17.45880407,78.33841713,516.979
2021-11-04 21:50:00,1,1,2.20, , , ,5434.105,-9.263,4.737,1.421,24.34,73.705,943.4939999999999,2021-11-04 16:20:00,17.45315958,78.34333874,522.222
2021-11-04 21:51:00,1,1,1.40, , , ,5398.222,-13.333,5.388999999999999,1.722,24.351,73.876,942.34,2021-11-04 16:21:00,17.44794897,78.34983661,524.357
2021-11-04 21:52:00,1,1,1.33, , , ,5422.222,-5.332999999999999,5.056,1.444,24.689,73.115,943.605,2021-11-04 16:22:00,17.44526501,78.35259262,524.231
