created_at, Monitor ID, Location ID, CO(ppm), PM10(ppm), PM2.5(ppm),CO_1,SO2_1,CO_2,SO2_2,Temperature,RH,Pressure
2021-11-05 12:17:00,1,1, ,0.057,0.058,59.789,16.0,13.842,1.895,33.886,44.488,943.934
2021-11-05 12:18:00,1,1, ,0.048,0.046,64.0,16.0,16.0,2.25,34.374,43.468,943.962
2021-11-05 12:38:00,1,1, ,0.086,0.066,48.0,16.0,17.0,1.167,32.595,44.534,943.904
2021-11-05 12:39:00,1,1, ,0.053,0.053,53.6,16.0,16.4,3.45,34.482,41.796,943.919
2021-11-05 12:40:00,1,1, ,0.056,0.051,64.0,-16.842,22.158,6.105,34.572,41.297,943.234
2021-11-05 12:41:00,1,1, ,0.069,0.052,78.4,-42.4,32.0,5.4,35.05,40.747,943.2
2021-11-05 12:42:00,1,1, ,0.096,0.077,84.0,-16.0,37.9,6.4,36.82,38.234,943.676
2021-11-05 12:43:00,1,1, ,0.077,0.072,104.0,16.0,42.95,8.9,40.858,32.145,943.976
2021-11-05 12:44:00,1,1, ,0.051,0.045,124.0,16.0,50.9,6.1,43.304,28.716,944.094
2021-11-05 12:45:00,1,1, ,0.082,0.072,140.0,16.0,52.5,4.05,44.747,26.809,944.103
2021-11-05 12:46:00,1,1, ,0.061,0.048,128.0,-16.842,47.842,-2.737,43.924,27.489,944.074
2021-11-05 12:47:00,1,1, ,0.071,0.051,121.263,17.684,50.684,-1.105,40.633,31.307,944.28
2021-11-05 12:48:00,1,1, ,0.052,0.050,112.0,-48.0,56.158,-0.947,39.469,32.793,944.915
2021-11-05 12:49:00,1,1, ,0.085,0.071,95.059,-60.235,54.471,-4.412,35.545,38.392,945.031
2021-11-05 12:50:00,1,1, ,0.079,0.046,79.111,-18.667,44.389,-7.5,33.232,43.593,946.721
2021-11-05 12:51:00,1,1, ,0.077,0.050,78.933,16.0,41.467,-4.133,33.797,42.309,946.419
2021-11-05 12:52:00,1,1, ,0.054,0.042,80.0,16.0,39.053,-3.947,33.471,43.15,947.943
2021-11-05 12:53:00,1,1, ,0.127,0.051,83.2,-48.8,38.2,-0.9,35.107,40.91,948.851
2021-11-05 12:54:00,1,1, ,0.689,0.241,80.842,16.842,38.947,-0.105,34.275,42.059,949.256
2021-11-05 12:55:00,1,1, ,0.739,0.246,83.368,-37.895,35.368,2.0,34.971,40.746,949.396
2021-11-05 12:56:00,1,1, ,0.137,0.065,96.0,-15.158,45.632,4.474,34.829,41.121,949.079
2021-11-05 12:57:00,1,1, ,0.582,0.188,96.0,16.0,37.882,0.412,35.15,40.14,948.177
2021-11-05 12:58:00,1,1, ,0.269,0.098,103.579,16.0,42.421,4.316,37.602,36.285,948.247
2021-11-05 12:59:00,1,1, ,0.227,0.082,128.0,16.0,50.684,2.947,38.988,33.754,948.319
2021-11-05 13:00:00,1,1, ,0.048,0.046,141.333,16.0,53.222,1.833,39.654,33.068,948.372
2021-11-05 13:01:00,1,1, ,0.081,0.047,144.0,16.0,50.789,-1.842,38.448,34.333,948.307
2021-11-05 13:02:00,1,1, ,0.076,0.046,149.895,16.0,48.368,-0.632,39.289,33.509,948.324
2021-11-05 13:03:00,1,1, ,0.090,0.077,165.053,16.0,49.526,1.263,39.717,33.159,948.324
2021-11-05 13:04:00,1,1, ,0.085,0.087,150.737,16.842,53.053,0.895,37.951,35.303,948.511
2021-11-05 13:05:00,1,1, ,0.098,0.052,134.222,17.778,54.667,0.278,38.049,35.402,948.344
2021-11-05 13:06:00,1,1, ,0.122,0.051,113.684,16.0,47.368,-2.842,35.743,38.838,948.485
2021-11-05 13:07:00,1,1, ,0.061,0.045,100.444,-80.0,38.0,-3.389,36.537,37.934,948.159
2021-11-05 13:08:00,1,1, ,0.049,0.041,104.889,16.0,37.444,-0.722,35.961,38.54,947.199
2021-11-05 13:09:00,1,1, ,0.041,0.040,96.0,16.0,39.947,-4.684,34.877,40.789,947.396
2021-11-05 13:10:00,1,1, ,0.117,0.052,96.0,16.0,39.778,-0.778,36.177,38.306,948.924
2021-11-05 13:11:00,1,1, ,0.208,0.076,112.889,17.778,43.278,3.056,38.313,35.235,949.73
2021-11-05 13:12:00,1,1, ,0.307,0.097,116.211,16.0,44.316,3.053,38.363,35.197,950.125
2021-11-05 13:13:00,1,1, ,0.243,0.081,128.0,16.0,37.25,4.75,39.827,33.23,950.281
2021-11-05 13:14:00,1,1, ,0.105,0.078,145.882,16.0,32.0,3.941,39.405,33.158,950.333
2021-11-05 13:15:00,1,1, ,0.131,0.085,163.368,-17.684,43.632,6.316,41.471,30.8,950.309
2021-11-05 13:16:00,1,1, ,0.125,0.060,138.105,16.0,59.263,-2.211,38.134,35.05,950.668
2021-11-05 13:17:00,1,1, ,0.136,0.078,122.667,-16.0,59.889,-3.278,37.594,35.344,950.142
2021-11-05 13:18:00,1,1, ,0.059,0.051,112.889,-124.444,55.0,-0.944,37.516,35.054,949.92
2021-11-05 13:19:00,1,1, ,0.064,0.046,112.0,-118.737,54.158,-0.053,36.388,36.01,949.623
2021-11-05 13:20:00,1,1, ,0.071,0.050,112.0,-18.667,53.222,2.778,37.022,36.005,949.297
2021-11-05 13:21:00,1,1, ,0.119,0.053,106.105,16.0,52.263,3.895,36.527,36.941,949.362
2021-11-05 13:22:00,1,1, ,0.110,0.055,96.0,16.889,48.556,3.222,35.865,37.904,949.511
2021-11-05 13:23:00,1,1, ,0.124,0.080,106.105,16.0,48.947,6.684,37.366,35.835,949.66
2021-11-05 13:24:00,1,1, ,0.127,0.086,112.0,-16.889,37.611,4.278,36.259,38.31,950.116
2021-11-05 13:25:00,1,1, ,0.087,0.050,112.0,-17.684,35.526,4.737,36.064,40.206,950.241
2021-11-05 13:26:00,1,1, ,0.090,0.053,113.778,16.0,32.722,3.333,36.525,38.451,950.174
2021-11-05 13:27:00,1,1, ,0.128,0.061,140.444,16.0,24.111,6.0,39.013,34.767,950.192
2021-11-05 13:28:00,1,1, ,0.096,0.084,144.0,16.0,38.053,5.053,39.292,33.98,950.418
2021-11-05 13:29:00,1,1, ,0.044,0.040,144.0,-54.222,43.833,4.056,38.735,35.082,950.743
2021-11-05 13:30:00,1,1, ,0.050,0.039,130.526,-48.842,46.316,0.789,36.835,37.347,950.509
2021-11-05 13:31:00,1,1, ,0.038,0.038,112.0,16.0,41.333,-2.333,36.801,37.273,950.515
2021-11-05 13:32:00,1,1, ,0.048,0.040,128.941,18.824,31.353,3.294,39.963,32.738,950.846
2021-11-05 13:33:00,1,1, ,0.041,0.039,149.333,16.0,32.889,6.389,41.253,31.017,951.11
2021-11-05 13:34:00,1,1, ,0.053,0.045,141.6,-46.4,37.05,3.1,39.338,33.026,951.215
2021-11-05 13:35:00,1,1, ,0.062,0.061,114.824,16.0,45.529,-1.353,35.864,38.88,951.239
2021-11-05 13:36:00,1,1, ,0.067,0.059,112.0,16.842,41.947,1.737,37.003,37.771,951.285
2021-11-05 13:37:00,1,1, ,0.053,0.039,114.667,16.0,33.611,2.833,37.054,37.352,951.599
2021-11-05 13:38:00,1,1, ,0.114,0.050,112.0,-16.842,33.421,0.421,36.518,37.953,952.082
2021-11-05 13:39:00,1,1, ,0.094,0.046,112.0,19.368,38.0,0.316,36.198,38.078,952.502
2021-11-05 13:40:00,1,1, ,0.111,0.095,112.0,16.0,42.556,1.667,36.191,37.839,952.645
2021-11-05 13:41:00,1,1, ,0.262,0.079,111.158,16.0,45.947,2.947,36.365,37.329,953.057
2021-11-05 13:42:00,1,1, ,0.318,0.183,110.222,-68.444,39.944,3.056,35.983,38.703,952.92
2021-11-05 13:43:00,1,1, ,0.103,0.061,103.529,-18.824,33.647,1.412,35.356,39.528,952.736
2021-11-05 13:44:00,1,1, ,0.075,0.059,98.526,16.0,33.263,2.474,35.915,38.718,952.32
2021-11-05 13:45:00,1,1, ,0.049,0.043,96.842,20.211,34.737,1.211,35.947,38.044,951.811
2021-11-05 13:46:00,1,1, ,0.144,0.069,96.0,-20.444,37.0,1.222,35.651,38.32,952.23
2021-11-05 13:47:00,1,1, ,0.120,0.054,109.474,18.526,39.421,6.842,37.371,35.741,951.707
2021-11-05 13:48:00,1,1, ,0.128,0.060,112.0,16.889,45.611,7.111,37.516,35.719,951.992
2021-11-05 13:49:00,1,1, ,0.094,0.063,112.0,17.684,46.211,3.842,37.449,36.216,952.074
2021-11-05 13:50:00,1,1, ,0.187,0.070,112.0,16.0,45.889,4.944,37.98,35.53,952.077
2021-11-05 13:51:00,1,1, ,0.050,0.043,112.0,16.0,48.579,4.053,37.412,36.108,952.556
2021-11-05 13:52:00,1,1, ,0.093,0.055,106.353,16.0,45.176,1.059,36.571,37.223,952.465
2021-11-05 13:53:00,1,1, ,0.189,0.190,98.667,17.778,37.333,0.444,36.726,37.13,952.348
2021-11-05 13:54:00,1,1, ,0.078,0.047,112.0,16.0,32.947,3.947,38.353,34.522,952.311
2021-11-05 13:55:00,1,1, ,0.058,0.048,128.0,16.0,28.389,4.222,40.635,31.337,952.391
2021-11-05 13:56:00,1,1, ,0.079,0.071,150.222,16.0,31.0,2.778,42.801,28.548,952.443
2021-11-05 13:57:00,1,1, ,0.098,0.049,157.474,16.0,40.211,6.737,42.534,28.139,952.572
2021-11-05 13:58:00,1,1, ,0.066,0.044,133.895,-221.474,49.632,3.158,37.637,34.698,952.148
2021-11-05 13:59:00,1,1, ,0.082,0.043,128.0,-73.263,40.947,2.737,39.12,32.679,951.983
2021-11-05 14:00:00,1,1, ,0.043,0.038,125.474,-46.316,39.421,4.737,39.157,32.554,951.872
2021-11-05 14:01:00,1,1, ,0.188,0.056,128.0,-90.667,38.222,4.833,39.024,32.763,951.09
2021-11-05 14:02:00,1,1, ,0.633,0.113,105.263,16.0,35.842,-0.105,35.073,38.758,950.058
2021-11-05 15:22:00,1,1, ,0.070,0.050,42.667,16.0,9.0,2.667,29.425,52.107,949.903
2021-11-05 15:23:00,1,1, ,0.135,0.105,48.0,16.0,9.615,2.077,29.42,50.839,949.927
2021-11-05 15:26:00,1,1, ,0.063,0.040,48.0,16.0,10.5,3.0,30.79,47.505,949.952
2021-11-05 15:27:00,1,1, ,0.068,0.041,48.0,16.0,12.5,2.611,30.584,47.585,949.657
2021-11-05 15:28:00,1,1, ,0.051,0.044,48.0,16.0,16.941,2.118,30.526,47.686,948.915
2021-11-05 15:29:00,1,1, ,0.150,0.125,48.0,17.778,17.389,1.444,30.593,47.265,948.078
2021-11-05 15:30:00,1,1, ,0.104,0.067,48.0,16.0,16.684,1.579,30.328,47.488,948.26
2021-11-05 15:31:00,1,1, ,0.175,0.131,48.0,-51.368,15.316,1.421,30.296,48.448,948.97
2021-11-05 15:32:00,1,1, ,0.215,0.219,48.0,16.0,14.625,0.875,30.082,48.759,948.462
2021-11-05 15:33:00,1,1, ,0.113,0.088,48.0,16.0,14.294,1.0,30.064,48.882,947.437
2021-11-05 15:34:00,1,1, ,0.098,0.067,48.0,16.0,16.222,2.0,30.184,48.714,947.791
2021-11-05 15:35:00,1,1, ,0.092,0.065,48.0,-20.444,16.333,1.333,30.452,48.183,947.901
2021-11-05 15:36:00,1,1, ,0.082,0.055,48.0,-19.765,16.059,2.294,31.846,45.337,947.28
2021-11-05 15:37:00,1,1, ,0.095,0.062,48.0,16.941,16.882,2.706,31.442,45.97,945.87
2021-11-05 15:38:00,1,1, ,0.114,0.072,50.526,16.842,16.474,3.053,32.1,44.548,946.017
2021-11-05 15:39:00,1,1, ,0.076,0.049,56.471,-247.529,18.824,3.882,32.734,43.108,946.679
2021-11-05 15:40:00,1,1, ,0.313,0.318,61.474,-50.526,22.842,3.0,32.944,42.403,947.331
2021-11-05 15:41:00,1,1, ,0.095,0.055,63.158,16.842,22.684,0.842,32.12,43.962,947.086
2021-11-05 15:42:00,1,1, ,0.088,0.052,64.0,16.889,20.5,3.722,31.857,44.776,946.851
2021-11-05 15:43:00,1,1, ,0.083,0.047,64.0,16.0,20.579,3.579,32.225,44.129,946.447
2021-11-05 15:44:00,1,1, ,0.126,0.055,62.316,16.0,19.158,1.789,32.263,43.378,946.463
2021-11-05 15:45:00,1,1, ,0.118,0.054,64.0,16.889,18.444,3.167,32.715,42.779,946.129
2021-11-05 15:46:00,1,1, ,0.261,0.081,64.0,-54.222,20.111,4.667,32.678,43.172,946.343
2021-11-05 15:47:00,1,1, ,0.881,0.175,61.333,16.0,18.111,2.556,32.019,44.296,947.645
2021-11-05 15:48:00,1,1, ,0.522,0.162,62.933,-24.533,18.867,2.667,32.066,44.339,947.227
2021-11-05 15:49:00,1,1, ,0.452,0.177,58.947,-49.684,20.842,3.316,31.212,45.836,947.676
2021-11-05 15:50:00,1,1, ,0.717,0.181,51.556,-17.778,22.333,1.889,30.775,45.789,947.553
2021-11-05 15:51:00,1,1, ,0.359,0.113,51.556,16.0,21.167,1.722,31.762,45.214,949.337
2021-11-05 15:52:00,1,1, ,0.313,0.106,53.053,-117.895,20.526,3.0,32.635,44.156,949.725
2021-11-05 15:53:00,1,1, ,0.304,0.135,64.0,16.0,22.056,3.611,32.893,44.266,949.702
2021-11-05 15:54:00,1,1, ,0.213,0.095,64.0,19.368,25.105,2.947,32.306,45.211,949.191
2021-11-05 15:55:00,1,1, ,0.388,0.158,64.0,19.765,27.824,2.941,31.891,45.616,949.675
2021-11-05 15:56:00,1,1, ,0.180,0.083,64.0,-18.667,27.444,2.611,31.749,45.877,950.341
2021-11-05 15:57:00,1,1, ,0.788,0.389,64.0,16.0,25.75,1.75,31.595,45.642,950.795
2021-11-05 15:58:00,1,1, ,0.506,0.143,64.0,-85.895,28.526,1.947,31.671,45.413,951.691
2021-11-05 15:59:00,1,1, ,1.290,0.335,64.0,16.0,28.684,2.0,31.967,44.935,951.992
2021-11-05 16:00:00,1,1, ,0.345,0.165,64.0,16.0,25.842,1.632,32.042,44.658,951.986
2021-11-05 16:01:00,1,1, ,0.318,0.130,64.0,16.0,24.556,3.111,32.301,44.016,951.99
2021-11-05 16:02:00,1,1, ,0.451,0.122,66.526,-186.105,27.842,4.579,32.795,43.76,952.051
2021-11-05 16:03:00,1,1, ,0.227,0.130,78.222,16.0,37.111,3.167,33.03,42.943,952.124
2021-11-05 16:04:00,1,1, ,0.522,0.138,69.895,16.0,33.737,0.579,32.805,43.531,952.222
2021-11-05 16:05:00,1,1, ,0.213,0.108,65.684,16.0,28.789,1.895,32.686,43.479,952.17
2021-11-05 16:06:00,1,1, ,0.181,0.108,64.0,16.889,28.333,1.278,32.516,43.847,952.204
2021-11-05 16:07:00,1,1, ,0.132,0.086,65.684,16.0,29.158,1.421,32.887,44.196,952.202
2021-11-05 16:08:00,1,1, ,0.303,0.180,80.0,16.0,32.263,2.526,32.784,45.11,952.075
2021-11-05 16:09:00,1,1, ,0.214,0.111,74.947,16.0,29.789,1.474,32.206,44.495,951.708
2021-11-05 16:10:00,1,1, ,0.220,0.130,64.0,16.0,24.947,1.632,32.192,44.574,951.538
2021-11-05 16:11:00,1,1, ,0.233,0.074,64.0,-83.368,21.737,1.368,32.218,44.706,951.097
2021-11-05 16:12:00,1,1, ,0.258,0.105,64.0,16.0,22.842,1.789,31.509,46.067,950.711
2021-11-05 16:13:00,1,1, ,0.216,0.080,63.059,16.0,23.824,1.647,30.913,47.754,950.672
2021-11-05 16:14:00,1,1, ,0.194,0.085,60.8,16.0,21.133,1.067,30.397,48.383,950.83
2021-11-05 16:15:00,1,1, ,0.146,0.089,50.526,16.0,19.684,1.158,30.454,48.715,950.718
2021-11-05 16:16:00,1,1, ,0.125,0.079,58.667,16.0,19.778,1.333,30.574,48.072,950.731
2021-11-05 16:17:00,1,1, ,0.153,0.115,50.526,16.842,17.842,1.526,30.669,47.974,950.719
2021-11-05 16:18:00,1,1, ,0.088,0.077,58.353,16.0,19.176,2.0,30.861,47.987,950.627
2021-11-05 16:19:00,1,1, ,0.167,0.145,52.8,17.6,17.85,2.05,30.917,47.571,950.36
2021-11-05 16:20:00,1,1, ,0.201,0.143,64.0,16.842,20.368,2.842,31.218,46.456,950.015
2021-11-05 16:21:00,1,1, ,0.288,0.210,63.158,17.684,21.421,2.053,31.117,46.097,949.722
2021-11-05 16:22:00,1,1, ,0.185,0.122,64.0,17.684,22.316,2.158,30.763,46.742,949.668
2021-11-05 16:23:00,1,1, ,0.152,0.123,64.0,16.889,22.611,2.167,30.729,46.874,949.227
2021-11-05 16:24:00,1,1, ,0.167,0.117,64.0,16.0,22.053,2.263,30.577,46.703,948.926
2021-11-05 16:25:00,1,1, ,0.543,0.187,64.0,16.0,22.632,2.158,30.489,47.528,948.846
2021-11-05 16:26:00,1,1, ,0.359,0.150,64.0,16.0,22.471,2.588,30.631,48.304,948.678
2021-11-05 16:27:00,1,1, ,0.411,0.290,64.0,16.0,21.312,2.938,30.708,48.237,948.239
2021-11-05 16:28:00,1,1, ,0.309,0.184,60.235,17.882,19.824,2.529,30.623,48.018,948.646
2021-11-05 16:29:00,1,1, ,0.265,0.195,50.667,-54.222,17.556,2.111,30.605,47.563,948.916
2021-11-05 16:30:00,1,1, ,0.244,0.122,53.053,-52.211,18.263,2.421,30.633,47.838,949.562
2021-11-05 16:31:00,1,1, ,0.264,0.243,56.0,16.0,18.111,3.278,30.631,48.101,949.476
2021-11-05 16:32:00,1,1, ,0.421,0.425,59.556,16.0,20.111,3.056,30.784,47.815,949.274
2021-11-05 16:33:00,1,1, ,0.306,0.277,64.0,16.0,20.941,2.941,30.678,48.18,948.519
2021-11-05 16:34:00,1,1, ,0.284,0.176,64.0,16.0,24.0,3.222,30.611,48.493,947.669
2021-11-05 16:37:00,1,1,0.00, , ,60.632,17.684,20.0,2.947,30.109,49.789,946.735
2021-11-05 16:38:00,1,1,0.00, , ,51.556,-17.778,18.111,2.5,29.873,49.927,946.912
2021-11-05 16:39:00,1,1,0.00, , ,48.842,-186.105,17.789,2.421,29.896,49.635,947.054
2021-11-05 16:40:00,1,1,0.00, , ,48.0,-87.111,17.0,2.167,29.991,49.255,947.049
2021-11-05 16:41:00,1,1,0.00, , ,48.0,-251.789,16.789,1.947,30.143,48.925,947.045
2021-11-05 16:42:00,1,1,0.00, , ,48.0,-15.111,15.611,2.333,30.301,48.745,947.062
2021-11-05 16:43:00,1,1,0.00, , ,48.0,-50.667,15.722,2.056,30.278,48.877,947.076
2021-11-05 16:44:00,1,1,0.00, , ,48.0,-16.0,15.5,2.056,30.142,49.59,947.083
2021-11-05 16:45:00,1,1,0.00, , ,48.0,-293.053,15.474,1.895,30.16,49.754,947.04
2021-11-05 16:46:00,1,1,0.00, , ,48.0,-203.556,17.556,2.5,29.665,51.041,946.911
2021-11-05 16:47:00,1,1,0.00, , ,48.0,-202.105,19.474,2.211,29.511,51.482,946.908
2021-11-05 16:48:00,1,1,0.00, , ,48.0,-183.579,18.526,2.105,29.482,51.439,947.354
2021-11-05 16:49:00,1,1,0.00, , ,48.889,-86.222,18.833,2.056,29.456,51.534,947.778
2021-11-05 16:50:00,1,1,0.00, , ,48.0,20.211,17.421,1.895,29.424,51.749,948.292
2021-11-05 16:51:00,1,1,0.00, , ,48.0,19.556,17.667,2.556,29.485,51.573,949.235
2021-11-05 16:52:00,1,1,0.00, , ,48.842,18.526,18.842,2.474,29.627,51.205,949.362
2021-11-05 16:53:00,1,1,0.00, , ,51.0,-18.0,18.5,2.75,29.781,50.833,949.414
2021-11-05 16:54:00,1,1,0.00, , ,48.0,24.421,17.368,3.105,29.901,50.465,949.365
2021-11-05 16:55:00,1,1,0.00, , ,48.0,-13.474,16.947,2.579,29.854,50.334,949.902
2021-11-05 16:56:00,1,1,0.00, , ,48.0,-52.444,16.444,2.833,29.783,50.778,949.85
2021-11-05 16:57:00,1,1,0.43, , ,48.0,-306.667,15.778,2.667,29.607,51.185,949.271
2021-11-05 16:58:00,1,1,2.53, , ,48.0,-16.0,15.444,4.0,29.729,51.12,949.243
2021-11-05 16:59:00,1,1,0.00, , ,48.0,23.0,15.375,4.0,29.783,51.053,949.18
2021-11-05 17:00:00,1,1,6.10, , ,48.0,21.895,15.684,4.684,29.788,50.802,949.131
2021-11-05 17:01:00,1,1,4.06, , ,48.0,20.444,14.056,4.222,29.825,50.511,949.52
2021-11-05 17:02:00,1,1,2.09, , ,48.0,21.895,15.526,5.158,29.957,50.369,949.565
2021-11-05 17:03:00,1,1,0.46, , ,48.842,20.211,17.263,4.474,29.946,50.365,950.174
2021-11-05 17:04:00,1,1,0.00, , ,48.0,25.263,15.789,3.684,29.913,50.605,950.466
2021-11-05 17:05:00,1,1,2.67, , ,55.2,22.4,20.1,4.1,29.983,50.554,950.555
2021-11-05 17:06:00,1,1,2.42, , ,48.842,-186.105,19.211,2.684,29.867,50.768,951.16
2021-11-05 17:07:00,1,1,1.79, , ,48.842,-151.579,18.0,2.211,29.61,50.962,950.427
2021-11-05 17:08:00,1,1,3.64, , ,48.0,-353.684,15.263,2.0,29.471,51.104,950.916
2021-11-05 17:09:00,1,1,3.00, , ,48.0,-218.947,13.632,1.842,29.247,51.443,951.239
2021-11-05 17:10:00,1,1,3.26, , ,48.0,-288.0,14.0,2.053,29.366,51.625,951.554
2021-11-05 17:11:00,1,1,2.56, , ,48.0,-184.421,13.316,1.684,29.349,51.708,951.655
2021-11-05 17:12:00,1,1,4.24, , ,48.0,-109.6,12.4,1.95,29.34,51.809,951.916
2021-11-05 17:13:00,1,1,6.30, , ,48.0,-50.526,13.579,1.947,29.376,51.406,951.894
2021-11-05 17:14:00,1,1,5.41, , ,48.0,-45.474,13.579,1.579,29.387,51.259,952.043
2021-11-05 17:15:00,1,1,6.95, , ,48.0,20.444,13.889,1.889,29.247,52.131,952.452
2021-11-05 17:16:00,1,1,3.19, , ,48.0,-78.316,13.526,1.895,29.156,52.612,952.598
2021-11-05 17:17:00,1,1,4.61, , ,48.0,21.053,14.421,2.053,29.243,53.008,952.922
2021-11-05 17:18:00,1,1,4.13, , ,48.0,20.444,16.222,1.778,29.286,52.577,952.836
2021-11-05 17:19:00,1,1,3.41, , ,48.0,19.556,15.944,2.278,29.284,53.062,952.827
2021-11-05 17:20:00,1,1,4.88, , ,48.0,-81.684,16.158,2.211,29.452,52.59,953.202
2021-11-05 17:21:00,1,1,4.73, , ,48.0,-437.053,15.105,2.0,29.386,52.727,953.073
2021-11-05 17:22:00,1,1,0.09, , ,48.0,20.267,15.6,2.467,29.437,52.825,952.846
2021-11-05 17:23:00,1,1,0.00, , ,48.0,-48.0,15.0,2.211,29.417,52.525,952.213
2021-11-05 17:24:00,1,1,0.00, , ,48.0,-157.333,14.111,2.333,29.454,52.276,952.344
2021-11-05 17:25:00,1,1,3.36, , ,48.0,-412.444,15.5,3.056,29.585,52.092,952.508
2021-11-05 17:26:00,1,1,3.40, , ,48.0,-127.111,15.889,2.889,29.64,51.859,952.343
2021-11-05 17:27:00,1,1,6.61, , ,48.0,21.6,13.35,1.85,29.683,51.323,952.307
2021-11-05 17:28:00,1,1,5.87, , ,42.667,22.222,10.611,1.667,29.724,51.182,952.335
2021-11-05 17:29:00,1,1,5.25, , ,41.263,22.737,10.263,1.632,29.765,50.98,952.35
2021-11-05 17:30:00,1,1,1.12, , ,48.0,-472.421,12.737,2.211,29.661,51.603,952.103
2021-11-05 17:31:00,1,1,1.64, , ,48.0,-287.158,14.053,2.368,29.602,51.771,952.588
2021-11-05 17:32:00,1,1,3.04, , ,48.0,-50.526,16.895,2.895,29.791,51.52,952.894
2021-11-05 17:33:00,1,1,2.36, , ,49.882,-249.412,18.412,4.0,30.034,50.978,953.136
2021-11-05 17:34:00,1,1,4.27, , ,48.0,-50.667,18.333,3.0,30.138,50.656,953.389
2021-11-05 17:35:00,1,1,3.17, , ,48.0,-284.632,15.579,2.684,30.037,50.748,953.366
2021-11-05 17:36:00,1,1,3.38, , ,48.0,-411.556,14.889,2.056,29.776,51.095,953.223
2021-11-05 17:37:00,1,1,3.94, , ,48.0,21.895,15.316,2.158,29.784,51.309,953.078
2021-11-05 17:38:00,1,1,2.74, , ,48.0,20.444,15.167,2.389,29.732,51.436,952.584
2021-11-05 17:39:00,1,1,4.64, , ,48.0,-88.889,16.278,2.222,29.632,51.648,952.477
2021-11-05 17:40:00,1,1,11.59, , ,48.0,23.2,14.2,1.65,29.44,51.813,953.05
2021-11-05 17:41:00,1,1,8.22, , ,48.0,-53.333,13.167,1.778,29.319,52.129,953.192
2021-11-05 17:42:00,1,1,6.14, , ,48.0,-220.632,12.684,1.842,29.184,52.421,952.803
2021-11-05 17:43:00,1,1,5.18, , ,47.158,-351.158,11.895,2.316,29.399,52.199,952.892
2021-11-05 17:44:00,1,1,12.72, , ,48.0,-407.111,14.889,3.889,29.625,51.577,952.898
2021-11-05 17:45:00,1,1,10.18, , ,53.333,-630.222,21.389,4.556,29.753,51.292,952.829
2021-11-05 17:46:00,1,1,10.06, , ,50.526,-43.789,20.0,3.947,29.707,51.236,952.506
2021-11-05 17:47:00,1,1,6.45, , ,48.0,-87.111,17.611,3.0,29.601,51.738,952.402
2021-11-05 17:48:00,1,1,2.93, , ,48.0,21.333,17.278,3.889,29.796,51.525,952.48
2021-11-05 17:49:00,1,1,6.18, , ,60.632,-316.632,24.316,8.421,29.897,51.208,952.321
2021-11-05 17:50:00,1,1,10.28, , ,60.235,-138.353,22.176,6.294,29.934,51.03,952.148
2021-11-05 17:51:00,1,1,4.93, , ,62.316,-290.526,22.368,4.211,29.987,50.808,951.594
2021-11-05 17:52:00,1,1,7.77, , ,51.368,-323.368,19.211,2.895,29.836,50.983,951.469
2021-11-05 17:53:00,1,1,9.55, , ,48.0,-314.947,16.684,2.211,29.718,51.227,951.217
2021-11-05 17:54:00,1,1,4.73, , ,48.0,-466.133,16.533,2.267,29.705,51.421,950.801
2021-11-05 17:55:00,1,1,2.76, , ,48.0,-153.263,17.842,2.842,29.693,51.546,950.446
2021-11-05 17:56:00,1,1,2.55, , ,48.0,-197.333,15.111,2.056,29.541,51.638,950.259
2021-11-05 17:57:00,1,1,12.94, , ,48.0,-11.789,16.263,3.0,29.574,51.587,949.961
2021-11-05 17:58:00,1,1,16.78, , ,48.0,22.222,17.889,3.0,29.704,51.444,949.854
2021-11-05 17:59:00,1,1,8.30, , ,48.0,-12.632,15.895,2.895,29.688,51.056,949.301
2021-11-05 18:00:00,1,1,4.28, , ,48.0,18.667,12.944,2.611,29.507,51.538,949.078
2021-11-05 18:01:00,1,1,10.41, , ,47.158,20.211,12.158,2.684,29.494,51.939,949.768
2021-11-05 18:02:00,1,1,11.82, , ,49.684,21.053,18.737,3.526,29.651,51.814,949.675
2021-11-05 18:03:00,1,1,10.20, , ,61.333,23.111,22.167,3.444,29.757,51.306,949.521
2021-11-05 18:04:00,1,1,8.92, , ,51.368,21.053,19.632,3.737,29.905,51.08,949.528
2021-11-05 18:05:00,1,1,8.84, , ,48.842,21.895,17.158,2.526,29.936,50.877,949.716
2021-11-05 18:06:00,1,1,9.67, , ,52.267,20.267,19.333,3.133,29.985,50.857,949.269
2021-11-05 18:07:00,1,1,7.36, , ,56.615,19.692,20.615,2.846,30.018,50.573,948.991
2021-11-05 18:08:00,1,1,12.07, , ,60.632,-15.158,21.053,3.421,30.133,50.415,949.52
2021-11-05 18:09:00,1,1,10.18, , ,53.6,-240.0,20.25,3.2,30.021,50.625,949.601
2021-11-05 18:10:00,1,1,6.64, , ,56.0,60.444,22.056,3.0,29.988,50.908,949.702
2021-11-05 18:11:00,1,1,4.78, , ,60.632,20.211,22.842,4.579,30.178,50.347,949.704
2021-11-05 18:12:00,1,1,7.94, , ,53.895,25.263,20.474,2.579,30.043,50.543,949.431
2021-11-05 18:13:00,1,1,5.53, , ,55.111,18.667,21.556,2.944,29.774,51.065,948.713
2021-11-05 18:14:00,1,1,5.38, , ,54.222,-336.889,20.389,2.722,29.558,51.523,949.081
2021-11-05 18:15:00,1,1,8.83, , ,48.0,23.579,16.579,2.421,29.213,52.121,948.631
2021-11-05 18:16:00,1,1,12.49, , ,48.0,-12.632,14.0,2.158,29.224,52.416,949.373
2021-11-05 18:17:00,1,1,7.65, , ,48.0,20.211,14.895,2.684,29.415,52.067,949.577
2021-11-05 18:18:00,1,1,5.10, , ,48.0,-16.0,14.0,3.333,29.467,51.82,949.578
2021-11-05 18:19:00,1,1,4.54, , ,48.0,-51.368,15.0,3.105,29.525,51.838,949.289
2021-11-05 18:20:00,1,1,7.27, , ,48.0,20.211,16.947,3.0,29.508,51.704,948.661
2021-11-05 18:21:00,1,1,5.77, , ,50.526,22.737,19.368,4.316,29.473,51.885,948.064
2021-11-05 18:22:00,1,1,5.17, , ,48.0,27.294,16.706,3.471,29.225,52.253,947.768
2021-11-05 18:23:00,1,1,12.54, , ,48.0,25.778,14.5,3.111,29.122,52.557,947.262
2021-11-05 18:24:00,1,1,5.15, , ,48.0,22.737,13.842,2.947,29.019,52.676,946.966
2021-11-05 18:25:00,1,1,7.70, , ,48.0,-116.211,15.053,2.526,28.986,52.891,947.583
2021-11-05 18:26:00,1,1,6.58, , ,48.0,-124.444,14.222,2.111,28.711,53.806,947.54
2021-11-05 18:27:00,1,1,5.27, , ,47.158,-8.421,14.0,2.421,28.508,54.342,947.185
2021-11-05 18:28:00,1,1,5.68, , ,48.0,-156.632,15.789,2.421,28.443,54.107,946.577
2021-11-05 18:29:00,1,1,6.46, , ,41.263,-149.053,11.316,2.684,28.282,54.544,945.882
2021-11-05 18:30:00,1,1,5.32, , ,47.111,-86.222,11.944,3.833,28.503,54.015,945.792
2021-11-05 18:31:00,1,1,7.12, , ,48.0,-48.889,11.889,3.111,28.563,53.643,944.491
2021-11-05 18:32:00,1,1,6.02, , ,41.778,18.667,11.056,2.111,28.337,53.971,942.715
2021-11-05 18:33:00,1,1,0.99, , ,40.889,17.778,11.333,3.167,28.333,54.418,942.53
2021-11-05 18:34:00,1,1,0.04, , ,39.579,20.211,11.053,2.947,28.405,54.155,942.031
