created_at,entry_id,field1,field2,field3,field4
2021-11-05 11:55:00 +0530,126896,52.8,34.6,40.09,36.99
2021-11-05 11:55:30 +0530,126897,48.7,33.1,40.36,36.93
2021-11-05 11:56:00 +0530,126898,51.7,32.9,40.57,36.96
2021-11-05 11:56:30 +0530,126899,52.3,33.3,40.95,36.96
2021-11-05 11:57:00 +0530,126900,55.1,33.9,40.78,36.96
2021-11-05 11:57:30 +0530,126901,46.5,32.2,40.88,36.87
2021-11-05 12:00:00 +0530,126907,44.2,29.8,40.68,36.62
2021-11-05 12:00:30 +0530,126908,44.1,30.2,40.71,36.43
2021-11-05 12:01:00 +0530,126909,45.6,30.3,41.31,36.27
2021-11-05 12:01:30 +0530,126910,38.8,30.2,40.94,36.11
2021-11-05 12:02:00 +0530,126911,42.0,31.8,41.13,35.77
2021-11-05 12:02:30 +0530,126912,44.2,31.9,41.46,35.53
2021-11-05 12:03:00 +0530,126903,39.8,30.9,41.87,35.51
2021-11-05 12:04:00 +0530,126904,50.2,34.7,42.21,35.53
2021-11-05 12:04:30 +0530,126905,46.6,32.8,42.39,35.55
2021-11-05 12:05:00 +0530,126906,47.0,33.1,42.66,35.48
2021-11-05 12:05:30 +0530,126902,47.8,34.1,42.97,35.4
2021-11-05 12:06:00 +0530,126913,47.4,34.8,42.64,35.38
2021-11-05 12:06:30 +0530,126914,66.8,35.3,42.81,35.38
2021-11-05 12:07:00 +0530,126915,55.2,33.7,43.08,35.38
2021-11-05 12:07:30 +0530,126916,45.6,31.9,43.49,35.37
2021-11-05 12:08:00 +0530,126917,46.0,32.3,43.63,35.35
2021-11-05 12:08:30 +0530,126918,60.3,33.4,43.9,35.36
2021-11-05 12:09:00 +0530,126919,49.7,32.2,43.63,35.35
2021-11-05 12:09:30 +0530,126920,44.6,32.8,43.08,35.33
2021-11-05 12:10:00 +0530,126921,52.5,35.1,42.48,35.18
2021-11-05 12:10:30 +0530,126922,44.8,34.2,42.96,35.11
2021-11-05 12:11:00 +0530,126923,50.8,33.2,43.27,35.07
2021-11-05 12:11:30 +0530,126924,53.3,33.6,43.93,35.04
2021-11-05 12:12:00 +0530,126925,52.1,33.8,43.79,35.01
2021-11-05 12:12:30 +0530,126926,50.5,33.0,43.65,35.01
2021-11-05 12:13:00 +0530,126927,48.8,31.8,42.8,34.98
2021-11-05 12:13:30 +0530,126928,43.9,31.4,43.2,35.0
2021-11-05 12:14:00 +0530,126929,49.9,30.4,43.17,35.04
2021-11-05 12:14:30 +0530,126930,47.3,30.6,42.69,35.03
2021-11-05 12:15:00 +0530,126931,44.8,31.7,42.76,34.96
2021-11-05 12:15:30 +0530,126932,48.3,31.7,43.27,34.96
2021-11-05 12:16:00 +0530,126933,43.8,31.8,43.58,34.98
2021-11-05 12:16:30 +0530,126934,42.9,31.2,43.45,35.01
2021-11-05 12:17:00 +0530,126935,44.2,30.4,43.79,35.1
2021-11-05 12:17:30 +0530,126936,44.1,30.3,43.36,35.15
2021-11-05 12:18:00 +0530,126937,47.6,30.6,43.54,35.2
2021-11-05 12:18:30 +0530,126938,45.0,30.3,43.4,35.22
2021-11-05 12:19:00 +0530,126939,45.4,30.4,42.75,35.25
2021-11-05 12:19:30 +0530,126940,41.3,30.4,42.43,35.26
2021-11-05 12:20:00 +0530,126941,40.6,30.6,42.53,35.28
2021-11-05 12:20:30 +0530,126942,46.8,30.7,42.74,35.33
2021-11-05 12:21:00 +0530,126943,42.1,29.7,42.53,35.37
2021-11-05 12:21:30 +0530,126944,38.6,30.3,42.43,35.29
2021-11-05 12:22:00 +0530,126945,41.0,31.4,41.83,35.2
2021-11-05 12:22:30 +0530,126946,48.1,32.4,41.87,35.21
2021-11-05 12:23:00 +0530,126947,47.8,32.7,42.07,35.18
2021-11-05 12:23:30 +0530,126948,59.9,36.2,42.13,35.12
2021-11-05 12:24:00 +0530,126949,50.4,34.1,42.52,35.08
2021-11-05 12:24:30 +0530,126950,48.7,33.1,42.52,35.04
2021-11-05 12:25:00 +0530,126951,41.2,31.4,41.16,35.0
2021-11-05 12:25:30 +0530,126952,49.3,32.9,42.42,34.99
2021-11-05 12:26:00 +0530,126953,49.2,32.1,42.32,34.97
2021-11-05 12:26:30 +0530,126954,48.7,30.7,41.58,34.88
2021-11-05 12:27:00 +0530,126955,59.5,30.4,41.38,34.76
2021-11-05 12:27:30 +0530,126956,54.9,29.9,42.24,34.56
2021-11-05 12:28:00 +0530,126957,50.1,28.9,42.73,34.52
2021-11-05 12:28:30 +0530,126958,47.8,28.7,42.52,34.56
2021-11-05 12:29:00 +0530,126959,72.0,29.7,42.75,34.62
2021-11-05 12:29:30 +0530,126960,48.6,28.6,42.34,34.65
2021-11-05 12:30:00 +0530,126961,50.4,29.8,42.92,34.71
2021-11-05 12:30:30 +0530,126962,60.0,32.6,42.5,34.78
2021-11-05 12:31:00 +0530,126963,43.7,30.2,42.68,34.8
2021-11-05 12:31:30 +0530,126964,38.5,28.2,42.68,34.8
2021-11-05 12:32:00 +0530,126965,62.2,30.8,42.68,34.71
2021-11-05 12:32:30 +0530,126966,62.0,29.9,42.96,34.63
2021-11-05 12:33:00 +0530,126967,58.2,30.3,43.19,34.66
2021-11-05 12:33:30 +0530,126968,46.2,29.3,43.33,34.64
2021-11-05 12:34:00 +0530,126969,44.1,29.3,43.13,34.62
2021-11-05 12:34:30 +0530,126970,93.9,33.2,42.93,34.53
2021-11-05 12:35:00 +0530,126971,58.1,30.7,43.03,34.47
2021-11-05 12:35:30 +0530,126972,96.8,32.4,43.03,34.4
2021-11-05 12:36:00 +0530,126973,64.4,32.2,43.39,34.36
2021-11-05 12:36:30 +0530,126974,74.5,33.2,43.15,34.24
2021-11-05 12:37:00 +0530,126975,57.8,31.8,43.08,34.23
2021-11-05 12:37:30 +0530,126976,58.7,32.5,43.13,34.14
2021-11-05 12:38:00 +0530,126977,53.4,31.0,43.47,34.16
2021-11-05 12:38:30 +0530,126978,58.4,30.9,43.44,34.21
2021-11-05 12:39:00 +0530,126979,111.8,32.1,43.83,34.26
2021-11-05 12:39:30 +0530,126980,56.0,29.8,43.45,34.3
2021-11-05 12:40:00 +0530,126981,41.2,26.4,44.01,34.04
2021-11-05 12:40:30 +0530,126982,35.6,27.1,44.68,33.79
2021-11-05 12:41:00 +0530,126983,41.6,23.4,44.48,33.88
2021-11-05 12:41:30 +0530,126984,111.3,37.9,45.32,33.9
2021-11-05 12:42:00 +0530,126985,116.7,40.3,44.74,33.99
2021-11-05 12:42:30 +0530,126986,150.3,41.7,44.52,34.16
2021-11-05 12:43:00 +0530,126987,62.3,42.8,43.76,34.31
2021-11-05 12:43:30 +0530,126988,77.2,40.3,43.17,34.49
2021-11-05 12:44:00 +0530,126989,53.4,34.4,42.71,34.7
2021-11-05 12:44:30 +0530,126990,52.1,34.5,42.36,34.92
2021-11-05 12:45:00 +0530,126991,58.1,33.1,41.94,35.12
2021-11-05 12:45:30 +0530,126992,56.7,32.8,41.58,35.27
2021-11-05 12:46:00 +0530,126993,60.2,35.4,41.34,35.39
2021-11-05 12:46:30 +0530,126994,84.6,33.1,41.65,35.3
2021-11-05 12:47:00 +0530,126995,41.5,24.5,41.61,35.27
2021-11-05 12:47:30 +0530,126996,97.6,36.3,41.23,35.37
2021-11-05 12:48:00 +0530,126997,50.3,34.3,41.0,35.33
2021-11-05 12:48:30 +0530,126998,43.9,22.7,41.25,35.12
2021-11-05 12:49:00 +0530,126999,30.9,22.0,41.57,34.93
2021-11-05 12:49:30 +0530,127000,38.2,28.1,43.48,34.49
2021-11-05 12:50:00 +0530,127001,55.6,34.4,43.72,34.44
2021-11-05 12:50:30 +0530,127002,43.4,26.8,43.77,34.03
2021-11-05 12:51:00 +0530,127003,41.6,28.1,44.67,33.46
2021-11-05 12:51:30 +0530,127004,37.5,26.9,44.94,33.42
2021-11-05 12:52:00 +0530,127005,37.6,24.8,46.17,33.31
2021-11-05 12:52:30 +0530,127006,40.5,24.6,46.61,33.22
2021-11-05 12:53:00 +0530,127007,37.6,26.1,47.57,33.06
2021-11-05 12:53:30 +0530,127008,36.2,31.3,47.94,33.23
2021-11-05 12:54:00 +0530,127009,70.5,28.8,46.31,33.29
2021-11-05 12:54:30 +0530,127010,163.4,39.0,45.93,33.34
2021-11-05 12:55:00 +0530,127011,47.9,26.3,45.93,33.37
2021-11-05 12:55:30 +0530,127012,60.7,35.5,46.36,33.42
2021-11-05 12:56:00 +0530,127013,49.0,27.6,46.74,33.41
2021-11-05 12:56:30 +0530,127014,40.6,26.8,45.69,33.36
2021-11-05 12:57:00 +0530,127015,44.9,25.9,45.21,33.36
2021-11-05 12:57:30 +0530,127016,132.4,33.7,45.58,33.37
2021-11-05 12:58:00 +0530,127017,214.1,43.1,45.21,33.34
2021-11-05 12:58:30 +0530,127018,825.9,193.5,45.53,33.33
2021-11-05 12:59:00 +0530,127019,551.2,123.7,45.63,33.25
2021-11-05 12:59:30 +0530,127020,952.2,232.1,46.14,33.31
2021-11-05 13:00:00 +0530,127021,467.1,103.6,45.55,33.35
2021-11-05 13:00:30 +0530,127022,224.7,52.1,45.82,33.38
2021-11-05 13:01:00 +0530,127023,88.3,34.9,45.35,33.34
2021-11-05 13:01:30 +0530,127024,406.3,84.7,45.83,33.35
2021-11-05 13:02:00 +0530,127025,528.7,115.2,45.65,33.35
2021-11-05 13:02:30 +0530,127026,352.0,66.9,46.19,33.42
2021-11-05 13:03:00 +0530,127027,278.6,60.5,46.09,33.56
2021-11-05 13:03:30 +0530,127028,241.3,56.0,45.23,33.62
2021-11-05 13:04:00 +0530,127029,123.9,36.3,44.79,33.64
2021-11-05 13:04:30 +0530,127030,50.1,28.4,44.86,33.64
2021-11-05 13:05:00 +0530,127031,48.1,29.6,45.12,33.73
2021-11-05 13:05:30 +0530,127032,60.9,29.1,44.99,33.79
2021-11-05 13:06:00 +0530,127033,103.3,32.8,45.12,33.78
2021-11-05 13:06:30 +0530,127034,57.6,30.9,45.06,33.75
2021-11-05 13:07:00 +0530,127035,77.9,30.3,45.06,33.8
2021-11-05 13:07:30 +0530,127036,48.7,29.8,44.71,33.79
2021-11-05 13:08:00 +0530,127037,58.8,27.9,45.06,33.79
2021-11-05 13:08:30 +0530,127038,39.7,25.4,44.92,33.72
2021-11-05 13:09:00 +0530,127039,44.5,26.6,45.29,33.71
2021-11-05 13:09:30 +0530,127040,39.2,22.6,44.82,33.68
2021-11-05 13:10:00 +0530,127041,185.4,37.3,44.75,33.76
2021-11-05 13:10:30 +0530,127042,174.2,38.1,44.54,33.83
2021-11-05 13:11:00 +0530,127043,137.2,36.3,44.7,33.94
2021-11-05 13:11:30 +0530,127044,55.4,30.6,44.5,34.0
2021-11-05 13:12:00 +0530,127045,69.8,30.4,44.66,34.08
2021-11-05 13:12:30 +0530,127046,73.3,29.8,44.59,34.19
2021-11-05 13:13:00 +0530,127047,62.7,28.4,44.75,34.24
2021-11-05 13:13:30 +0530,127048,45.7,27.0,43.19,34.18
2021-11-05 13:14:00 +0530,127049,55.2,26.9,43.56,34.3
2021-11-05 13:14:30 +0530,127050,276.4,38.8,44.16,34.45
2021-11-05 13:15:00 +0530,127051,107.5,35.6,43.41,34.5
2021-11-05 13:15:30 +0530,127052,175.4,36.5,43.28,34.46
2021-11-05 13:16:00 +0530,127053,168.5,35.5,43.99,34.5
2021-11-05 13:16:30 +0530,127054,352.1,62.3,43.1,34.52
2021-11-05 13:17:00 +0530,127055,207.9,39.3,42.01,34.51
2021-11-05 13:17:30 +0530,127056,301.4,50.0,42.12,34.56
2021-11-05 13:18:00 +0530,127057,69.6,24.9,42.05,34.51
2021-11-05 13:18:30 +0530,127058,70.0,20.6,40.82,34.41
2021-11-05 13:19:00 +0530,127059,86.5,28.0,41.71,34.41
2021-11-05 13:19:30 +0530,127060,137.4,30.0,41.84,34.45
2021-11-05 13:20:00 +0530,127061,87.9,38.1,42.42,34.46
2021-11-05 13:20:30 +0530,127062,72.0,30.1,43.24,34.47
2021-11-05 13:21:00 +0530,127063,64.9,32.1,42.32,34.45
2021-11-05 13:21:30 +0530,127064,82.8,36.1,42.01,34.42
2021-11-05 13:22:00 +0530,127065,142.0,71.4,42.66,34.4
2021-11-05 13:22:30 +0530,127066,88.6,42.5,43.0,34.4
2021-11-05 13:23:00 +0530,127067,63.7,38.0,42.39,34.4
2021-11-05 13:23:30 +0530,127068,45.2,27.5,43.73,34.25
2021-11-05 13:24:00 +0530,127069,53.2,31.4,44.51,34.3
2021-11-05 13:24:30 +0530,127070,48.5,28.2,44.82,34.25
2021-11-05 13:25:00 +0530,127071,70.4,36.1,47.99,34.19
2021-11-05 13:25:30 +0530,127072,120.2,33.6,45.48,34.17
2021-11-05 13:26:00 +0530,127073,143.1,36.8,44.29,34.18
2021-11-05 13:26:30 +0530,127074,138.4,36.1,44.35,34.2
2021-11-05 13:27:00 +0530,127075,144.4,38.2,44.65,34.31
2021-11-05 13:27:30 +0530,127076,151.0,48.6,44.64,34.42
2021-11-05 13:28:00 +0530,127077,106.1,47.7,43.48,34.52
2021-11-05 13:28:30 +0530,127078,65.2,30.6,44.22,34.54
2021-11-05 13:29:00 +0530,127079,238.8,131.3,44.18,34.61
2021-11-05 13:29:30 +0530,127080,135.3,64.1,44.08,34.63
2021-11-05 13:30:00 +0530,127081,77.7,33.1,43.16,34.61
2021-11-05 13:30:30 +0530,127082,79.6,35.7,43.33,34.6
2021-11-05 13:31:00 +0530,127083,62.0,33.6,42.45,34.61
2021-11-05 13:31:30 +0530,127084,173.4,59.0,42.68,34.7
2021-11-05 13:32:00 +0530,127085,136.1,34.2,42.4,34.83
2021-11-05 13:32:30 +0530,127086,154.6,62.7,42.66,35.0
2021-11-05 13:33:00 +0530,127087,48.0,29.6,42.01,35.1
2021-11-05 13:33:30 +0530,127088,36.6,27.4,41.29,35.16
2021-11-05 13:34:00 +0530,127089,39.8,24.4,41.87,35.12
2021-11-05 13:34:30 +0530,127090,37.5,20.9,43.2,34.96
2021-11-05 13:35:00 +0530,127091,48.6,27.5,42.87,34.97
2021-11-05 13:35:30 +0530,127092,32.1,25.5,43.59,34.9
2021-11-05 13:36:00 +0530,127093,34.9,26.6,43.29,34.91
2021-11-05 13:36:30 +0530,127094,47.2,27.6,42.91,34.88
2021-11-05 13:37:00 +0530,127095,39.5,25.8,42.94,34.88
2021-11-05 13:37:30 +0530,127096,31.8,21.1,42.92,34.68
2021-11-05 13:38:00 +0530,127097,31.0,21.9,43.38,34.37
2021-11-05 13:38:30 +0530,127098,33.7,23.6,44.07,34.23
2021-11-05 13:39:00 +0530,127099,28.0,21.3,43.06,34.17
2021-11-05 13:39:30 +0530,127100,41.6,21.9,43.77,34.11
2021-11-05 13:40:00 +0530,127101,34.2,22.8,43.48,34.02
2021-11-05 13:40:30 +0530,127102,36.8,24.2,43.31,34.04
2021-11-05 13:41:00 +0530,127103,76.9,35.9,43.26,34.32
2021-11-05 13:41:30 +0530,127104,54.8,26.2,43.14,34.4
2021-11-05 13:42:00 +0530,127105,37.2,22.2,45.33,34.33
2021-11-05 13:42:30 +0530,127106,86.2,27.5,43.49,34.39
2021-11-05 13:43:00 +0530,127107,62.9,23.8,43.63,34.37
2021-11-05 13:43:30 +0530,127108,68.6,27.7,43.55,34.4
2021-11-05 13:44:00 +0530,127109,80.6,26.8,43.48,34.41
2021-11-05 13:44:30 +0530,127110,60.0,26.8,42.73,34.4
2021-11-05 13:45:00 +0530,127111,55.8,24.6,42.7,34.37
2021-11-05 13:45:30 +0530,127112,204.5,34.8,41.99,34.33
2021-11-05 13:46:00 +0530,127113,196.1,36.1,42.63,34.4
2021-11-05 13:46:30 +0530,127114,225.6,38.4,42.36,34.45
2021-11-05 13:47:00 +0530,127115,164.7,31.4,42.26,34.46
2021-11-05 13:47:30 +0530,127116,96.1,29.8,42.56,34.51
2021-11-05 13:48:00 +0530,127117,128.0,33.8,42.7,34.54
2021-11-05 13:48:30 +0530,127118,97.3,29.9,42.92,34.61
2021-11-05 13:49:00 +0530,127119,72.3,38.4,43.06,34.63
2021-11-05 13:49:30 +0530,127120,78.1,38.4,43.33,34.66
2021-11-05 13:50:00 +0530,127121,57.8,31.7,42.85,34.68
2021-11-05 13:50:30 +0530,127122,107.2,32.8,42.48,34.66
2021-11-05 13:51:00 +0530,127123,198.0,43.8,42.75,34.73
2021-11-05 13:51:30 +0530,127124,125.4,37.9,42.61,34.77
2021-11-05 13:52:00 +0530,127125,185.2,37.1,42.36,34.8
2021-11-05 13:52:30 +0530,127126,76.3,31.1,42.16,34.82
2021-11-05 13:53:00 +0530,127127,130.2,41.7,42.33,34.85
2021-11-05 13:53:30 +0530,127128,126.9,42.4,41.85,34.92
2021-11-05 13:54:00 +0530,127129,125.1,39.9,41.81,35.0
2021-11-05 13:54:30 +0530,127130,295.4,53.9,41.47,35.1
2021-11-05 13:55:00 +0530,127131,273.3,41.9,41.08,35.25
2021-11-05 13:55:30 +0530,127132,111.1,31.6,40.82,35.42
2021-11-05 13:56:00 +0530,127133,69.0,28.9,40.26,35.56
2021-11-05 13:56:30 +0530,127134,173.3,39.0,39.88,35.77
2021-11-05 13:57:00 +0530,127135,80.9,31.6,39.93,35.85
2021-11-05 13:57:30 +0530,127136,106.6,67.3,39.86,35.84
2021-11-05 13:58:00 +0530,127137,185.7,113.9,39.49,35.84
2021-11-05 13:58:30 +0530,127138,103.1,33.8,39.39,35.86
2021-11-05 13:59:00 +0530,127139,124.1,30.6,39.28,35.92
2021-11-05 13:59:30 +0530,127140,97.6,41.1,39.04,35.89
2021-11-05 14:00:00 +0530,127141,59.1,31.2,39.32,35.92
2021-11-05 14:00:30 +0530,127142,71.3,39.6,39.11,35.93
2021-11-05 14:01:00 +0530,127143,95.8,60.5,39.35,35.92
2021-11-05 14:01:30 +0530,127144,50.0,33.9,39.49,35.8
2021-11-05 14:02:00 +0530,127145,65.4,22.9,40.2,35.52
2021-11-05 14:02:30 +0530,127146,38.4,27.9,40.18,35.43
2021-11-05 14:03:00 +0530,127147,66.4,29.4,39.53,35.41
2021-11-05 14:03:30 +0530,127148,69.1,27.9,39.7,35.25
2021-11-05 14:04:00 +0530,127149,93.2,27.1,40.06,35.19
2021-11-05 14:04:30 +0530,127150,42.0,25.3,39.95,35.12
2021-11-05 14:16:00 +0530,127156,112.7,29.1,42.05,34.4
2021-11-05 14:16:30 +0530,127157,122.2,28.6,42.22,34.4
2021-11-05 14:17:00 +0530,127158,140.3,29.6,42.29,34.38
2021-11-05 14:17:30 +0530,127159,154.9,31.1,42.33,34.35
2021-11-05 14:18:00 +0530,127160,156.9,30.5,42.44,34.32
2021-11-05 14:18:30 +0530,127161,158.1,31.4,42.57,34.3
2021-11-05 14:19:00 +0530,127163,147.0,31.6,42.61,34.27
2021-11-05 14:19:30 +0530,127164,123.5,30.2,42.68,34.25
2021-11-05 14:20:30 +0530,127165,81.9,27.6,42.75,34.21
2021-11-05 14:21:00 +0530,127166,76.4,27.0,42.79,34.19
2021-11-05 14:21:30 +0530,127167,75.3,27.6,42.82,34.16
2021-11-05 14:22:30 +0530,127169,62.4,27.3,42.89,34.1
2021-11-05 14:23:00 +0530,127170,58.8,26.2,42.93,34.08
2021-11-05 14:23:30 +0530,127171,67.5,26.7,43.0,34.05
2021-11-05 14:24:00 +0530,127172,68.8,26.8,43.03,34.03
2021-11-05 14:24:30 +0530,127173,69.2,27.0,43.07,34.0
2021-11-05 14:25:30 +0530,127174,73.0,27.4,43.24,33.94
2021-11-05 14:28:00 +0530,127176,79.6,26.9,43.59,33.8
2021-11-05 14:28:30 +0530,127177,61.3,27.1,43.66,33.78
2021-11-05 14:29:00 +0530,127178,58.8,26.8,43.73,33.76
2021-11-05 14:29:30 +0530,127179,57.9,26.1,43.83,33.74
2021-11-05 14:30:00 +0530,127180,64.1,26.1,43.9,33.71
2021-11-05 14:31:00 +0530,127182,88.0,26.8,43.98,33.65
2021-11-05 14:31:30 +0530,127183,191.6,30.8,44.05,33.62
2021-11-05 14:32:00 +0530,127184,180.3,30.9,44.11,33.6
2021-11-05 14:32:30 +0530,127185,123.4,29.2,44.15,33.58
2021-11-05 14:33:00 +0530,127186,81.7,28.1,44.18,33.55
2021-11-05 14:33:30 +0530,127187,82.1,27.8,44.22,33.53
2021-11-05 14:34:00 +0530,127189,65.9,26.8,44.22,33.5
2021-11-05 14:34:30 +0530,127190,59.4,27.1,44.26,33.47
2021-11-05 14:35:00 +0530,127191,51.6,26.1,44.29,33.46
2021-11-05 14:35:30 +0530,127192,59.8,27.8,44.39,33.44
2021-11-05 14:36:00 +0530,127193,45.6,26.7,44.46,33.41
2021-11-05 14:36:30 +0530,127194,46.6,26.6,44.53,33.38
2021-11-05 14:37:00 +0530,127196,46.1,26.9,44.5,33.35
2021-11-05 14:37:30 +0530,127197,55.9,26.4,44.54,33.33
2021-11-05 14:38:00 +0530,127198,45.4,26.3,44.61,33.31
2021-11-05 14:39:00 +0530,127199,55.7,26.9,44.74,33.28
2021-11-05 14:39:30 +0530,127200,65.2,27.2,44.78,33.26
2021-11-05 14:40:00 +0530,127202,653.8,66.3,44.81,33.23
2021-11-05 14:40:30 +0530,127203,479.8,49.4,44.92,33.21
2021-11-05 14:41:00 +0530,127204,422.6,44.3,44.92,33.19
2021-11-05 14:41:30 +0530,127205,425.8,45.1,44.93,33.17
2021-11-05 14:42:00 +0530,127206,430.9,44.7,45.26,33.16
2021-11-05 14:42:30 +0530,127207,485.5,50.1,45.03,33.15
2021-11-05 14:43:00 +0530,127209,415.2,47.6,44.99,33.13
2021-11-05 14:43:30 +0530,127210,367.0,40.9,44.96,33.12
2021-11-05 14:44:00 +0530,127211,320.9,38.7,44.9,33.09
2021-11-05 14:44:30 +0530,127212,336.1,39.9,44.96,33.09
2021-11-05 14:45:00 +0530,127213,377.2,41.1,44.99,33.08
2021-11-05 14:45:30 +0530,127214,307.1,38.2,44.99,33.07
2021-11-05 14:46:00 +0530,127216,283.5,37.3,44.99,33.07
2021-11-05 14:46:30 +0530,127217,276.6,37.0,44.99,33.06
2021-11-05 14:47:00 +0530,127218,230.8,33.7,44.99,33.04
2021-11-05 14:47:30 +0530,127219,213.5,33.4,45.03,33.03
2021-11-05 14:48:00 +0530,127220,183.5,31.8,45.03,33.02
2021-11-05 14:48:30 +0530,127221,106.9,27.8,44.99,33.01
2021-11-05 14:49:00 +0530,127223,89.9,27.4,44.99,33.01
2021-11-05 14:49:30 +0530,127224,89.7,28.1,45.0,32.99
2021-11-05 14:50:00 +0530,127225,64.8,26.3,45.0,32.98
2021-11-05 14:50:30 +0530,127226,68.7,26.2,45.04,32.97
2021-11-05 14:51:00 +0530,127227,69.5,26.9,45.07,32.94
2021-11-05 14:51:30 +0530,127228,69.1,27.4,45.21,32.92
2021-11-05 14:52:00 +0530,127230,65.3,26.6,45.21,32.91
2021-11-05 14:52:30 +0530,127231,65.7,26.4,45.18,32.9
2021-11-05 14:53:00 +0530,127232,69.3,27.0,45.24,32.88
2021-11-05 14:53:30 +0530,127233,88.7,27.2,45.28,32.87
2021-11-05 14:54:00 +0530,127234,96.4,27.0,45.28,32.86
2021-11-05 14:54:30 +0530,127235,90.2,27.6,45.31,32.84
2021-11-05 14:55:00 +0530,127237,80.0,27.2,45.32,32.81
2021-11-05 14:55:30 +0530,127238,72.2,26.9,45.42,32.79
2021-11-05 14:56:00 +0530,127239,63.7,26.2,45.49,32.78
2021-11-05 14:56:30 +0530,127240,69.4,25.9,45.52,32.77
2021-11-05 14:57:00 +0530,127241,62.0,26.0,45.56,32.76
2021-11-05 14:57:30 +0530,127242,78.6,26.2,45.59,32.75
2021-11-05 14:58:00 +0530,127244,81.9,26.4,45.56,32.73
2021-11-05 14:58:30 +0530,127245,80.3,26.8,45.66,32.72
2021-11-05 14:59:00 +0530,127246,63.0,26.3,45.7,32.72
2021-11-05 14:59:30 +0530,127247,69.9,25.8,45.73,32.71
2021-11-05 15:00:00 +0530,127248,67.1,25.6,45.8,32.7
2021-11-05 15:00:30 +0530,127249,63.5,25.4,45.83,32.69
2021-11-05 15:01:00 +0530,127251,69.7,25.6,45.86,32.68
2021-11-05 15:01:30 +0530,127252,91.4,26.8,45.9,32.68
2021-11-05 15:02:00 +0530,127253,118.0,28.9,45.96,32.67
2021-11-05 15:02:30 +0530,127254,127.4,29.4,46.03,32.66
2021-11-05 15:03:00 +0530,127255,136.0,30.8,46.08,32.64
2021-11-05 15:03:30 +0530,127256,119.1,29.4,46.25,32.63
2021-11-05 15:04:00 +0530,127258,120.3,29.8,46.25,32.63
2021-11-05 15:04:30 +0530,127259,90.1,27.6,46.22,32.61
2021-11-05 15:05:00 +0530,127260,103.0,29.4,46.15,32.61
2021-11-05 15:05:30 +0530,127261,122.0,29.8,46.22,32.6
2021-11-05 15:06:00 +0530,127262,110.9,28.8,46.28,32.58
2021-11-05 15:07:30 +0530,127264,207.2,32.6,46.28,32.55
2021-11-05 15:08:00 +0530,127265,222.8,32.6,46.31,32.54
2021-11-05 15:08:30 +0530,127266,158.8,31.8,46.35,32.53
2021-11-05 15:09:00 +0530,127267,155.4,29.9,46.38,32.5
2021-11-05 15:09:30 +0530,127268,154.6,30.1,46.38,32.49
2021-11-05 15:10:00 +0530,127270,119.5,29.1,46.35,32.48
2021-11-05 15:10:30 +0530,127271,121.1,28.6,46.36,32.47
2021-11-05 15:11:00 +0530,127272,119.3,28.4,46.39,32.47
2021-11-05 15:11:30 +0530,127273,117.1,29.1,46.43,32.45
2021-11-05 15:12:00 +0530,127274,103.5,29.0,46.49,32.45
2021-11-05 15:12:30 +0530,127275,1164.7,114.7,46.56,32.44
2021-11-05 15:13:00 +0530,127277,834.4,81.3,46.56,32.44
2021-11-05 15:13:30 +0530,127278,876.4,83.1,46.56,32.43
2021-11-05 15:14:00 +0530,127279,813.1,76.8,46.6,32.42
2021-11-05 15:14:30 +0530,127280,683.8,64.4,46.63,32.42
2021-11-05 15:15:00 +0530,127281,613.0,60.7,46.63,32.42
2021-11-05 15:15:30 +0530,127282,585.7,58.6,46.63,32.41
2021-11-05 15:16:00 +0530,127284,395.4,43.6,46.67,32.41
2021-11-05 15:16:30 +0530,127285,393.1,46.1,46.6,32.4
2021-11-05 15:17:00 +0530,127286,209.4,36.6,46.6,32.39
2021-11-05 15:17:30 +0530,127287,138.3,35.8,46.39,32.38
2021-11-05 15:18:00 +0530,127288,219.1,37.7,46.39,32.37
2021-11-05 15:18:30 +0530,127289,158.8,34.4,46.36,32.35
2021-11-05 15:19:00 +0530,127291,141.6,34.9,46.43,32.34
2021-11-05 15:19:30 +0530,127292,171.7,35.3,46.63,32.33
2021-11-05 15:20:00 +0530,127293,175.6,35.2,47.1,32.33
2021-11-05 15:20:30 +0530,127294,208.5,36.8,47.1,32.33
2021-11-05 15:21:30 +0530,127295,209.0,36.5,46.58,32.5
2021-11-05 15:22:00 +0530,127297,183.0,34.9,46.72,32.61
2021-11-05 15:22:30 +0530,127298,156.5,33.1,45.86,32.68
2021-11-05 15:23:00 +0530,127299,269.8,35.9,45.66,32.74
2021-11-05 15:23:30 +0530,127300,165.1,34.9,45.66,32.78
2021-11-05 15:24:00 +0530,127301,200.1,35.2,45.58,32.85
2021-11-05 15:24:30 +0530,127302,125.5,33.7,45.32,32.75
2021-11-05 15:25:00 +0530,127304,227.2,103.9,45.56,32.73
2021-11-05 15:25:30 +0530,127305,93.7,36.8,45.28,32.77
2021-11-05 15:26:00 +0530,127306,86.0,36.6,45.12,32.77
2021-11-05 15:26:30 +0530,127307,50.6,28.6,45.05,32.72
2021-11-05 15:27:00 +0530,127308,65.6,41.1,44.88,32.69
2021-11-05 15:27:30 +0530,127309,97.1,60.2,45.12,32.7
2021-11-05 15:28:00 +0530,127311,113.5,47.6,45.15,32.66
2021-11-05 15:28:30 +0530,127312,114.3,38.8,44.93,32.64
2021-11-05 15:29:00 +0530,127313,138.3,34.9,44.96,32.54
2021-11-05 15:29:30 +0530,127314,73.1,24.2,45.22,32.2
2021-11-05 15:30:00 +0530,127315,60.4,27.6,46.03,32.16
2021-11-05 15:30:30 +0530,127316,42.0,21.3,46.59,31.98
2021-11-05 15:31:00 +0530,127318,42.0,21.3,47.19,32.08
2021-11-05 15:31:30 +0530,127319,38.6,20.8,46.99,32.04
2021-11-05 15:32:00 +0530,127320,62.8,27.0,46.28,32.07
2021-11-05 15:32:30 +0530,127321,33.1,20.1,47.02,31.99
2021-11-05 15:33:00 +0530,127322,93.8,59.1,47.09,32.0
2021-11-05 15:33:30 +0530,127323,208.9,118.3,46.89,32.05
2021-11-05 15:34:00 +0530,127152,67.3,37.6,46.92,32.04
2021-11-05 15:35:00 +0530,127153,84.9,41.9,46.89,32.03
2021-11-05 15:35:30 +0530,127154,102.3,47.2,47.05,32.15
2021-11-05 15:36:00 +0530,127155,83.5,30.9,46.47,32.02
2021-11-05 15:36:30 +0530,127151,72.3,29.4,47.3,31.93
2021-11-05 15:37:00 +0530,127162,52.5,29.3,47.16,31.9
2021-11-05 15:37:30 +0530,127168,57.5,32.2,47.09,32.08
2021-11-05 15:38:30 +0530,127175,69.6,37.6,46.64,32.18
2021-11-05 15:39:00 +0530,127181,84.1,29.4,45.71,32.37
2021-11-05 15:39:30 +0530,127188,100.4,37.7,45.7,32.54
2021-11-05 15:40:00 +0530,127195,84.4,34.0,44.44,32.7
2021-11-05 15:40:30 +0530,127201,93.7,47.3,44.37,32.78
2021-11-05 15:41:00 +0530,127208,60.4,30.5,44.74,32.82
2021-11-05 15:41:30 +0530,127215,88.2,43.6,44.74,32.92
2021-11-05 15:42:00 +0530,127222,228.9,46.6,44.48,33.04
2021-11-05 15:42:30 +0530,127229,173.6,45.0,44.22,33.15
2021-11-05 15:43:00 +0530,127236,101.3,39.6,44.22,33.17
2021-11-05 15:43:30 +0530,127243,186.0,44.3,43.77,33.16
2021-11-05 15:44:00 +0530,127250,50.8,26.9,42.65,33.18
2021-11-05 15:44:30 +0530,127257,108.3,73.9,43.05,33.3
2021-11-05 15:45:00 +0530,127263,249.8,188.6,43.42,33.33
2021-11-05 15:45:30 +0530,127269,63.0,32.0,43.93,33.25
2021-11-05 15:46:00 +0530,127276,61.5,28.6,43.63,33.26
2021-11-05 15:46:30 +0530,127283,52.1,24.9,43.9,33.27
2021-11-05 15:47:00 +0530,127290,75.3,36.7,43.76,33.22
2021-11-05 15:47:30 +0530,127296,93.2,38.4,43.83,33.3
2021-11-05 15:48:00 +0530,127303,63.2,25.5,44.11,32.99
2021-11-05 15:48:30 +0530,127310,91.1,29.9,44.8,32.98
2021-11-05 15:49:00 +0530,127317,79.1,29.2,44.06,32.93
2021-11-05 15:49:30 +0530,127324,93.2,31.4,43.58,32.45
2021-11-05 15:50:00 +0530,127325,104.1,38.4,44.91,32.26
2021-11-05 15:50:30 +0530,127326,70.4,28.7,45.45,32.42
2021-11-05 15:51:00 +0530,127327,325.7,51.1,45.87,32.64
2021-11-05 15:51:30 +0530,127328,585.8,97.9,45.8,32.81
2021-11-05 15:52:00 +0530,127329,871.4,125.8,45.89,32.91
2021-11-05 15:52:30 +0530,127330,1090.8,208.2,45.51,33.06
2021-11-05 15:53:00 +0530,127331,412.4,125.4,46.89,33.17
2021-11-05 15:53:30 +0530,127332,180.2,70.3,45.56,33.19
2021-11-05 15:54:00 +0530,127333,282.1,106.1,45.64,33.14
2021-11-05 15:54:30 +0530,127334,223.2,69.5,45.12,33.2
2021-11-05 15:55:00 +0530,127335,785.3,116.3,45.02,33.25
2021-11-05 15:55:30 +0530,127336,366.1,73.7,44.95,33.31
2021-11-05 15:56:00 +0530,127337,328.6,60.4,44.85,33.31
2021-11-05 15:56:30 +0530,127338,335.8,64.6,44.24,33.3
2021-11-05 15:57:00 +0530,127339,246.1,60.7,43.83,33.32
2021-11-05 15:57:30 +0530,127340,323.2,112.1,43.76,33.35
2021-11-05 15:58:00 +0530,127341,333.5,73.1,43.92,33.38
2021-11-05 15:58:30 +0530,127342,366.0,72.7,43.89,33.44
2021-11-05 15:59:00 +0530,127343,505.0,100.1,43.92,33.48
2021-11-05 15:59:30 +0530,127344,393.6,91.4,44.05,33.51
2021-11-05 16:00:00 +0530,127345,463.6,90.3,43.33,33.52
2021-11-05 16:00:30 +0530,127346,440.5,76.9,43.61,33.62
2021-11-05 16:01:00 +0530,127347,240.4,51.3,43.0,33.63
2021-11-05 16:01:30 +0530,127348,897.7,210.9,43.35,33.74
2021-11-05 16:02:00 +0530,127349,1041.6,254.7,43.66,33.85
2021-11-05 16:02:30 +0530,127350,965.6,168.5,43.1,33.92
2021-11-05 16:03:00 +0530,127351,644.3,102.2,42.93,33.99
2021-11-05 16:03:30 +0530,127352,985.5,98.0,43.21,34.02
2021-11-05 16:04:00 +0530,127353,1495.7,242.4,42.86,34.06
2021-11-05 16:04:30 +0530,127354,888.5,149.1,42.82,34.11
2021-11-05 16:05:00 +0530,127355,206.8,67.8,42.38,34.06
2021-11-05 16:05:30 +0530,127356,214.4,66.6,42.35,34.11
2021-11-05 16:06:00 +0530,127357,704.6,104.9,42.62,34.2
2021-11-05 16:06:30 +0530,127358,829.0,113.1,42.91,34.26
2021-11-05 16:07:00 +0530,127359,292.4,53.3,43.22,34.4
2021-11-05 16:07:30 +0530,127360,213.2,101.8,43.85,34.45
2021-11-05 16:09:00 +0530,127361,267.6,46.4,41.94,34.4
2021-11-05 16:09:30 +0530,127362,167.8,59.1,42.08,34.4
2021-11-05 16:10:00 +0530,127363,191.8,58.1,42.1,34.33
2021-11-05 16:10:30 +0530,127364,114.4,40.8,42.48,34.22
2021-11-05 16:11:00 +0530,127365,164.1,68.9,42.61,34.23
2021-11-05 16:11:30 +0530,127366,154.4,84.4,42.55,34.17
2021-11-05 16:12:00 +0530,127367,125.0,51.9,43.14,34.04
2021-11-05 16:12:30 +0530,127368,384.7,106.3,43.68,34.03
2021-11-05 16:13:00 +0530,127369,174.5,70.4,43.21,33.95
2021-11-05 16:13:30 +0530,127370,200.9,80.8,43.21,33.95
2021-11-05 16:14:00 +0530,127371,162.5,72.6,43.21,33.95
2021-11-05 16:14:30 +0530,127372,379.9,101.1,43.91,33.65
2021-11-05 16:15:00 +0530,127373,325.3,77.1,44.05,33.64
2021-11-05 16:15:30 +0530,127374,304.1,59.2,43.98,33.56
2021-11-05 16:16:00 +0530,127375,103.3,31.6,43.64,33.5
2021-11-05 16:16:30 +0530,127376,229.4,39.9,44.03,33.46
2021-11-05 16:17:00 +0530,127377,351.7,84.9,44.39,33.43
2021-11-05 16:17:30 +0530,127378,238.9,50.2,45.11,33.45
2021-11-05 16:18:00 +0530,127379,197.7,40.1,44.43,33.41
2021-11-05 16:18:30 +0530,127380,145.4,38.4,44.17,33.35
2021-11-05 16:19:00 +0530,127381,320.2,77.8,44.57,33.38
2021-11-05 16:19:30 +0530,127382,208.3,62.3,43.96,33.42
2021-11-05 16:20:00 +0530,127383,132.3,40.1,43.78,33.34
2021-11-05 16:20:30 +0530,127384,153.2,72.2,43.56,33.32
2021-11-05 16:21:00 +0530,127385,91.8,39.9,43.42,33.27
2021-11-05 16:21:30 +0530,127386,76.4,47.2,43.52,33.23
2021-11-05 16:22:00 +0530,127387,209.9,100.1,43.76,33.2
2021-11-05 16:22:30 +0530,127388,65.4,39.1,44.04,33.17
2021-11-05 16:23:00 +0530,127389,74.8,43.9,43.23,33.12
2021-11-05 16:23:30 +0530,127390,155.7,71.9,43.3,33.11
2021-11-05 16:24:00 +0530,127391,150.1,97.7,43.37,33.05
2021-11-05 16:24:30 +0530,127392,180.4,110.3,43.57,33.01
2021-11-05 16:25:00 +0530,127393,142.1,81.8,44.6,32.97
2021-11-05 16:25:30 +0530,127394,228.8,106.1,45.48,32.92
2021-11-05 16:26:00 +0530,127395,292.5,176.1,45.68,32.94
2021-11-05 16:26:30 +0530,127396,250.8,137.3,45.61,32.97
2021-11-05 16:27:00 +0530,127397,159.5,73.4,45.61,32.94
2021-11-05 16:27:30 +0530,127398,194.5,73.2,45.35,32.96
2021-11-05 16:28:00 +0530,127399,135.7,67.4,44.74,32.92
2021-11-05 16:28:30 +0530,127400,165.3,93.8,44.9,32.91
2021-11-05 16:29:00 +0530,127401,117.9,63.1,44.9,32.91
2021-11-05 16:29:30 +0530,127402,338.8,74.2,44.9,32.91
2021-11-05 16:30:00 +0530,127403,424.3,109.5,45.04,32.98
2021-11-05 16:30:30 +0530,127404,538.0,124.8,45.03,33.02
2021-11-05 16:31:00 +0530,127405,610.9,127.5,45.06,33.09
2021-11-05 16:31:30 +0530,127406,461.9,280.2,45.06,33.13
2021-11-05 16:32:00 +0530,127407,313.6,102.3,44.96,33.13
2021-11-05 16:32:30 +0530,127408,302.0,139.6,45.03,33.12
2021-11-05 16:33:00 +0530,127409,235.4,88.7,45.47,33.04
2021-11-05 16:33:30 +0530,127410,282.1,129.3,45.7,33.01
2021-11-05 16:34:00 +0530,127411,298.8,166.9,45.44,33.03
2021-11-05 16:34:30 +0530,127412,206.7,90.5,45.92,32.86
2021-11-05 16:35:00 +0530,127413,150.6,55.9,45.86,32.79
2021-11-05 16:35:30 +0530,127414,187.9,100.8,46.25,32.47
2021-11-05 16:36:00 +0530,127415,290.4,191.2,46.58,32.56
2021-11-05 16:36:30 +0530,127416,396.5,323.2,46.38,32.57
2021-11-05 16:37:00 +0530,127417,268.8,194.8,46.99,32.55
2021-11-05 16:37:30 +0530,127418,217.3,150.1,46.93,32.49
2021-11-05 16:38:00 +0530,127419,240.8,157.3,46.79,32.48
2021-11-05 16:38:30 +0530,127420,378.3,117.0,46.79,32.48
2021-11-05 16:39:00 +0530,127421,315.4,107.6,46.36,32.47
2021-11-05 16:39:30 +0530,127422,168.3,53.6,46.04,32.49
2021-11-05 16:40:00 +0530,127423,85.8,34.5,46.22,32.49
2021-11-05 16:40:30 +0530,127424,112.0,39.7,46.08,32.49
2021-11-05 16:41:00 +0530,127425,73.7,38.3,45.97,32.52
2021-11-05 16:41:30 +0530,127426,129.4,50.3,46.11,32.54
2021-11-05 16:42:00 +0530,127427,207.6,64.9,46.11,32.56
2021-11-05 16:42:30 +0530,127428,152.2,49.9,46.08,32.56
2021-11-05 16:43:00 +0530,127429,113.5,38.2,46.22,32.59
2021-11-05 16:43:30 +0530,127430,154.1,65.3,46.35,32.56
2021-11-05 16:44:00 +0530,127431,159.1,65.1,46.38,32.59
2021-11-05 16:44:30 +0530,127432,225.6,53.4,46.55,32.62
2021-11-05 16:45:00 +0530,127433,67.1,35.9,46.55,32.62
2021-11-05 16:45:30 +0530,127434,110.6,54.2,46.93,32.6
2021-11-05 16:46:00 +0530,127435,118.3,43.0,47.16,32.55
2021-11-05 16:46:30 +0530,127436,169.5,80.3,47.5,32.55
2021-11-05 16:47:00 +0530,127437,134.5,51.4,46.97,32.47
2021-11-05 16:47:30 +0530,127438,114.5,76.2,46.9,32.4
2021-11-05 16:48:00 +0530,127439,87.0,46.1,47.61,32.32
2021-11-05 16:48:30 +0530,127440,83.1,42.3,47.92,32.24
2021-11-05 16:49:00 +0530,127441,121.1,77.2,47.69,32.18
2021-11-05 16:49:30 +0530,127442,238.7,119.9,48.26,32.16
2021-11-05 16:50:00 +0530,127443,93.8,51.3,48.27,32.11
2021-11-05 16:50:30 +0530,127444,289.5,176.1,48.03,32.1
2021-11-05 16:51:00 +0530,127445,421.7,255.0,48.44,32.09
2021-11-05 16:51:30 +0530,127446,222.7,143.3,48.24,32.07
2021-11-05 16:52:00 +0530,127447,379.2,128.5,48.17,32.05
2021-11-05 16:52:30 +0530,127448,253.8,90.0,48.1,32.08
2021-11-05 16:53:00 +0530,127449,160.6,56.5,48.27,32.08
2021-11-05 16:53:30 +0530,127450,227.5,44.4,48.14,32.11
2021-11-05 16:54:00 +0530,127451,123.4,39.4,48.0,32.1
2021-11-05 16:54:30 +0530,127452,99.1,33.9,47.86,32.03
2021-11-05 16:55:00 +0530,127453,102.0,43.1,47.96,32.04
2021-11-05 16:55:30 +0530,127454,80.9,42.9,48.41,32.0
2021-11-05 16:56:00 +0530,127455,66.6,35.2,48.69,31.9
2021-11-05 16:56:30 +0530,127456,121.4,47.7,49.51,31.54
2021-11-05 16:57:00 +0530,127457,86.8,42.8,49.55,31.6
2021-11-05 16:57:30 +0530,127458,94.4,41.2,49.31,31.69
2021-11-05 16:58:00 +0530,127459,122.4,57.2,49.34,31.78
2021-11-05 16:58:30 +0530,127460,111.1,50.6,49.36,31.82
2021-11-05 16:59:00 +0530,127461,111.1,42.4,49.31,31.75
2021-11-05 16:59:30 +0530,127462,180.0,73.6,49.2,31.76
2021-11-05 17:00:00 +0530,127463,166.3,50.7,48.76,31.75
2021-11-05 17:00:30 +0530,127464,155.5,42.1,48.63,31.75
2021-11-05 17:01:00 +0530,127465,430.0,99.3,48.82,31.78
2021-11-05 17:01:30 +0530,127466,253.4,99.1,48.76,31.8
2021-11-05 17:02:00 +0530,127467,365.2,96.2,48.96,31.81
2021-11-05 17:02:30 +0530,127468,298.0,80.1,48.76,31.8
2021-11-05 17:03:00 +0530,127469,205.9,40.4,48.93,31.8
2021-11-05 17:03:30 +0530,127470,520.9,61.1,48.99,31.81
2021-11-05 17:04:00 +0530,127471,1051.1,147.8,49.16,31.82
2021-11-05 17:04:30 +0530,127472,749.4,106.2,49.33,31.82
2021-11-05 17:05:00 +0530,127473,209.1,58.3,49.16,31.8
2021-11-05 17:05:30 +0530,127474,136.5,46.8,49.0,31.76
2021-11-05 17:06:00 +0530,127475,130.8,43.7,49.37,31.74
2021-11-05 17:06:30 +0530,127476,100.3,35.4,49.21,31.53
2021-11-05 17:07:00 +0530,127477,72.8,33.4,49.73,31.3
2021-11-05 17:07:30 +0530,127478,91.2,37.3,50.71,31.15
2021-11-05 17:08:00 +0530,127479,74.7,29.4,50.08,30.89
2021-11-05 17:08:30 +0530,127480,62.4,30.1,51.14,30.55
2021-11-05 17:09:00 +0530,127481,68.0,35.4,51.54,30.68
2021-11-05 17:09:30 +0530,127482,134.1,40.1,51.1,30.84
2021-11-05 17:10:00 +0530,127483,79.8,34.1,51.23,30.92
2021-11-05 17:10:30 +0530,127484,53.5,34.6,50.85,30.94
2021-11-05 17:11:00 +0530,127485,62.4,33.9,51.12,30.95
2021-11-05 17:11:30 +0530,127486,58.5,35.6,51.19,30.95
2021-11-05 17:12:00 +0530,127487,72.5,37.6,51.16,30.95
2021-11-05 17:12:30 +0530,127488,126.9,87.9,50.99,30.93
2021-11-05 17:13:00 +0530,127489,77.2,40.9,50.62,30.94
2021-11-05 17:13:30 +0530,127490,90.3,60.8,50.52,30.95
2021-11-05 17:14:00 +0530,127491,88.5,52.8,50.79,30.95
2021-11-05 17:14:30 +0530,127492,88.3,35.3,51.5,30.82
2021-11-05 17:15:00 +0530,127493,95.2,42.6,51.86,30.8
2021-11-05 17:15:30 +0530,127494,129.7,49.8,51.77,30.72
2021-11-05 17:16:00 +0530,127495,113.1,45.4,52.72,30.69
2021-11-05 17:16:30 +0530,127496,87.6,46.2,52.51,30.68
2021-11-05 17:17:00 +0530,127497,146.7,46.4,52.98,30.72
2021-11-05 17:17:30 +0530,127498,158.3,102.3,52.39,30.72
2021-11-05 17:18:00 +0530,127499,78.0,38.2,52.24,30.7
2021-11-05 17:18:30 +0530,127500,81.6,39.9,52.89,30.69
2021-11-05 17:19:00 +0530,127501,71.4,37.9,53.3,30.69
2021-11-05 17:19:30 +0530,127502,121.7,57.4,52.92,30.71
2021-11-05 17:20:00 +0530,127503,70.2,40.8,52.54,30.72
2021-11-05 17:20:30 +0530,127504,95.2,44.1,52.74,30.71
2021-11-05 17:21:00 +0530,127505,83.8,42.3,53.07,30.67
2021-11-05 17:21:30 +0530,127506,135.9,44.1,53.1,30.69
2021-11-05 17:22:00 +0530,127507,150.3,84.2,52.86,30.7
2021-11-05 17:22:30 +0530,127508,95.0,64.8,52.59,30.67
2021-11-05 17:23:00 +0530,127509,62.2,37.2,52.98,30.68
2021-11-05 17:23:30 +0530,127510,81.8,43.1,52.51,30.72
2021-11-05 17:24:00 +0530,127511,77.8,48.9,52.62,30.71
2021-11-05 17:24:30 +0530,127512,93.8,53.1,52.51,30.77
2021-11-05 17:25:00 +0530,127513,76.6,42.2,52.42,30.76
2021-11-05 17:25:30 +0530,127514,109.1,57.4,52.62,30.77
2021-11-05 17:26:00 +0530,127515,83.9,42.3,52.39,30.75
2021-11-05 17:26:30 +0530,127516,123.9,36.6,52.24,30.75
2021-11-05 17:27:00 +0530,127517,70.3,35.7,52.07,30.75
2021-11-05 17:27:30 +0530,127518,64.7,33.3,52.1,30.75
2021-11-05 17:28:00 +0530,127519,120.1,41.1,52.13,30.77
2021-11-05 17:28:30 +0530,127520,85.9,41.6,52.04,30.81
2021-11-05 17:29:00 +0530,127521,91.8,40.1,52.1,30.8
2021-11-05 17:29:30 +0530,127522,105.0,41.9,52.39,30.8
2021-11-05 17:30:00 +0530,127523,68.4,38.8,52.36,30.79
2021-11-05 17:30:30 +0530,127524,92.6,48.1,52.21,30.8
2021-11-05 17:31:00 +0530,127525,91.0,49.5,52.39,30.81
2021-11-05 17:31:30 +0530,127526,104.4,65.9,52.21,30.82
2021-11-05 17:32:00 +0530,127527,120.9,74.4,52.27,30.86
2021-11-05 17:32:30 +0530,127528,174.2,106.6,52.27,30.92
2021-11-05 17:33:00 +0530,127529,120.7,78.6,52.15,30.97
2021-11-05 17:33:30 +0530,127530,92.8,58.1,51.83,31.01
2021-11-05 17:34:00 +0530,127531,114.0,60.8,51.88,31.02
2021-11-05 17:34:30 +0530,127532,125.6,48.8,51.53,31.07
2021-11-05 17:35:00 +0530,127533,96.1,71.2,51.59,31.08
2021-11-05 17:35:30 +0530,127534,411.2,344.4,51.12,31.07
2021-11-05 17:36:00 +0530,127535,222.1,180.2,51.33,31.05
2021-11-05 17:36:30 +0530,127536,395.4,269.7,51.43,31.07
2021-11-05 17:37:00 +0530,127537,253.3,162.7,51.73,31.06
2021-11-05 17:37:30 +0530,127538,449.5,372.6,51.46,31.02
2021-11-05 17:38:00 +0530,127539,479.2,378.0,51.8,31.06
2021-11-05 17:38:30 +0530,127540,259.9,181.9,51.76,31.04
2021-11-05 17:39:00 +0530,127541,73.1,54.3,51.4,30.99
2021-11-05 17:39:30 +0530,127542,65.0,43.9,51.53,30.98
2021-11-05 17:40:00 +0530,127543,81.5,55.9,51.53,30.95
2021-11-05 17:40:30 +0530,127544,83.5,47.3,51.83,30.95
2021-11-05 17:41:00 +0530,127545,71.3,45.8,51.5,30.91
2021-11-05 17:41:30 +0530,127546,102.2,63.3,51.6,30.86
2021-11-05 17:42:00 +0530,127547,103.6,49.3,51.67,30.85
2021-11-05 17:42:30 +0530,127548,212.3,143.0,51.86,30.78
2021-11-05 17:43:00 +0530,127549,111.9,53.3,52.39,30.78
2021-11-05 17:43:30 +0530,127550,137.3,76.0,52.04,30.81
2021-11-05 17:44:00 +0530,127551,95.7,45.7,51.98,30.86
2021-11-05 17:44:30 +0530,127552,120.3,70.3,51.98,30.91
2021-11-05 17:45:00 +0530,127553,123.8,84.6,51.63,30.95
2021-11-05 17:45:30 +0530,127554,152.3,102.1,51.59,30.99
2021-11-05 17:46:00 +0530,127555,140.5,102.3,51.59,30.94
2021-11-05 17:46:30 +0530,127556,193.8,150.4,51.73,30.92
2021-11-05 17:47:00 +0530,127557,292.0,188.6,52.27,30.87
2021-11-05 17:47:30 +0530,127558,222.4,136.2,52.15,30.87
2021-11-05 17:48:00 +0530,127559,165.1,61.2,52.42,30.91
2021-11-05 17:48:30 +0530,127560,243.4,172.1,52.15,30.95
2021-11-05 17:49:00 +0530,127561,215.0,157.8,51.88,30.99
2021-11-05 17:49:30 +0530,127562,157.2,123.8,51.66,31.04
2021-11-05 17:50:00 +0530,127563,153.8,112.6,51.73,31.06
2021-11-05 17:50:30 +0530,127564,197.8,152.1,51.52,31.09
2021-11-05 17:51:00 +0530,127565,140.6,93.3,51.35,31.09
2021-11-05 17:51:30 +0530,127566,119.6,80.1,51.39,31.1
2021-11-05 17:52:00 +0530,127567,83.3,49.8,51.23,31.04
2021-11-05 17:52:30 +0530,127568,79.0,57.4,51.43,31.01
2021-11-05 17:53:00 +0530,127569,101.1,65.9,51.53,30.95
2021-11-05 17:53:30 +0530,127570,111.0,84.9,51.69,30.97
2021-11-05 17:54:00 +0530,127571,97.4,67.7,51.91,30.95
2021-11-05 17:54:30 +0530,127572,118.6,81.1,51.88,30.97
2021-11-05 17:55:00 +0530,127573,83.8,45.9,51.83,31.0
2021-11-05 17:55:30 +0530,127574,82.7,42.8,51.59,30.95
2021-11-05 17:56:00 +0530,127575,85.3,51.8,51.5,30.96
2021-11-05 17:56:30 +0530,127576,87.9,43.3,51.46,30.98
2021-11-05 17:57:00 +0530,127577,99.4,44.6,51.36,30.99
2021-11-05 17:57:30 +0530,127578,95.0,49.4,51.59,31.0
2021-11-05 17:58:00 +0530,127579,75.4,44.4,51.69,31.0
2021-11-05 17:58:30 +0530,127580,69.2,39.9,51.26,31.0
2021-11-05 17:59:00 +0530,127581,54.5,37.2,51.09,30.97
2021-11-05 17:59:30 +0530,127582,54.9,35.1,51.4,30.97
2021-11-05 18:00:00 +0530,127583,55.2,36.1,51.5,30.92
2021-11-05 18:00:30 +0530,127584,64.8,40.4,51.91,30.89
2021-11-05 18:01:00 +0530,127585,78.7,50.7,51.88,30.92
2021-11-05 18:01:30 +0530,127586,114.2,72.1,52.15,30.96
2021-11-05 18:02:00 +0530,127587,91.6,54.7,51.83,30.99
2021-11-05 18:02:30 +0530,127588,72.3,51.2,51.59,30.99
2021-11-05 18:03:00 +0530,127589,90.9,50.7,51.5,31.01
2021-11-05 18:03:30 +0530,127590,121.9,53.7,51.76,31.07
2021-11-05 18:04:00 +0530,127591,112.0,53.3,51.43,31.07
2021-11-05 18:04:30 +0530,127592,93.1,44.6,51.29,31.1
2021-11-05 18:05:00 +0530,127593,87.0,43.7,51.49,31.12
2021-11-05 18:05:30 +0530,127594,109.8,63.8,51.29,31.14
2021-11-05 18:06:00 +0530,127595,123.2,62.4,51.35,31.15
2021-11-05 18:06:30 +0530,127596,124.1,59.1,50.92,31.19
2021-11-05 18:07:00 +0530,127597,108.3,72.0,51.25,31.19
2021-11-05 18:07:30 +0530,127598,140.6,77.7,50.98,31.22
2021-11-05 18:08:00 +0530,127599,116.3,74.4,50.95,31.24
2021-11-05 18:08:30 +0530,127600,127.0,79.9,50.92,31.25
2021-11-05 18:09:00 +0530,127601,111.8,68.8,50.95,31.22
2021-11-05 18:09:30 +0530,127602,95.4,62.1,51.25,31.23
2021-11-05 18:10:00 +0530,127603,165.1,88.4,51.01,31.22
2021-11-05 18:10:30 +0530,127604,211.5,139.2,51.11,31.24
2021-11-05 18:11:00 +0530,127605,122.0,78.9,50.74,31.28
2021-11-05 18:11:30 +0530,127606,103.6,55.4,50.91,31.27
2021-11-05 18:12:00 +0530,127607,84.9,56.8,50.77,31.27
2021-11-05 18:12:30 +0530,127608,97.5,68.9,50.88,31.22
2021-11-05 18:13:00 +0530,127609,125.5,100.3,50.92,31.19
2021-11-05 18:13:30 +0530,127610,117.1,84.4,50.88,31.14
2021-11-05 18:14:00 +0530,127611,92.2,57.7,51.08,31.1
2021-11-05 18:14:30 +0530,127612,83.1,35.7,50.99,31.04
2021-11-05 18:15:00 +0530,127613,75.4,37.9,51.74,30.76
2021-11-05 18:15:30 +0530,127614,104.7,47.1,51.91,30.81
2021-11-05 18:16:00 +0530,127615,115.0,55.4,51.95,30.85
2021-11-05 18:16:30 +0530,127616,167.4,63.7,52.01,30.85
2021-11-05 18:17:00 +0530,127617,301.1,50.2,51.98,30.87
2021-11-05 18:17:30 +0530,127618,180.8,50.6,51.89,30.89
2021-11-05 18:18:00 +0530,127619,151.7,44.1,51.64,30.91
2021-11-05 18:18:30 +0530,127620,426.9,70.1,51.77,30.91
2021-11-05 18:19:00 +0530,127621,430.5,69.8,51.89,30.9
2021-11-05 18:19:30 +0530,127622,461.5,77.2,51.6,30.87
2021-11-05 18:20:00 +0530,127623,791.8,93.4,51.64,30.89
2021-11-05 18:20:30 +0530,127624,486.0,216.2,51.77,30.9
2021-11-05 18:21:00 +0530,127625,451.4,118.7,51.74,30.89
2021-11-05 18:21:30 +0530,127626,147.3,45.7,51.77,30.79
2021-11-05 18:22:00 +0530,127627,179.4,66.3,51.95,30.79
2021-11-05 18:22:30 +0530,127628,106.9,45.1,51.98,30.79
2021-11-05 18:23:00 +0530,127629,214.7,54.1,52.04,30.78
2021-11-05 18:23:30 +0530,127630,122.2,47.4,51.86,30.75
2021-11-05 18:24:00 +0530,127631,189.8,55.6,51.89,30.7
2021-11-05 18:24:30 +0530,127632,248.4,59.8,51.95,30.67
2021-11-05 18:25:00 +0530,127633,203.0,64.1,52.39,30.67
2021-11-05 18:25:30 +0530,127634,94.8,43.8,52.42,30.6
2021-11-05 18:26:00 +0530,127635,86.6,38.2,53.19,30.45
2021-11-05 18:26:30 +0530,127636,115.1,59.5,53.54,30.34
2021-11-05 18:27:00 +0530,127637,125.2,67.6,53.16,30.33
2021-11-05 18:27:30 +0530,127638,66.3,37.2,53.1,30.26
2021-11-05 18:28:00 +0530,127639,83.7,32.9,53.07,30.17
2021-11-05 18:28:30 +0530,127640,83.1,32.8,53.39,30.06
2021-11-05 18:29:00 +0530,127641,80.1,35.6,53.6,30.06
2021-11-05 18:29:30 +0530,127642,106.2,41.4,53.75,30.07
2021-11-05 18:30:00 +0530,127643,75.3,33.7,53.49,30.06
2021-11-05 18:30:30 +0530,127644,86.6,37.9,53.55,30.06
2021-11-05 18:31:00 +0530,127645,74.6,31.4,53.63,29.81
2021-11-05 18:31:30 +0530,127646,57.4,35.4,54.04,29.63
2021-11-05 18:32:00 +0530,127647,84.5,31.3,54.72,29.5
2021-11-05 18:32:30 +0530,127648,93.0,40.9,54.78,29.65
2021-11-05 18:33:00 +0530,127649,72.9,30.9,54.49,29.67
2021-11-05 18:33:30 +0530,127650,77.4,33.2,54.46,29.63
2021-11-05 18:34:00 +0530,127651,150.2,70.4,54.58,29.64
2021-11-05 18:34:30 +0530,127652,373.9,236.9,54.52,29.66
2021-11-05 18:35:00 +0530,127653,555.7,368.1,54.55,29.75
2021-11-05 18:35:30 +0530,127654,185.6,85.6,54.55,29.8
2021-11-05 18:36:00 +0530,127655,202.4,60.4,54.28,29.79
2021-11-05 18:36:30 +0530,127656,240.8,43.1,54.2,29.8
2021-11-05 18:37:00 +0530,127657,117.4,39.3,54.25,29.82
2021-11-05 18:37:30 +0530,127658,78.4,37.6,54.39,29.83
2021-11-05 18:38:00 +0530,127659,58.7,37.8,54.28,29.75
2021-11-05 18:38:30 +0530,127660,208.6,37.9,54.46,29.76
2021-11-05 18:39:00 +0530,127661,266.6,38.5,54.42,29.8
2021-11-05 18:39:30 +0530,127662,99.4,34.0,53.81,29.8
2021-11-05 18:40:00 +0530,127663,55.3,34.1,54.28,29.8
2021-11-05 18:40:30 +0530,127664,59.5,33.9,54.04,29.77
2021-11-05 18:41:00 +0530,127665,49.2,33.8,54.55,29.71
