,Date Time, Monitor ID, Location ID, CO_ppm,data.temp_c,data.hum_prcnt,data.press_hpa,data.eq_db,data.onesmin_db,data.onesmax_db,data.co_ppm,data.no2_ppb,data.co_mv,data.no2_mv,data.x_g,data.y_g,data.z_g,data.x_raw,data.y_raw,data.z_raw,data.lux_lx,data.uv_mwpm2,data.nc0p5_npcm3,data.nc1p0_npcm3,data.nc2p5_npcm3,data.nc4p0_npcm3,data.nc10p0_npcm3,data.mc1p0_ugpm3,data.mc2p5_ugpm3,data.mc4p0_ugpm3,data.mc10p0_ugpm3,data.typ_pm_um,data.ozone_ppm,data.ozone_volt_mv,data.tvoc_ppb,data.batt_prcnt,data.batt_volt,data.bme280_int,data.speco3_int,data.mic_int,data.mic4514_int,data.mic4514pre_int,data.sgpc3_int,data.sps30_int,data.sps30pre_int,data.lis3dh_int,data.si1133_int,data.batt_int,data.leds_on,data.code_version,data.gps_avg_snr,data.cell_strength_dbm,data.wifi_strength_dbm,data.wifi_strength_asl,data.location.lat,data.location.lon,data.location.acc,data.timestamp
4,2021-06-26 19:42:00,1,1,1.19,31.56,33.685,938.261,52.168,50.082,53.45,547.0,2528.0,2036.0,1206.0,0.0,-0.016,-0.16,64768.0,0.0,62976.0,44.197,0.502,39.308,44.798,44.946,44.973,44.986,5.632,5.994,6.025,6.031,0.542,0.0,633.0,0.0,63.0,3706.0,30.0,30.0,30.0,30.0,120.0,30.0,30.0,30.0,30.0,30.0,30.0,1.0,1.0,0.0,,-56.0,4.0,17.445,78.35,14.542,1624716755911.0
7,2021-06-26 19:45:00,1,1,1.06,31.34,32.749,938.188,50.987,49.935,52.002,548.0,2482.0,2032.0,1195.0,-0.016,0.0,0.048,65280.0,0.0,768.0,44.322,0.434,38.268,43.555,43.66,43.678,43.69,5.471,5.785,5.785,5.785,0.521,0.0,424.0,0.0,62.0,3725.0,30.0,30.0,30.0,30.0,120.0,30.0,30.0,30.0,30.0,30.0,30.0,1.0,1.0,0.0,,-56.0,4.0,17.445,78.35,14.542,1624716915435.0
14,2021-06-26 19:52:00,1,1,0.83,30.96,32.153,937.925,52.858,48.236,56.88,541.0,2457.0,2017.0,1189.0,0.016,0.016,0.032,256.0,256.0,512.0,44.103,0.039,34.599,39.439,39.574,39.598,39.61,4.959,5.282,5.313,5.32,0.579,0.0,157.0,0.0,62.0,3704.0,30.0,30.0,30.0,30.0,120.0,30.0,30.0,30.0,30.0,30.0,30.0,1.0,1.0,0.0,,-56.0,4.0,17.445,78.35,14.542,1624717339137.0
33,2021-06-26 20:11:00,1,1,0.46,31.1,35.502,938.235,53.0,37.374,58.714,544.0,2539.0,2027.0,1210.0,-0.016,0.0,-0.048,65280.0,0.0,64768.0,44.197,0.47,34.436,39.194,39.289,39.305,39.316,4.923,5.206,5.206,5.207,0.548,38.0,-749.0,0.0,61.0,3686.0,30.0,30.0,30.0,30.0,120.0,30.0,30.0,30.0,30.0,30.0,30.0,1.0,1.0,0.0,,-56.0,4.0,17.445,78.35,14.542,1624718472597.0
40,2021-06-26 20:18:00,1,1,0.9,31.09,39.14,938.451,55.379,48.817,59.667,660.0,2682.0,2347.0,1247.0,-0.048,0.016,0.096,64768.0,256.0,1536.0,44.072,0.449,38.4,43.786,43.947,43.976,43.989,5.507,5.876,5.918,5.927,0.584,25.0,-490.0,0.0,60.0,3677.0,30.0,30.0,30.0,30.0,120.0,30.0,30.0,30.0,30.0,30.0,30.0,1.0,1.0,0.0,,-56.0,4.0,17.445,78.35,14.542,1624718898250.0
45,2021-06-26 20:23:00,1,1,0.57,30.86,35.931,938.46,55.652,48.065,61.402,787.0,3396.0,2704.0,1439.0,0.016,-0.032,-0.016,256.0,65024.0,65280.0,44.166,0.117,33.358,37.999,38.113,38.133,38.144,4.776,5.071,5.089,5.092,0.562,0.0,308.0,0.0,60.0,3673.0,30.0,30.0,30.0,30.0,120.0,30.0,30.0,30.0,30.0,30.0,30.0,1.0,1.0,0.0,,-56.0,4.0,17.445,78.35,14.542,1624719223330.0
50,2021-06-26 20:28:00,1,1,0.0,30.71,36.825,938.638,46.96,37.51,53.684,788.0,3392.0,2700.0,1446.0,-0.016,0.0,-0.112,65280.0,0.0,63744.0,43.822,0.449,37.963,43.211,43.316,43.334,43.346,5.428,5.741,5.742,5.742,0.552,22.0,-435.0,0.0,59.0,3673.0,30.0,30.0,30.0,30.0,120.0,30.0,30.0,30.0,30.0,30.0,30.0,1.0,1.0,0.0,,-56.0,4.0,17.445,78.35,14.542,1624719492016.0
56,2021-06-26 20:34:00,1,1,0.5,30.91,37.156,938.8,50.337,37.214,56.964,786.0,3407.0,2705.0,1451.0,-0.016,-0.016,-0.048,65280.0,65280.0,64768.0,44.322,0.257,32.035,36.485,36.589,36.607,36.618,4.585,4.863,4.876,4.878,0.571,27.0,-529.0,0.0,59.0,3664.0,30.0,30.0,30.0,30.0,120.0,30.0,30.0,30.0,30.0,30.0,30.0,1.0,1.0,0.0,,-56.0,4.0,17.445,78.35,14.542,1624719885323.0
62,2021-06-26 20:40:00,1,1,0.76,30.96,39.491,938.824,53.804,47.136,59.053,779.0,3317.0,2675.0,1427.0,-0.016,0.016,0.048,65280.0,256.0,768.0,44.353,0.173,34.726,39.589,39.729,39.755,39.767,4.978,5.307,5.342,5.348,0.57,21.0,-424.0,0.0,59.0,3662.0,30.0,30.0,30.0,30.0,120.0,30.0,30.0,30.0,30.0,30.0,30.0,1.0,1.0,0.0,,-56.0,4.0,17.445,78.35,14.542,1624720223157.0
67,2021-06-26 20:45:00,1,1,1.02,30.81,37.172,938.929,57.595,50.005,63.598,773.0,3221.0,2658.0,1393.0,0.0,0.0,-0.048,0.0,0.0,64768.0,44.166,0.569,32.401,36.878,36.966,36.981,36.991,4.632,4.898,4.898,4.898,0.547,0.0,265.0,0.0,59.0,3651.0,30.0,30.0,30.0,30.0,120.0,30.0,30.0,30.0,30.0,30.0,30.0,1.0,1.0,0.0,,-56.0,4.0,17.445,78.35,14.542,1624720555847.0
72,2021-06-26 20:50:00,1,1,0.65,30.61,35.271,938.916,51.673,45.381,58.08,769.0,3121.0,2652.0,1374.0,-0.016,0.0,0.032,65280.0,0.0,512.0,43.825,0.616,40.305,45.915,46.053,46.078,46.091,5.771,6.129,6.151,6.155,0.579,0.0,273.0,0.0,58.0,3655.0,30.0,30.0,30.0,30.0,120.0,30.0,30.0,30.0,30.0,30.0,30.0,1.0,1.0,0.0,,-56.0,4.0,17.445,78.35,14.542,1624720841948.0
76,2021-06-26 20:54:00,1,1,0.2,30.43,34.69,938.964,48.831,41.063,63.656,765.0,3067.0,2643.0,1359.0,-0.032,-0.016,0.032,65024.0,65280.0,512.0,43.794,0.379,32.339,36.864,36.991,37.014,37.025,4.635,4.939,4.968,4.974,0.58,1.0,-14.0,0.0,58.0,3645.0,30.0,30.0,30.0,30.0,120.0,30.0,30.0,30.0,30.0,30.0,30.0,1.0,1.0,0.0,-53.0,-53.0,4.0,17.445,78.35,14.341,1624721083654.0
77,2021-06-26 20:55:00,1,1,0.1,30.42,34.816,938.932,56.173,41.445,65.041,764.5,3071.0,2642.0,1361.5,-0.04,-0.016,0.0,64896.0,32512.0,32768.0,43.335,0.257,34.374,39.159,39.278,39.299,39.311,4.922,5.228,5.247,5.251,0.572,7.0,-134.0,0.0,58.0,3664.5,30.0,30.0,30.0,30.0,120.0,30.0,30.0,30.0,30.0,30.0,30.0,1.0,1.0,0.0,2147483647.0,-51.5,4.0,17.445,78.35,14.343,1624721130062.0
78,2021-06-26 20:56:00,1,1,0.04,30.43,34.942,938.97,46.691,37.873,62.837,767.0,3085.0,2644.0,1359.0,-0.064,0.0,0.128,64512.0,0.0,2048.0,33.111,0.173,28.129,32.041,32.135,32.152,32.161,4.027,4.275,4.288,4.291,0.572,13.0,-268.0,0.0,58.0,3651.0,30.0,30.0,30.0,30.0,120.0,30.0,30.0,30.0,30.0,30.0,30.0,1.0,1.0,0.0,,-55.0,4.0,17.445,78.35,13.47,1624721186617.0
82,2021-06-26 21:00:00,1,1,0.0,30.54,35.483,938.983,37.481,36.937,38.088,764.0,3082.0,2639.0,1360.0,-0.016,-0.016,0.016,65280.0,65280.0,256.0,33.205,0.387,39.739,45.229,45.338,45.356,45.369,5.681,6.007,6.007,6.007,0.534,34.0,-676.0,0.0,58.0,3650.0,30.0,30.0,30.0,30.0,120.0,30.0,30.0,30.0,30.0,30.0,30.0,1.0,1.0,0.0,,-55.0,4.0,17.445,78.35,13.47,1624721434147.0
89,2021-06-26 21:07:00,1,1,0.0,30.79,35.708,938.945,36.991,36.695,37.212,760.0,3017.0,2635.0,1356.0,0.0,-0.016,0.0,0.0,65280.0,0.0,33.111,0.365,30.424,34.627,34.711,34.725,34.734,4.349,4.599,4.599,4.599,0.535,23.0,-451.0,0.0,57.0,3646.0,30.0,30.0,30.0,30.0,120.0,30.0,30.0,30.0,30.0,30.0,30.0,1.0,1.0,0.0,,-55.0,4.0,17.445,78.35,13.47,1624721829553.0
93,2021-06-26 21:11:00,1,1,0.0,30.91,35.971,938.959,37.118,36.677,37.402,758.0,3014.0,2627.0,1342.0,-0.032,0.016,-0.032,65024.0,256.0,65024.0,33.33,0.616,34.371,39.119,39.214,39.23,39.24,4.913,5.196,5.196,5.196,0.539,21.0,-411.0,0.0,57.0,3642.0,30.0,30.0,30.0,30.0,120.0,30.0,30.0,30.0,30.0,30.0,30.0,1.0,1.0,0.0,,-55.0,4.0,17.445,78.35,13.47,1624722109876.0
99,2021-06-26 21:17:00,1,1,0.0,31.05,36.018,939.096,37.888,37.577,38.153,759.0,3014.0,2632.0,1336.0,0.016,-0.016,0.032,256.0,65280.0,512.0,33.267,0.101,33.93,38.618,38.71,38.726,38.737,4.85,5.129,5.129,5.129,0.525,16.0,-310.0,0.0,57.0,3637.0,30.0,30.0,30.0,30.0,120.0,30.0,30.0,30.0,30.0,30.0,30.0,1.0,1.0,0.0,,-55.0,4.0,17.445,78.35,13.47,1624722444393.0
106,2021-06-26 21:24:00,1,1,0.0,31.21,36.322,939.175,37.975,37.446,38.339,756.0,2975.0,2615.0,1330.0,0.0,-0.016,0.0,0.0,65280.0,0.0,33.267,0.023,35.626,40.548,40.645,40.662,40.673,5.093,5.385,5.385,5.386,0.525,19.0,-385.0,0.0,56.0,3629.0,30.0,30.0,30.0,30.0,120.0,30.0,30.0,30.0,30.0,30.0,30.0,1.0,1.0,0.0,,-55.0,4.0,17.445,78.35,13.47,1624722851942.0
112,2021-06-26 21:30:00,1,1,0.0,31.33,36.645,939.109,38.188,37.686,38.45,753.0,2957.0,2608.0,1325.0,-0.016,0.0,-0.016,65280.0,0.0,65280.0,33.142,0.287,37.799,43.06,43.19,43.213,43.225,5.412,5.748,5.768,5.772,0.557,19.0,-379.0,0.0,56.0,3635.0,30.0,30.0,30.0,30.0,120.0,30.0,30.0,30.0,30.0,30.0,30.0,1.0,1.0,0.0,,-55.0,4.0,17.445,78.35,13.47,1624723250592.0
119,2021-06-26 21:37:00,1,1,0.0,31.42,36.87,939.164,38.197,37.562,38.857,751.0,2925.0,2601.0,1319.0,0.0,0.016,0.096,0.0,256.0,1536.0,33.267,0.676,31.907,36.315,36.403,36.418,36.427,4.561,4.823,4.823,4.823,0.549,18.0,-357.0,0.0,56.0,3628.0,30.0,30.0,30.0,30.0,120.0,30.0,30.0,30.0,30.0,30.0,30.0,1.0,1.0,0.0,,-55.0,4.0,17.445,78.35,13.47,1624723625623.0
125,2021-06-26 21:43:00,1,1,0.0,31.52,37.12,939.18,37.471,37.085,37.927,746.0,2914.0,2591.0,1312.0,0.032,0.0,0.096,512.0,0.0,1536.0,33.299,0.75,31.897,36.324,36.425,36.443,36.453,4.564,4.84,4.85,4.852,0.568,16.0,-311.0,0.0,55.0,3625.0,30.0,30.0,30.0,30.0,120.0,30.0,30.0,30.0,30.0,30.0,30.0,1.0,1.0,0.0,,-55.0,4.0,17.445,78.35,13.47,1624724039177.0
130,2021-06-26 21:48:00,1,1,0.0,31.58,37.247,939.188,37.445,37.019,37.769,743.0,2878.0,2587.0,1312.0,-0.016,0.0,-0.064,65280.0,0.0,64512.0,33.205,0.078,35.475,40.393,40.502,40.521,40.532,5.075,5.377,5.386,5.388,0.57,13.0,-269.0,0.0,55.0,3620.0,30.0,30.0,30.0,30.0,120.0,30.0,30.0,30.0,30.0,30.0,30.0,1.0,1.0,0.0,,-55.0,4.0,17.445,78.35,13.47,1624724338741.0
137,2021-06-26 21:55:00,1,1,0.0,31.66,37.399,939.254,37.798,37.398,38.724,743.0,2889.0,2580.0,1311.0,-0.032,-0.032,-0.096,65024.0,65024.0,64000.0,33.267,0.47,35.065,39.91,40.006,40.023,40.033,5.013,5.301,5.301,5.301,0.545,15.0,-293.0,0.0,55.0,3620.0,30.0,30.0,30.0,30.0,120.0,30.0,30.0,30.0,30.0,30.0,30.0,1.0,1.0,0.0,,-55.0,4.0,17.445,78.35,13.47,1624724731483.0
143,2021-06-26 22:01:00,1,1,0.0,31.75,37.417,939.311,37.777,37.353,38.174,743.0,2889.0,2576.0,1305.0,-0.048,-0.016,-0.048,64768.0,65280.0,64768.0,33.361,0.624,30.151,34.33,34.422,34.438,34.448,4.313,4.758,4.775,4.778,0.573,16.0,-313.0,0.0,54.0,3606.0,30.0,30.0,30.0,30.0,120.0,30.0,30.0,30.0,30.0,30.0,30.0,1.0,1.0,0.0,,-55.0,4.0,17.445,78.35,13.47,1624725099413.0
149,2021-06-26 22:07:00,1,1,0.0,31.82,37.436,939.402,38.338,38.065,38.631,741.0,2867.0,2573.0,1309.0,0.0,0.016,-0.064,0.0,256.0,64512.0,33.541,0.14,32.431,36.916,37.008,37.024,37.034,4.637,4.906,4.909,4.909,0.56,18.0,-354.0,0.0,54.0,3600.0,30.0,30.0,30.0,30.0,120.0,30.0,30.0,30.0,30.0,30.0,30.0,1.0,1.0,0.0,,-55.0,4.0,17.445,78.35,13.47,1624725439989.0
151,2021-06-26 22:09:00,1,1,0.0,31.85,37.39,939.532,39.459,38.736,39.961,742.0,2867.0,2575.0,1307.0,0.016,-0.032,-0.112,256.0,65024.0,63744.0,33.33,0.549,27.881,31.763,31.859,31.876,31.885,3.992,4.24,4.255,4.258,0.572,28.0,-555.0,0.0,54.0,3604.0,30.0,30.0,30.0,30.0,120.0,30.0,30.0,30.0,30.0,30.0,30.0,1.0,1.0,0.0,,-55.0,4.0,17.445,78.35,13.47,1624725591393.0
156,2021-06-26 22:14:00,1,1,0.0,31.91,37.419,939.542,38.94,38.087,39.489,739.0,2878.0,2578.0,1304.0,-0.032,-0.016,-0.016,65024.0,65280.0,65280.0,33.33,0.426,34.268,39.059,39.191,39.215,39.226,4.911,5.229,5.259,5.265,0.572,22.0,-448.0,0.0,54.0,3611.0,30.0,30.0,30.0,30.0,120.0,30.0,30.0,30.0,30.0,30.0,30.0,1.0,1.0,0.0,,-55.0,4.0,17.445,78.35,13.47,1624725852398.0
170,2021-06-26 22:28:00,1,1,0.0,32.1,37.543,939.503,38.946,38.306,39.582,740.0,2889.0,2571.0,1308.0,-0.016,-0.016,0.032,65280.0,65280.0,512.0,33.267,0.218,33.208,37.829,37.942,37.962,37.973,4.754,5.049,5.066,5.069,0.559,25.0,-505.0,0.0,53.0,3603.0,30.0,30.0,30.0,30.0,120.0,30.0,30.0,30.0,30.0,30.0,30.0,1.0,1.0,0.0,,-55.0,4.0,17.445,78.35,13.47,1624726738745.0
177,2021-06-26 22:35:00,1,1,0.0,32.16,37.609,939.55,39.047,38.748,39.317,737.0,2875.0,2567.0,1303.0,0.016,-0.016,0.0,256.0,65280.0,0.0,33.392,0.51,34.372,39.122,39.217,39.233,39.244,4.914,5.197,5.198,5.198,0.553,14.0,-287.0,0.0,53.0,3598.0,30.0,30.0,30.0,30.0,120.0,30.0,30.0,30.0,30.0,30.0,30.0,1.0,1.0,0.0,,-55.0,4.0,17.445,78.35,13.47,1624727105579.0
182,2021-06-26 22:40:00,1,1,0.0,32.21,37.758,939.58,39.185,38.805,39.499,734.0,2864.0,2559.0,1303.0,-0.016,0.0,0.0,65280.0,0.0,0.0,33.299,0.463,36.958,42.064,42.165,42.183,42.194,5.283,5.587,5.587,5.587,0.513,10.0,-201.0,0.0,53.0,3598.0,30.0,30.0,30.0,30.0,120.0,30.0,30.0,30.0,30.0,30.0,30.0,1.0,1.0,0.0,,-55.0,4.0,17.445,78.35,13.47,1624727405019.0
189,2021-06-26 22:47:00,1,1,0.0,32.28,37.716,939.608,38.556,38.136,39.095,735.0,2864.0,2560.0,1304.0,-0.016,-0.032,0.048,65280.0,65024.0,768.0,33.361,0.601,31.997,36.418,36.506,36.521,36.53,4.574,4.837,4.837,4.837,0.547,19.0,-378.0,0.0,53.0,3588.0,30.0,30.0,30.0,30.0,120.0,30.0,30.0,30.0,30.0,30.0,30.0,1.0,1.0,0.0,,-55.0,4.0,17.445,78.35,13.47,1624727866890.0
196,2021-06-26 22:54:00,1,1,0.0,32.34,37.854,939.505,38.658,38.29,39.203,732.0,2853.0,2549.0,1299.0,-0.016,-0.016,0.048,65280.0,65280.0,768.0,33.205,0.426,32.866,37.406,37.496,37.512,37.522,4.698,4.968,4.968,4.968,0.524,13.0,-267.0,0.0,52.0,3588.0,30.0,30.0,30.0,30.0,120.0,30.0,30.0,30.0,30.0,30.0,30.0,1.0,1.0,0.0,,-55.0,4.0,17.445,78.35,13.47,1624728292269.0
203,2021-06-26 23:01:00,1,1,0.0,32.39,37.919,939.687,38.637,38.179,39.18,732.0,2860.0,2546.0,1297.0,0.032,0.0,0.032,512.0,0.0,512.0,33.572,0.156,32.669,37.182,37.272,37.287,37.297,4.67,4.939,4.939,4.939,0.501,13.0,-256.0,0.0,52.0,3577.0,30.0,30.0,30.0,30.0,120.0,30.0,30.0,30.0,30.0,30.0,30.0,1.0,1.0,0.0,,-55.0,4.0,17.445,78.35,13.47,1624728690993.0
206,2021-06-26 23:04:00,1,1,0.0,32.41,37.981,939.726,38.753,38.474,38.999,731.0,2853.0,2541.0,1299.0,-0.016,0.0,0.112,65280.0,0.0,1792.0,33.361,0.608,34.613,39.396,39.49,39.507,39.517,4.948,5.232,5.232,5.232,0.543,17.0,-341.0,0.0,51.0,3586.0,30.0,30.0,30.0,30.0,120.0,30.0,30.0,30.0,30.0,30.0,30.0,1.0,1.0,0.0,,-55.0,4.0,17.445,78.35,13.47,1624728865427.0
210,2021-06-26 23:08:00,1,1,0.0,32.43,37.971,939.732,38.484,37.837,39.011,731.0,2835.0,2545.0,1298.0,0.032,0.016,0.096,512.0,256.0,1536.0,33.51,0.387,35.586,40.587,40.742,40.77,40.783,5.105,5.453,5.498,5.506,0.58,11.0,-212.0,0.0,52.0,3591.0,30.0,30.0,30.0,30.0,120.0,30.0,30.0,30.0,30.0,30.0,30.0,1.0,1.0,0.0,,-55.0,4.0,17.445,78.35,13.47,1624729085056.0
216,2021-06-26 23:14:00,1,1,0.0,32.47,38.047,939.803,38.449,38.128,39.062,728.0,2846.0,2542.0,1296.0,-0.032,0.0,-0.016,65024.0,0.0,65280.0,33.142,0.295,30.096,34.254,34.336,34.351,34.36,4.302,4.55,4.55,4.55,0.512,18.0,-367.0,0.0,52.0,3571.0,30.0,30.0,30.0,30.0,120.0,30.0,30.0,30.0,30.0,30.0,30.0,1.0,1.0,0.0,,-55.0,4.0,17.445,78.35,13.47,1624729449356.0
221,2021-06-26 23:19:00,1,1,0.0,32.52,38.184,939.866,38.328,38.01,38.678,727.0,2839.0,2534.0,1294.0,-0.048,0.0,-0.096,64768.0,0.0,64000.0,33.672,0.117,31.634,36.006,36.094,36.109,36.119,4.523,4.784,4.784,4.785,0.555,12.0,-241.0,0.0,51.0,3573.0,30.0,30.0,30.0,30.0,120.0,30.0,30.0,30.0,30.0,30.0,30.0,1.0,1.0,0.0,,-55.0,4.0,17.445,78.35,13.47,1624729793162.0
233,2021-06-26 23:31:00,1,1,0.0,32.59,38.335,940.183,38.431,37.997,38.713,724.0,2828.0,2527.0,1293.0,-0.016,-0.016,0.096,65280.0,65280.0,1536.0,33.572,0.226,32.276,36.739,36.829,36.845,36.855,4.615,4.882,4.883,4.884,0.547,11.0,-226.0,0.0,51.0,3560.0,30.0,30.0,30.0,30.0,120.0,30.0,30.0,30.0,30.0,30.0,30.0,1.0,1.0,0.0,,-55.0,4.0,17.445,78.35,13.47,1624730501575.0
245,2021-06-26 23:43:00,1,1,0.0,32.66,38.559,940.414,38.404,38.005,38.576,717.0,2807.0,2507.0,1292.0,0.0,0.0,0.064,0.0,0.0,1024.0,33.635,0.371,29.897,34.028,34.11,34.124,34.133,4.274,4.52,4.52,4.52,0.527,18.0,-365.0,0.0,49.0,3553.0,30.0,30.0,30.0,30.0,120.0,30.0,30.0,30.0,30.0,30.0,30.0,1.0,1.0,0.0,,-55.0,4.0,17.445,78.35,13.47,1624731193910.0
253,2021-06-26 23:51:00,1,1,0.0,32.71,38.843,940.303,38.477,38.079,38.85,710.0,2821.0,2492.0,1291.0,-0.016,0.0,0.112,65280.0,0.0,1792.0,33.361,0.51,33.079,37.65,37.74,37.756,37.766,4.729,5.001,5.001,5.001,0.55,22.0,-442.0,0.0,49.0,3562.0,30.0,30.0,30.0,30.0,120.0,30.0,30.0,30.0,30.0,30.0,30.0,1.0,1.0,0.0,,-55.0,4.0,17.445,78.35,13.47,1624731691994.0
261,2021-06-26 23:59:00,1,1,0.0,32.75,38.737,940.124,38.432,38.159,38.802,712.0,2807.0,2492.0,1285.0,-0.016,0.0,0.08,65280.0,0.0,1280.0,33.492,0.109,34.686,39.51,39.626,39.647,39.658,4.965,5.271,5.288,5.291,0.559,8.0,-155.0,0.0,48.0,3555.0,30.0,30.0,30.0,30.0,120.0,30.0,30.0,30.0,30.0,30.0,30.0,1.0,1.0,0.0,,-55.0,4.0,17.445,78.35,13.47,1624732145752.0
267,2021-06-27 00:05:00,1,1,0.0,32.77,38.945,940.115,38.275,38.044,38.541,707.0,2817.0,2484.0,1288.0,0.0,0.0,-0.112,0.0,0.0,63744.0,33.541,0.318,27.813,31.656,31.732,31.745,31.753,3.976,4.204,4.204,4.204,0.527,16.0,-312.0,0.0,48.0,3532.0,30.0,30.0,30.0,30.0,120.0,30.0,30.0,30.0,30.0,30.0,30.0,1.0,1.0,0.0,,-55.0,4.0,17.445,78.35,13.47,1624732553886.0
274,2021-06-27 00:12:00,1,1,0.0,32.8,39.153,940.037,38.691,38.304,39.078,702.0,2778.0,2466.0,1284.0,-0.016,0.0,0.032,65280.0,0.0,512.0,33.142,0.334,32.897,37.442,37.532,37.548,37.558,4.703,4.973,4.973,4.973,0.529,10.0,-193.0,0.0,48.0,3542.0,30.0,30.0,30.0,30.0,120.0,30.0,30.0,30.0,30.0,30.0,30.0,1.0,1.0,0.0,,-55.0,4.0,17.445,78.35,13.47,1624732941711.0
280,2021-06-27 00:18:00,1,1,0.0,32.82,39.337,939.921,38.322,37.939,38.567,700.0,2814.0,2459.0,1284.0,-0.032,0.0,-0.096,65024.0,0.0,64000.0,33.361,0.342,31.794,36.187,36.274,36.289,36.298,4.545,4.806,4.806,4.806,0.531,28.0,-553.0,0.0,47.0,3530.0,30.0,30.0,30.0,30.0,120.0,30.0,30.0,30.0,30.0,30.0,30.0,1.0,1.0,0.0,,-55.0,4.0,17.445,78.35,13.47,1624733304159.0
285,2021-06-27 00:23:00,1,1,0.0,32.85,39.448,939.833,38.32,37.925,38.817,697.0,2785.0,2447.0,1280.0,0.016,0.0,0.0,256.0,0.0,0.0,33.205,0.148,32.801,37.419,37.568,37.595,37.607,4.708,5.034,5.08,5.089,0.569,18.0,-354.0,0.0,47.0,3525.0,30.0,30.0,30.0,30.0,120.0,30.0,30.0,30.0,30.0,30.0,30.0,1.0,1.0,0.0,,-55.0,4.0,17.445,78.35,13.47,1624733636917.0
296,2021-06-27 00:34:00,1,1,0.0,32.88,39.573,939.726,38.806,38.168,39.254,691.0,2792.0,2439.0,1282.0,-0.032,0.016,0.032,65024.0,256.0,512.0,33.541,0.766,32.537,37.033,37.122,37.137,37.147,4.651,4.919,4.919,4.919,0.549,6.0,-126.0,0.0,46.0,3518.0,30.0,30.0,30.0,30.0,120.0,30.0,30.0,30.0,30.0,30.0,30.0,1.0,1.0,0.0,,-55.0,4.0,17.445,78.35,13.47,1624734295222.0
304,2021-06-27 00:42:00,1,1,0.0,32.9,39.854,939.574,38.491,38.107,38.86,684.0,2782.0,2422.0,1282.0,0.0,0.0,-0.032,0.0,0.0,65024.0,33.604,0.078,26.078,29.702,29.788,29.803,29.811,3.732,3.961,3.972,3.974,0.562,14.0,-273.0,0.0,46.0,3517.0,30.0,30.0,30.0,30.0,120.0,30.0,30.0,30.0,30.0,30.0,30.0,1.0,1.0,0.0,,-55.0,4.0,17.445,78.35,13.47,1624734725079.0
310,2021-06-27 00:48:00,1,1,0.0,32.92,40.061,939.481,38.939,38.69,39.257,681.0,2792.0,2403.0,1282.0,0.0,-0.032,0.096,0.0,65024.0,1536.0,33.33,0.279,31.783,36.207,36.317,36.336,36.347,4.551,4.834,4.851,4.855,0.587,17.0,-349.0,0.0,45.0,3502.0,30.0,30.0,30.0,30.0,120.0,30.0,30.0,30.0,30.0,30.0,30.0,1.0,1.0,0.0,,-55.0,4.0,17.445,78.35,13.47,1624735120876.0
316,2021-06-27 00:54:00,1,1,0.0,32.94,40.33,939.377,39.24,38.923,39.606,672.0,2767.0,2380.0,1271.0,-0.016,0.0,0.0,65280.0,0.0,0.0,33.361,0.055,28.035,31.908,31.985,31.998,32.006,4.008,4.238,4.238,4.238,0.52,16.0,-317.0,0.0,45.0,3499.0,30.0,30.0,30.0,30.0,120.0,30.0,30.0,30.0,30.0,30.0,30.0,1.0,1.0,0.0,,-55.0,4.0,17.445,78.35,13.47,1624735479325.0
317,2021-06-27 00:55:00,1,1,0.0,32.94,40.233,939.339,38.855,38.302,39.367,674.0,2757.0,2391.0,1275.0,-0.048,0.0,-0.08,64768.0,0.0,64256.0,33.236,0.078,31.816,36.212,36.299,36.314,36.324,4.548,4.81,4.81,4.81,0.532,15.0,-292.0,0.0,45.0,3484.0,30.0,30.0,30.0,30.0,120.0,30.0,30.0,30.0,30.0,30.0,30.0,1.0,1.0,0.0,,-55.0,4.0,17.445,78.35,13.47,1624735537650.0
323,2021-06-27 01:01:00,1,1,0.0,32.95,40.391,939.318,38.583,38.133,39.274,665.0,2767.0,2369.0,1275.0,0.0,0.0,0.048,0.0,0.0,768.0,33.604,0.148,30.814,35.072,35.156,35.171,35.18,4.405,4.658,4.658,4.658,0.515,13.0,-256.0,0.0,44.0,3483.0,30.0,30.0,30.0,30.0,120.0,30.0,30.0,30.0,30.0,30.0,30.0,1.0,1.0,0.0,,-55.0,4.0,17.445,78.35,13.47,1624735908975.0
330,2021-06-27 01:08:00,1,1,0.0,32.97,40.514,939.134,38.827,38.456,39.162,661.0,2771.0,2351.0,1276.0,-0.016,0.016,-0.144,65280.0,256.0,63232.0,33.361,0.549,35.918,40.884,40.985,41.003,41.014,5.135,5.433,5.435,5.435,0.554,16.0,-323.0,0.0,43.0,3479.0,30.0,30.0,30.0,30.0,120.0,30.0,30.0,30.0,30.0,30.0,30.0,1.0,1.0,0.0,,-55.0,4.0,17.445,78.35,13.47,1624736321009.0
338,2021-06-27 01:16:00,1,1,0.0,32.98,40.698,939.075,38.594,38.232,39.011,651.0,2750.0,2326.0,1272.0,0.016,-0.016,0.048,256.0,65280.0,768.0,33.392,0.047,31.495,35.984,36.165,36.199,36.212,4.532,4.883,4.955,4.97,0.585,12.0,-249.0,0.0,43.0,3463.0,30.0,30.0,30.0,30.0,120.0,30.0,30.0,30.0,30.0,30.0,30.0,1.0,1.0,0.0,,-55.0,4.0,17.445,78.35,13.47,1624736766296.0
357,2021-06-27 01:35:00,1,1,0.0,33.02,40.98,938.323,38.883,38.404,39.219,637.0,2750.0,2285.0,1272.0,0.016,0.0,0.096,256.0,0.0,1536.0,33.604,0.371,31.216,35.543,35.638,35.654,35.664,4.465,4.731,4.738,4.739,0.559,19.0,-389.0,0.0,41.0,3444.0,30.0,30.0,30.0,30.0,120.0,30.0,30.0,30.0,30.0,30.0,30.0,1.0,1.0,0.0,,-55.0,4.0,17.445,78.35,13.47,1624737927600.0
367,2021-06-27 01:45:00,1,1,0.0,33.04,41.09,938.167,38.542,38.255,39.015,632.0,2757.0,2274.0,1275.0,-0.048,-0.016,-0.08,64768.0,65280.0,64256.0,33.51,0.334,30.712,35.391,35.538,35.566,35.577,4.453,4.769,4.817,4.827,0.58,18.0,-350.0,0.0,40.0,3429.0,30.0,30.0,30.0,30.0,120.0,30.0,30.0,30.0,30.0,30.0,30.0,1.0,1.0,0.0,,-55.0,4.0,17.445,78.35,13.47,1624738547074.0
378,2021-06-27 01:56:00,1,1,0.0,33.06,41.177,938.282,39.042,38.478,39.477,629.0,2764.0,2264.0,1277.0,-0.048,-0.016,-0.048,64768.0,65280.0,64768.0,33.604,0.008,37.28,42.431,42.533,42.55,42.562,5.329,5.636,5.636,5.636,0.541,10.0,-203.0,0.0,39.0,3428.0,30.0,30.0,30.0,30.0,120.0,30.0,30.0,30.0,30.0,30.0,30.0,1.0,1.0,0.0,,-55.0,4.0,17.445,78.35,13.47,1624739209351.0
388,2021-06-27 02:06:00,1,1,0.0,33.08,41.215,938.581,38.979,38.232,39.659,626.0,2746.0,2254.0,1275.0,-0.016,0.016,-0.064,65280.0,256.0,64512.0,33.299,0.265,33.784,38.452,38.544,38.56,38.571,4.83,5.107,5.107,5.107,0.546,13.0,-267.0,0.0,39.0,3427.0,30.0,30.0,30.0,30.0,120.0,30.0,30.0,30.0,30.0,30.0,30.0,1.0,1.0,0.0,,-55.0,4.0,17.445,78.35,13.47,1624739785847.0
395,2021-06-27 02:13:00,1,1,0.0,33.08,41.446,938.428,39.419,38.96,39.668,619.0,2757.0,2232.0,1274.0,0.032,0.016,-0.192,512.0,256.0,62464.0,33.572,0.577,34.423,39.18,39.274,39.29,39.301,4.921,5.204,5.204,5.204,0.546,15.0,-294.0,0.0,38.0,3418.0,30.0,30.0,30.0,30.0,120.0,30.0,30.0,30.0,30.0,30.0,30.0,1.0,1.0,0.0,,-55.0,4.0,17.445,78.35,13.47,1624740217986.0
402,2021-06-27 02:20:00,1,1,0.0,33.09,41.338,938.315,39.33,38.829,39.662,618.0,2757.0,2233.0,1272.0,0.0,-0.016,0.144,0.0,65280.0,2304.0,33.236,0.449,35.437,40.352,40.462,40.481,40.492,5.07,5.374,5.383,5.385,0.556,18.0,-355.0,0.0,38.0,3427.0,30.0,30.0,30.0,30.0,120.0,30.0,30.0,30.0,30.0,30.0,30.0,1.0,1.0,0.0,,-55.0,4.0,17.445,78.35,13.47,1624740627167.0
409,2021-06-27 02:27:00,1,1,0.0,33.11,41.485,938.374,39.01,38.48,39.515,614.0,2767.0,2225.0,1272.0,0.0,0.032,-0.048,0.0,512.0,64768.0,33.33,0.449,34.618,39.536,39.723,39.758,39.771,4.978,5.352,5.423,5.437,0.559,13.0,-251.0,0.0,37.0,3395.0,30.0,30.0,30.0,30.0,120.0,30.0,30.0,30.0,30.0,30.0,30.0,1.0,1.0,0.0,,-55.0,4.0,17.445,78.35,13.47,1624741048645.0
416,2021-06-27 02:34:00,1,1,0.0,33.12,41.546,938.562,38.926,38.624,39.379,616.0,2764.0,2220.0,1272.0,-0.016,0.0,-0.096,65280.0,0.0,64000.0,33.299,0.117,26.318,29.954,30.026,30.039,30.047,3.762,3.978,3.978,3.978,0.551,18.0,-368.0,0.0,37.0,3403.0,30.0,30.0,30.0,30.0,120.0,30.0,30.0,30.0,30.0,30.0,30.0,1.0,1.0,0.0,,-55.0,4.0,17.445,78.35,13.47,1624741456731.0
422,2021-06-27 02:40:00,1,1,0.0,33.13,41.68,938.356,39.213,38.708,38.875,608.0,2760.0,2209.0,1271.0,0.032,0.0,0.048,512.0,0.0,768.0,33.33,0.063,31.462,35.808,35.895,35.909,35.919,4.498,4.756,4.756,4.756,0.537,18.0,-363.0,0.0,36.0,3396.0,30.0,30.0,30.0,30.0,120.0,30.0,30.0,30.0,30.0,30.0,30.0,1.0,1.0,0.0,,-55.0,4.0,17.445,78.35,13.47,1624741849723.0
430,2021-06-27 02:48:00,1,1,0.0,33.13,41.815,938.451,38.835,38.159,39.425,606.0,2746.0,2199.0,1270.0,0.0,0.016,0.048,0.0,256.0,768.0,33.541,0.287,32.765,37.292,37.382,37.397,37.407,4.684,4.953,4.953,4.953,0.537,11.0,-222.0,0.0,36.0,3382.0,30.0,30.0,30.0,30.0,120.0,30.0,30.0,30.0,30.0,30.0,30.0,1.0,1.0,0.0,,-55.0,4.0,17.445,78.35,13.47,1624742311881.5
439,2021-06-27 02:57:00,1,1,0.0,33.14,41.754,938.749,38.461,38.041,38.752,606.0,2775.0,2199.0,1273.0,0.016,-0.016,0.08,256.0,65280.0,1280.0,33.361,0.047,36.763,41.933,42.096,42.126,42.139,5.275,5.637,5.685,5.695,0.568,11.0,-219.0,0.0,35.0,3372.0,30.0,30.0,30.0,30.0,120.0,30.0,30.0,30.0,30.0,30.0,30.0,1.0,1.0,0.0,,-55.0,4.0,17.445,78.35,13.47,1624742860604.0
450,2021-06-27 03:08:00,1,1,0.0,33.16,41.781,938.988,39.143,38.691,39.512,607.0,2757.0,2199.0,1275.0,0.0,-0.016,0.016,0.0,65280.0,256.0,33.604,0.101,28.305,32.27,32.385,32.406,32.416,4.058,4.327,4.356,4.362,0.561,7.0,-136.0,0.0,33.0,3355.0,30.0,30.0,30.0,30.0,120.0,30.0,30.0,30.0,30.0,30.0,30.0,1.0,1.0,0.0,,-55.0,4.0,17.445,78.35,13.47,1624743491258.5
456,2021-06-27 03:14:00,1,1,0.0,33.17,41.769,939.049,38.916,38.623,39.502,608.0,2767.0,2200.0,1274.0,0.0,0.0,-0.048,0.0,0.0,64768.0,33.851,0.156,32.784,37.431,37.601,37.632,37.645,4.712,5.059,5.121,5.133,0.593,17.0,-348.0,0.0,31.0,3341.0,30.0,30.0,30.0,30.0,120.0,30.0,30.0,30.0,30.0,30.0,30.0,1.0,1.0,0.0,,-55.0,4.0,17.445,78.35,13.47,1624743861173.0
462,2021-06-27 03:20:00,1,1,0.0,33.19,41.88,939.325,38.933,38.444,39.263,605.0,2753.0,2198.0,1279.0,0.0,0.0,-0.048,0.0,0.0,64768.0,33.604,0.441,33.944,38.634,38.727,38.743,38.754,4.853,5.131,5.131,5.131,0.547,19.0,-372.0,0.0,31.0,3319.0,30.0,30.0,30.0,30.0,120.0,30.0,30.0,30.0,30.0,30.0,30.0,1.0,1.0,0.0,,-55.0,4.0,17.445,78.35,13.47,1624744204653.0
468,2021-06-27 03:26:00,1,1,0.0,33.2,41.844,939.374,39.043,38.582,39.442,606.0,2753.0,2197.0,1276.0,-0.016,0.0,0.0,65280.0,0.0,0.0,33.236,0.031,36.007,41.014,41.135,41.156,41.168,5.154,5.472,5.488,5.492,0.564,15.0,-306.0,0.0,30.0,3312.0,30.0,30.0,30.0,30.0,120.0,30.0,30.0,30.0,30.0,30.0,30.0,1.0,1.0,0.0,,-55.0,4.0,17.445,78.35,13.47,1624744566174.5
473,2021-06-27 03:31:00,1,1,0.0,33.22,41.847,939.382,38.729,38.346,39.435,598.0,2721.0,2180.0,1262.0,-0.032,0.016,-0.192,65024.0,256.0,62464.0,32.549,0.441,29.723,33.838,33.926,33.941,33.95,4.251,4.501,4.505,4.506,0.559,14.0,-284.0,0.0,28.0,3299.0,30.0,30.0,30.0,30.0,120.0,30.0,30.0,30.0,30.0,30.0,30.0,1.0,1.0,0.0,,-55.0,4.0,17.445,78.35,13.47,1624744914531.0
474,2021-06-27 03:32:00,1,1,0.0,33.22,41.847,939.382,38.729,38.346,39.435,598.0,2721.0,2180.0,1262.0,-0.032,0.016,-0.192,65024.0,256.0,62464.0,32.549,0.441,29.723,33.838,33.926,33.941,33.95,4.251,4.501,4.505,4.506,0.559,14.0,-284.0,0.0,28.0,3299.0,30.0,30.0,30.0,30.0,120.0,30.0,30.0,30.0,30.0,30.0,30.0,1.0,1.0,0.0,,-55.0,4.0,17.445,78.35,13.47,1624744921161.0
479,2021-06-27 03:37:00,1,1,0.0,33.22,41.931,939.376,38.741,38.196,39.256,594.0,2689.0,2164.0,1255.0,-0.032,-0.016,-0.016,65024.0,65280.0,65280.0,32.02,0.287,34.186,38.909,39.003,39.019,39.03,4.887,5.168,5.168,5.168,0.532,11.0,-228.0,0.0,27.0,3283.0,30.0,30.0,30.0,30.0,120.0,30.0,30.0,30.0,30.0,30.0,30.0,1.0,1.0,0.0,,-55.0,4.0,17.445,78.35,13.47,1624745265736.5
490,2021-06-27 03:48:00,1,1,0.0,33.235,41.861,939.182,39.002,38.619,39.519,587.0,2635.0,2145.0,1235.0,-0.016,-0.016,0.04,65280.0,32512.0,33408.0,30.691,0.325,37.048,42.17,42.273,42.291,42.302,5.297,5.603,5.605,5.605,0.541,14.5,-296.5,0.0,25.0,3252.0,30.0,30.0,30.0,30.0,120.0,30.0,30.0,30.0,30.0,30.0,30.0,1.0,1.0,0.0,,-55.0,4.0,17.445,78.35,13.47,1624745902450.0
497,2021-06-27 03:55:00,1,1,0.0,33.23,41.957,939.195,39.021,38.321,39.289,579.0,2585.0,2123.0,1224.0,0.016,-0.032,-0.064,256.0,65024.0,64512.0,29.784,0.365,35.645,40.57,40.667,40.684,40.695,5.096,5.388,5.388,5.388,0.547,12.0,-240.0,0.0,23.0,3228.0,30.0,30.0,30.0,30.0,120.0,30.0,30.0,30.0,30.0,30.0,30.0,1.0,1.0,0.0,,-55.0,4.0,17.445,78.35,13.47,1624746312537.5
503,2021-06-27 04:01:00,1,1,0.0,33.22,41.992,939.013,39.025,38.611,39.239,573.0,2535.0,2101.0,1208.0,-0.048,0.0,-0.064,64768.0,0.0,64512.0,29.236,0.086,37.196,42.353,42.468,42.488,42.499,5.321,5.639,5.649,5.651,0.553,12.0,-246.0,0.0,21.0,3195.0,30.0,30.0,30.0,30.0,120.0,30.0,30.0,30.0,30.0,30.0,30.0,1.0,1.0,0.0,,-55.0,4.0,17.445,78.35,13.47,1624746692195.5
509,2021-06-27 04:07:00,1,1,0.0,33.22,42.125,938.995,38.912,38.604,39.257,565.0,2478.0,2082.0,1188.0,-0.016,-0.016,0.016,65280.0,65280.0,256.0,28.113,0.342,33.943,38.644,38.745,38.762,38.773,4.855,5.141,5.147,5.148,0.549,16.0,-325.0,0.0,19.0,3186.0,30.0,30.0,30.0,30.0,120.0,30.0,30.0,30.0,30.0,30.0,30.0,1.0,1.0,0.0,,-55.0,4.0,17.445,78.35,13.47,1624747052588.5
515,2021-06-27 04:13:00,1,1,0.0,33.22,42.186,938.968,39.105,38.826,39.383,556.0,2428.0,2064.0,1181.0,-0.032,0.0,-0.08,65024.0,0.0,64256.0,26.839,0.016,39.678,45.16,45.269,45.288,45.3,5.672,5.998,5.998,5.998,0.527,9.0,-188.0,0.0,17.0,3170.0,30.0,30.0,30.0,30.0,120.0,30.0,30.0,30.0,30.0,30.0,30.0,1.0,1.0,0.0,,-55.0,4.0,17.445,78.35,13.47,1624747385179.5
519,2021-06-27 04:17:00,1,1,0.0,33.22,42.149,938.995,38.952,38.488,39.254,553.5,2367.5,2048.0,1167.0,-0.032,-0.008,0.08,64768.0,65280.0,1280.0,26.322,0.21,33.75,38.413,38.506,38.522,38.532,4.825,5.102,5.102,5.102,0.536,15.0,-300.0,0.0,16.0,3155.0,30.0,30.0,30.0,30.0,120.0,30.0,30.0,30.0,30.0,30.0,30.0,1.0,1.0,0.0,,-55.0,4.0,17.445,78.35,13.47,1624747674350.0
530,2021-06-27 04:28:00,1,1,0.0,33.2,42.5,939.055,38.856,38.423,39.576,536.0,2300.0,2007.0,1140.0,-0.032,-0.032,0.048,65024.0,65024.0,768.0,24.601,0.486,35.611,40.532,40.629,40.646,40.657,5.091,5.383,5.383,5.383,0.529,23.0,-460.0,0.0,13.0,3105.0,30.0,30.0,30.0,30.0,120.0,30.0,30.0,30.0,30.0,30.0,30.0,1.0,1.0,0.0,,-55.0,4.0,17.445,78.35,13.47,1624748313697.5
540,2021-06-27 04:38:00,1,1,0.0,33.19,42.414,939.1,38.941,38.492,39.193,528.0,2221.0,1982.0,1118.0,-0.032,0.0,-0.048,65024.0,0.0,64768.0,22.791,0.318,32.756,37.283,37.374,37.389,37.399,4.683,4.953,4.953,4.954,0.55,17.0,-341.0,0.0,9.0,3066.0,30.0,30.0,30.0,30.0,120.0,30.0,30.0,30.0,30.0,30.0,30.0,1.0,1.0,0.0,,-55.0,4.0,17.445,78.35,13.47,1624748899816.0
544,2021-06-27 04:42:00,1,1,0.0,33.19,42.584,939.141,39.131,38.699,39.524,521.0,2160.0,1961.0,1106.0,0.016,0.0,0.064,256.0,0.0,1024.0,22.518,0.31,38.93,44.355,44.494,44.518,44.531,5.575,5.926,5.95,5.955,0.564,14.0,-281.0,0.0,8.0,3046.0,30.0,30.0,30.0,30.0,120.0,30.0,30.0,30.0,30.0,30.0,30.0,1.0,1.0,0.0,,-55.0,4.0,17.445,78.35,13.47,1624749126055.0
545,2021-06-27 04:43:00,1,1,0.0,33.19,42.572,939.196,38.711,38.499,38.946,519.0,2142.0,1955.0,1105.0,-0.016,-0.016,-0.016,65280.0,65280.0,65280.0,22.113,0.397,37.325,42.494,42.604,42.623,42.635,5.338,5.653,5.659,5.66,0.563,20.0,-398.0,0.0,7.0,3052.0,30.0,30.0,30.0,30.0,120.0,30.0,30.0,30.0,30.0,30.0,30.0,1.0,1.0,0.0,,-55.0,4.0,17.445,78.35,13.47,1624749226549.5
549,2021-06-27 04:47:00,1,1,0.0,33.18,42.595,939.299,38.77,38.476,39.011,515.0,2107.0,1937.0,1094.0,-0.048,0.0,0.032,64768.0,0.0,512.0,21.172,0.233,35.879,40.882,41.011,41.034,41.046,5.139,5.464,5.488,5.493,0.564,11.0,-226.0,0.0,6.0,3035.0,30.0,30.0,30.0,30.0,120.0,30.0,30.0,30.0,30.0,30.0,30.0,1.0,1.0,0.0,,-55.0,4.0,17.445,78.35,13.47,1624749450843.0
555,2021-06-27 04:53:00,1,1,0.0,33.18,42.546,939.481,38.816,38.487,39.596,506.0,2039.0,1915.0,1075.0,0.0,0.016,0.016,0.0,256.0,256.0,19.775,0.179,34.81,39.699,39.849,39.876,39.888,4.993,5.332,5.374,5.382,0.579,7.0,-137.0,0.0,4.0,2991.0,30.0,30.0,30.0,30.0,120.0,30.0,30.0,30.0,30.0,30.0,30.0,1.0,1.0,0.0,,-55.0,4.0,17.445,78.35,13.47,1624749795702.0
562,2021-06-27 05:00:00,1,1,0.0,33.17,42.702,939.615,39.168,38.885,39.493,491.0,1942.0,1879.0,1044.0,-0.016,-0.016,-0.08,65280.0,65280.0,64256.0,17.969,0.118,34.314,39.081,39.193,39.213,39.224,4.911,5.21,5.224,5.227,0.569,19.0,-372.0,0.0,0.0,2937.0,30.0,30.0,30.0,30.0,120.0,30.0,30.0,30.0,30.0,30.0,30.0,1.0,1.0,0.0,,-55.0,4.0,17.445,78.35,13.47,1624750205862.0
567,2021-06-27 05:05:00,1,1,0.0,33.16,42.702,939.605,39.471,39.004,39.703,480.0,1832.0,1850.0,1015.0,0.0,0.016,0.08,0.0,256.0,1280.0,16.164,0.094,33.45,38.089,38.193,38.211,38.222,4.786,5.072,5.082,5.084,0.577,18.0,-362.0,0.0,0.0,2906.0,30.0,30.0,30.0,30.0,120.0,30.0,30.0,30.0,30.0,30.0,30.0,1.0,1.0,0.0,,-55.0,4.0,17.445,78.35,13.47,1624750521672.0
573,2021-06-27 05:11:00,1,1,0.0,33.14,42.725,939.627,38.724,38.466,39.044,463.0,1678.0,1797.0,979.0,-0.016,0.016,-0.016,65280.0,256.0,65280.0,13.765,0.218,35.346,40.229,40.326,40.343,40.354,5.053,5.343,5.343,5.343,0.539,13.0,-264.0,0.0,0.0,2843.0,30.0,30.0,30.0,30.0,120.0,30.0,30.0,30.0,30.0,30.0,30.0,1.0,1.0,0.0,,-55.0,4.0,17.445,78.35,13.47,1624750881447.0
2244,2021-06-28 09:59:00,1,1,1.38,28.19,61.457,941.853,44.128,39.322,61.992,461.0,6589.0,1790.0,2349.0,-0.016,-0.032,0.064,65280.0,65024.0,1024.0,64.719,0.016,66.819,77.104,78.005,78.185,78.226,9.78,11.026,11.581,11.692,0.644,545.0,-10877.0,0.0,27.0,3287.0,30.0,30.0,30.0,30.0,120.0,30.0,30.0,30.0,30.0,30.0,30.0,1.0,1.0,0.0,-51.0,-55.0,4.0,17.445,78.35,13.86,1624854563933.0
2245,2021-06-28 10:00:00,1,1,1.37,31.89,51.832,941.82,39.783,38.943,41.886,424.0,4203.0,1694.0,1680.0,0.064,-0.032,0.112,1024.0,65024.0,1792.0,67.388,0.117,68.465,78.27,78.694,78.775,78.803,9.862,10.654,10.836,10.873,0.585,189.0,-3778.0,0.0,28.0,3389.0,30.0,30.0,30.0,30.0,120.0,30.0,30.0,30.0,30.0,30.0,30.0,1.0,1.0,0.0,,-55.0,4.0,17.445,78.35,13.86,1624854646457.0
2247,2021-06-28 10:02:00,1,1,1.29,33.93,46.451,941.724,40.204,39.658,42.225,438.0,3510.0,1732.0,1483.0,-0.096,0.016,-0.064,64000.0,256.0,64512.0,64.795,0.616,66.173,75.317,75.499,75.53,75.55,9.46,10.004,10.005,10.005,0.547,169.0,-3368.0,0.0,32.0,3457.0,30.0,30.0,30.0,30.0,120.0,30.0,30.0,30.0,30.0,30.0,30.0,1.0,1.0,0.0,,-55.0,4.0,17.445,78.35,13.86,1624854748613.0
2252,2021-06-28 10:07:00,1,1,0.88,36.03,40.321,941.687,48.771,48.014,51.37,461.0,2814.0,1793.0,1284.0,-0.016,-0.032,-0.08,65280.0,65024.0,64256.0,74.191,0.094,69.986,79.655,79.847,79.88,79.901,10.005,10.58,10.58,10.58,0.539,5.0,-96.0,0.0,47.0,3551.0,30.0,30.0,30.0,30.0,120.0,30.0,30.0,30.0,30.0,30.0,30.0,1.0,1.0,0.0,,-55.0,4.0,17.445,78.35,13.86,1624855068100.0
2255,2021-06-28 10:10:00,1,1,0.62,35.69,40.633,941.629,48.775,47.928,51.445,461.0,2650.0,1798.0,1242.0,-0.032,-0.016,0.112,65024.0,65280.0,1792.0,62.497,0.187,66.731,75.951,76.133,76.165,76.185,9.539,10.088,10.088,10.088,0.511,6.0,-124.0,0.0,50.0,3597.0,30.0,30.0,30.0,30.0,120.0,30.0,30.0,30.0,30.0,30.0,30.0,1.0,1.0,0.0,,-55.0,4.0,17.445,78.35,13.86,1624855210453.0
2261,2021-06-28 10:16:00,1,1,0.27,35.71,40.562,941.605,48.152,47.323,49.132,472.0,2564.0,1820.0,1222.0,-0.016,0.016,-0.096,65280.0,256.0,64000.0,56.955,0.164,71.154,80.985,81.18,81.213,81.235,10.172,10.756,10.756,10.756,0.52,10.0,-204.0,0.0,52.0,3620.0,30.0,30.0,30.0,30.0,120.0,30.0,30.0,30.0,30.0,30.0,30.0,1.0,1.0,0.0,,-55.0,4.0,17.445,78.35,13.86,1624855567917.0
2271,2021-06-28 10:28:00,1,1,0.06,36.28,39.378,941.484,50.043,47.394,56.281,486.0,2539.0,1860.0,1208.0,-0.016,0.016,0.096,65280.0,256.0,1536.0,59.987,0.357,76.236,86.769,86.978,87.014,87.037,10.898,11.525,11.525,11.525,0.545,26.0,-527.0,0.0,58.0,3649.0,30.0,30.0,30.0,30.0,120.0,30.0,30.0,30.0,30.0,30.0,30.0,1.0,1.0,0.0,,-55.0,4.0,17.445,78.35,13.86,1624856315445.0
2281,2021-06-28 10:38:00,1,1,0.0,36.66,38.64,941.517,50.479,47.386,55.323,491.0,2500.0,1867.0,1203.0,0.016,0.0,-0.064,256.0,0.0,64512.0,51.347,0.257,77.648,88.377,88.589,88.626,88.65,11.1,11.738,11.738,11.738,0.539,10.0,-192.0,0.0,63.0,3713.0,30.0,30.0,30.0,30.0,120.0,30.0,30.0,30.0,30.0,30.0,30.0,1.0,1.0,0.0,,-55.0,4.0,17.445,78.35,13.86,1624856891162.0
2285,2021-06-28 10:42:00,1,1,0.0,36.64,38.639,941.444,50.078,47.272,54.751,493.0,2532.0,1888.0,1205.0,0.032,0.0,-0.032,512.0,0.0,65024.0,54.21,0.371,76.716,87.316,87.526,87.562,87.585,10.967,11.597,11.597,11.597,0.499,0.0,11.0,0.0,65.0,3735.0,30.0,30.0,30.0,30.0,120.0,30.0,30.0,30.0,30.0,30.0,30.0,1.0,1.0,0.0,,-55.0,4.0,17.445,78.35,13.86,1624857150211.0
2295,2021-06-28 10:52:00,1,1,0.01,36.87,38.106,941.3,47.764,47.122,48.846,502.0,2535.0,1901.0,1206.0,0.032,0.0,0.048,512.0,0.0,768.0,59.152,0.202,95.871,109.117,109.38,109.425,109.454,13.705,14.493,14.493,14.493,0.507,2.0,-34.0,0.0,68.0,3780.0,30.0,30.0,30.0,30.0,120.0,30.0,30.0,30.0,30.0,30.0,30.0,1.0,1.0,0.0,,-55.0,4.0,17.445,78.35,13.86,1624857727211.0
2302,2021-06-28 10:59:00,1,1,0.0,36.92,38.074,941.397,48.294,46.773,51.052,502.0,2510.0,1905.0,1209.0,0.016,-0.016,-0.016,256.0,65280.0,65280.0,53.136,0.463,78.44,89.277,89.492,89.529,89.553,11.213,11.858,11.858,11.858,0.516,0.0,49.0,0.0,70.0,3807.0,30.0,30.0,30.0,30.0,120.0,30.0,30.0,30.0,30.0,30.0,30.0,1.0,1.0,0.0,,-55.0,4.0,17.445,78.35,13.86,1624858148103.0
2311,2021-06-28 11:08:00,1,1,0.0,37.03,37.753,941.298,48.353,46.893,52.501,502.0,2492.0,1910.0,1201.0,-0.048,0.0,-0.064,64768.0,0.0,64512.0,58.423,0.41,80.236,91.321,91.541,91.579,91.603,11.47,12.129,12.129,12.129,0.516,13.0,-266.0,0.0,73.0,3825.0,30.0,30.0,30.0,30.0,120.0,30.0,30.0,30.0,30.0,30.0,30.0,1.0,1.0,0.0,,-55.0,4.0,17.445,78.35,13.86,1624858687835.0
2314,2021-06-28 11:11:00,1,1,0.0,37.02,37.727,941.31,48.053,46.838,50.897,499.0,2475.0,1897.0,1190.0,0.0,0.0,0.032,0.0,0.0,512.0,57.243,0.549,74.865,85.209,85.414,85.449,85.472,10.702,11.317,11.317,11.317,0.509,0.0,248.0,0.0,74.0,3857.0,30.0,30.0,30.0,30.0,120.0,30.0,30.0,30.0,30.0,30.0,30.0,1.0,1.0,0.0,,-55.0,4.0,17.445,78.35,13.86,1624858867221.0
2321,2021-06-28 11:18:00,1,1,0.0,37.15,37.383,941.33,47.791,46.921,49.547,504.0,2521.0,1912.0,1203.0,0.032,-0.032,0.064,512.0,65024.0,1024.0,50.857,0.094,77.45,88.151,88.363,88.4,88.423,11.072,11.708,11.708,11.708,0.532,13.0,-257.0,0.0,78.0,3903.0,30.0,30.0,30.0,30.0,120.0,30.0,30.0,30.0,30.0,30.0,30.0,1.0,1.0,0.0,,-55.0,4.0,17.445,78.35,13.86,1624859326670.0
2328,2021-06-28 11:25:00,1,1,0.0,37.23,37.108,941.344,47.929,46.953,50.109,504.0,2510.0,1911.0,1197.0,0.0,0.0,0.048,0.0,0.0,768.0,51.722,0.608,67.595,76.934,77.119,77.151,77.171,9.663,10.218,10.218,10.218,0.509,0.0,484.0,0.0,80.0,3929.0,30.0,30.0,30.0,30.0,120.0,30.0,30.0,30.0,30.0,30.0,30.0,1.0,1.0,0.0,,-55.0,4.0,17.445,78.35,13.86,1624859735343.0
2345,2021-06-28 11:42:00,1,1,2.67,37.55,34.889,941.282,52.405,49.246,58.622,516.0,2585.0,1946.0,1225.0,0.0,0.016,-0.032,0.0,256.0,65024.0,50.556,0.494,66.914,76.159,76.342,76.374,76.394,9.566,10.115,10.115,10.115,0.499,0.0,871.0,0.0,89.0,4012.0,30.0,30.0,30.0,30.0,120.0,30.0,30.0,30.0,30.0,30.0,30.0,1.0,1.0,0.0,,-55.0,4.0,17.445,78.35,13.86,1624860725651.0
2355,2021-06-28 11:54:00,1,1,1.9,36.9,29.139,941.185,50.386,49.66,50.957,518.0,2521.0,1952.0,1206.0,-0.016,-0.016,0.128,65280.0,65280.0,2048.0,53.052,0.326,55.981,63.716,63.869,63.896,63.913,8.003,8.463,8.463,8.463,0.527,0.0,1143.0,0.0,94.0,4098.0,30.0,30.0,30.0,30.0,120.0,30.0,30.0,30.0,30.0,30.0,30.0,1.0,1.0,0.0,,-55.0,4.0,17.445,78.35,13.86,1624861445300.0
2360,2021-06-28 11:59:00,1,1,0.0,36.51,27.311,941.142,49.653,49.161,50.651,518.0,2464.0,1950.0,1186.0,-0.016,0.0,-0.064,65280.0,0.0,64512.0,59.862,0.164,52.774,60.066,60.21,60.235,60.251,7.544,7.978,7.978,7.978,0.48,0.0,1161.0,0.0,96.0,4145.0,30.0,30.0,30.0,30.0,120.0,30.0,30.0,30.0,30.0,30.0,30.0,1.0,1.0,0.0,,-55.0,4.0,17.445,78.35,13.86,1624861771750.0
2364,2021-06-28 12:03:00,1,1,0.0,36.23,26.645,941.124,49.838,49.11,50.839,518.0,2450.0,1953.0,1183.0,0.032,-0.016,0.064,512.0,65280.0,1024.0,53.594,0.31,53.727,61.151,61.298,61.323,61.339,7.681,8.122,8.122,8.122,0.51,0.0,670.0,0.0,98.0,4141.0,30.0,30.0,30.0,30.0,120.0,30.0,30.0,30.0,30.0,30.0,30.0,1.0,1.0,0.0,,-55.0,4.0,17.445,78.35,13.86,1624861984349.0
2375,2021-06-28 12:14:00,1,1,0.0,37.18,28.923,940.956,45.933,44.321,49.382,538.0,2678.0,2004.0,1245.0,0.032,-0.016,-0.032,512.0,65280.0,65024.0,55.212,0.287,60.81,69.212,69.378,69.407,69.425,8.693,9.193,9.193,9.193,0.527,0.0,15.0,0.0,100.0,4174.0,30.0,30.0,30.0,30.0,120.0,30.0,30.0,30.0,30.0,30.0,30.0,1.0,1.0,0.0,,-55.0,4.0,17.445,78.35,13.86,1624862650734.0
2382,2021-06-28 12:21:00,1,1,0.0,36.46,29.123,941.022,48.321,46.512,50.198,536.0,2664.0,2002.0,1242.0,0.032,0.0,0.048,512.0,0.0,768.0,53.214,0.593,52.786,60.079,60.223,60.248,60.264,7.546,7.98,7.98,7.98,0.526,0.0,691.0,0.0,100.0,4198.0,30.0,30.0,30.0,30.0,120.0,30.0,30.0,30.0,30.0,30.0,30.0,1.0,1.0,0.0,,-55.0,4.0,17.445,78.35,13.86,1624863063816.0
2390,2021-06-28 12:29:00,1,1,0.0,35.63,31.199,940.841,48.754,46.703,50.521,535.0,2660.0,2005.0,1239.0,0.016,-0.032,-0.096,256.0,65024.0,64000.0,53.11,0.062,58.944,67.088,67.249,67.277,67.295,8.426,8.911,8.911,8.911,0.512,0.0,492.0,0.0,100.0,4203.0,30.0,30.0,30.0,30.0,120.0,30.0,30.0,30.0,30.0,30.0,30.0,1.0,1.0,0.0,,-55.0,4.0,17.445,78.35,13.86,1624863556207.0
2402,2021-06-28 12:41:00,1,1,0.0,34.88,32.772,940.832,49.004,46.567,50.76,537.0,2617.0,2004.0,1231.0,-0.032,0.0,0.112,65024.0,0.0,1792.0,50.909,0.51,59.205,67.385,67.547,67.575,67.593,8.464,8.95,8.95,8.95,0.515,0.0,379.0,0.0,100.0,4191.0,30.0,30.0,30.0,30.0,120.0,30.0,30.0,30.0,30.0,30.0,30.0,1.0,1.0,0.0,,-55.0,4.0,17.445,78.35,13.86,1624864272661.0
2411,2021-06-28 12:50:00,1,1,0.0,34.34,32.636,940.667,39.15,38.616,39.821,538.0,2603.0,2012.0,1231.0,-0.032,-0.032,0.016,65024.0,65024.0,256.0,54.257,0.502,54.345,61.854,62.003,62.028,62.045,7.769,8.215,8.215,8.215,0.53,0.0,5.0,0.0,100.0,4184.0,30.0,30.0,30.0,30.0,120.0,30.0,30.0,30.0,30.0,30.0,30.0,1.0,1.0,0.0,,-55.0,4.0,17.445,78.35,13.86,1624864812193.0
2418,2021-06-28 12:57:00,1,1,0.0,34.26,33.715,940.701,43.842,37.333,54.61,540.0,2628.0,2008.0,1236.0,-0.016,0.016,-0.096,65280.0,256.0,64000.0,52.766,0.387,61.023,69.455,69.622,69.65,69.669,8.724,9.225,9.225,9.225,0.534,4.0,-86.0,0.0,100.0,4183.0,30.0,30.0,30.0,30.0,120.0,30.0,30.0,30.0,30.0,30.0,30.0,1.0,1.0,0.0,,-55.0,4.0,17.445,78.35,13.86,1624865275314.0
2425,2021-06-28 13:04:00,1,1,0.0,34.11,34.606,940.666,44.112,37.819,53.908,541.0,2639.0,2014.0,1238.0,-0.048,0.016,0.016,64768.0,256.0,256.0,53.631,0.172,57.006,64.883,65.039,65.066,65.083,8.149,8.618,8.618,8.618,0.499,8.0,-152.0,0.0,100.0,4192.0,30.0,30.0,30.0,30.0,120.0,30.0,30.0,30.0,30.0,30.0,30.0,1.0,1.0,0.0,,-55.0,4.0,17.445,78.35,13.86,1624865698282.0
2432,2021-06-28 13:11:00,1,1,0.0,33.94,35.505,940.551,50.198,37.983,63.729,543.5,2646.0,2020.5,1242.5,-0.008,0.008,0.024,32640.0,32896.0,33152.0,51.915,0.326,53.682,61.099,61.246,61.271,61.287,7.674,8.115,8.115,8.115,0.528,3.5,-38.0,0.0,100.0,4191.0,30.0,30.0,30.0,30.0,120.0,30.0,30.0,30.0,30.0,30.0,30.0,1.0,1.0,0.0,-63.0,-61.0,4.0,17.445,78.35,18.263,1624866083620.5
2433,2021-06-28 13:12:00,1,1,0.0,33.91,35.928,940.484,62.269,38.484,70.803,546.0,2660.5,2027.0,1243.5,-0.008,0.0,-0.04,32640.0,0.0,32128.0,52.563,0.306,60.233,68.555,68.72,68.748,68.766,8.611,9.105,9.105,9.105,0.518,5.0,-97.5,0.0,100.0,4183.5,30.0,30.0,30.0,30.0,120.0,30.0,30.0,30.0,30.0,30.0,30.0,1.0,1.0,27.225,-65.0,-52.5,4.0,17.445,78.35,14.099,1624866150703.0
2434,2021-06-28 13:13:00,1,1,0.0,33.88,35.914,940.48,59.078,38.325,68.356,542.0,2648.0,2019.0,1240.5,0.008,-0.016,-0.024,32896.0,65280.0,65152.0,52.891,0.29,54.893,62.478,62.628,62.654,62.67,7.847,8.298,8.298,8.298,0.49,2.5,-45.5,0.0,100.0,4206.0,30.0,30.0,30.0,30.0,120.0,30.0,30.0,30.0,30.0,30.0,30.0,1.0,1.0,24.55,-59.0,-58.0,4.0,17.445,78.35,13.129,1624866217617.5
2435,2021-06-28 13:14:00,1,1,0.0,33.85,36.021,940.379,47.991,37.937,60.266,544.0,2639.0,2022.0,1237.0,0.048,-0.032,-0.08,768.0,65024.0,64256.0,55.174,0.676,54.017,61.481,61.628,61.654,61.67,7.722,8.166,8.166,8.166,0.499,7.0,-138.0,0.0,100.0,4190.0,30.0,30.0,30.0,30.0,120.0,30.0,30.0,30.0,30.0,30.0,30.0,1.0,1.0,30.56,-51.0,-50.0,4.0,17.445,78.35,13.167,1624866264100.0
2437,2021-06-28 13:16:00,1,1,0.0,33.81,36.14,940.446,41.448,38.056,49.302,544.0,2653.0,2024.0,1246.0,-0.016,0.0,-0.016,65280.0,0.0,65280.0,55.41,0.148,52.857,60.16,60.305,60.33,60.346,7.556,7.99,7.99,7.99,0.49,4.0,-76.0,0.0,100.0,4208.0,30.0,30.0,30.0,30.0,120.0,30.0,30.0,30.0,30.0,30.0,30.0,1.0,1.0,29.167,,-50.0,4.0,17.445,78.35,13.571,1624866365487.0
2442,2021-06-28 13:21:00,1,1,0.0,33.68,36.652,940.395,44.588,37.969,56.004,546.0,2653.0,2026.0,1248.0,0.0,0.0,-0.048,0.0,0.0,64768.0,56.219,0.118,52.06,59.253,59.396,59.42,59.436,7.442,7.87,7.87,7.87,0.522,5.0,-93.0,0.0,100.0,4193.0,30.0,30.0,30.0,30.0,120.0,30.0,30.0,30.0,30.0,30.0,30.0,1.0,1.0,29.167,,-50.0,4.0,17.445,78.35,13.571,1624866682745.0
2447,2021-06-28 13:26:00,1,1,0.0,33.6,37.193,940.362,45.919,37.83,54.717,547.0,2660.0,2029.0,1245.0,-0.064,0.0,0.016,64512.0,0.0,256.0,56.074,0.078,55.156,62.777,62.928,62.954,62.971,7.885,8.338,8.338,8.338,0.535,3.0,-67.0,0.0,100.0,4197.0,30.0,30.0,30.0,30.0,120.0,30.0,30.0,30.0,30.0,30.0,30.0,1.0,1.0,29.167,,-50.0,4.0,17.445,78.35,13.571,1624866975707.0
2458,2021-06-28 13:37:00,1,1,0.0,33.46,38.092,940.228,38.633,37.991,39.435,548.0,2671.0,2030.0,1249.0,0.016,-0.032,-0.064,256.0,65024.0,64512.0,52.169,0.562,54.001,61.462,61.609,61.635,61.651,7.72,8.163,8.163,8.163,0.539,0.0,93.0,0.0,100.0,4205.0,30.0,30.0,30.0,30.0,120.0,30.0,30.0,30.0,30.0,30.0,30.0,1.0,1.0,29.167,,-50.0,4.0,17.445,78.35,13.571,1624867644162.0
2469,2021-06-28 13:48:00,1,1,0.0,33.19,39.066,940.067,37.866,37.421,38.261,549.0,2682.0,2042.0,1259.0,-0.064,0.0,0.016,64512.0,0.0,256.0,43.116,0.109,55.609,63.292,63.445,63.471,63.488,7.95,8.406,8.406,8.406,0.504,9.0,-189.0,0.0,100.0,4196.0,30.0,30.0,30.0,30.0,120.0,30.0,30.0,30.0,30.0,30.0,30.0,1.0,1.0,29.167,,-50.0,4.0,17.445,78.35,13.571,1624868294136.0
2478,2021-06-28 13:57:00,1,1,0.0,33.11,39.58,940.01,38.322,37.692,39.004,551.0,2689.0,2043.0,1252.0,0.0,-0.016,-0.032,0.0,65280.0,65024.0,42.94,0.118,59.506,67.728,67.891,67.919,67.937,8.507,8.996,8.996,8.996,0.508,3.0,-50.0,0.0,100.0,4200.0,30.0,30.0,30.0,30.0,120.0,30.0,30.0,30.0,30.0,30.0,30.0,1.0,1.0,29.167,,-50.0,4.0,17.445,78.35,13.571,1624868854877.0
2480,2021-06-28 13:59:00,1,1,0.0,33.1,39.641,939.937,38.134,37.451,38.701,551.0,2700.0,2044.0,1248.0,0.016,0.016,-0.096,256.0,256.0,64000.0,41.839,0.205,58.843,66.973,67.134,67.162,67.18,8.412,8.895,8.895,8.895,0.523,9.0,-170.0,0.0,100.0,4196.0,30.0,30.0,30.0,30.0,120.0,30.0,30.0,30.0,30.0,30.0,30.0,1.0,1.0,29.167,,-50.0,4.0,17.445,78.35,13.571,1624868943016.0
2484,2021-06-28 14:03:00,1,1,0.0,33.09,39.772,939.895,38.488,37.754,39.483,551.0,2671.0,2045.0,1253.0,0.0,0.0,-0.128,0.0,0.0,63488.0,41.898,0.031,57.885,65.882,66.041,66.068,66.086,8.275,8.75,8.75,8.75,0.513,7.0,-141.0,0.0,100.0,4186.0,30.0,30.0,30.0,30.0,120.0,30.0,30.0,30.0,30.0,30.0,30.0,1.0,1.0,29.167,,-50.0,4.0,17.445,78.35,13.571,1624869187606.0
2490,2021-06-28 14:09:00,1,1,0.0,33.09,39.967,939.899,38.17,37.427,38.668,552.0,2700.0,2045.0,1253.0,0.016,-0.016,0.032,256.0,65280.0,512.0,42.843,0.055,60.389,68.733,68.898,68.926,68.945,8.633,9.129,9.129,9.129,0.51,0.0,92.0,0.0,100.0,4191.0,30.0,30.0,30.0,30.0,120.0,30.0,30.0,30.0,30.0,30.0,30.0,1.0,1.0,29.167,,-50.0,4.0,17.445,78.35,13.571,1624869549956.0
2497,2021-06-28 14:16:00,1,1,0.0,33.1,40.162,939.836,37.836,37.34,38.992,553.0,2700.0,2049.0,1253.0,0.0,-0.016,0.048,0.0,65280.0,768.0,40.781,0.047,61.576,70.084,70.252,70.281,70.3,8.803,9.308,9.308,9.308,0.519,8.0,-157.0,0.0,100.0,4203.0,30.0,30.0,30.0,30.0,120.0,30.0,30.0,30.0,30.0,30.0,30.0,1.0,1.0,29.167,,-50.0,4.0,17.445,78.35,13.571,1624869975605.0
2501,2021-06-28 14:20:00,1,1,0.0,33.1,40.295,939.763,37.54,36.818,38.258,554.0,2692.0,2051.0,1258.0,-0.016,0.016,0.016,65280.0,256.0,256.0,41.054,0.008,57.0,64.875,65.031,65.058,65.075,8.148,8.617,8.617,8.617,0.525,6.0,-120.0,0.0,100.0,4190.0,30.0,30.0,30.0,30.0,120.0,30.0,30.0,30.0,30.0,30.0,30.0,1.0,1.0,29.167,,-50.0,4.0,17.445,78.35,13.571,1624870227506.0
2507,2021-06-28 14:26:00,1,1,0.0,33.11,40.382,939.69,37.952,37.525,38.502,553.0,2696.0,2055.0,1258.0,0.0,-0.016,0.016,0.0,65280.0,256.0,40.361,0.397,58.572,66.665,66.825,66.853,66.871,8.373,8.854,8.854,8.854,0.53,5.0,-96.0,0.0,100.0,4187.0,30.0,30.0,30.0,30.0,120.0,30.0,30.0,30.0,30.0,30.0,30.0,1.0,1.0,29.167,,-50.0,4.0,17.445,78.35,13.571,1624870602148.0
2512,2021-06-28 14:35:00,1,1,0.0,33.14,40.614,939.491,37.849,37.119,38.507,554.0,2703.0,2054.0,1256.0,0.0,0.016,0.0,0.0,256.0,0.0,42.69,0.188,61.931,70.487,70.657,70.686,70.705,8.853,9.362,9.362,9.362,0.509,7.0,-139.0,0.0,100.0,4196.0,30.0,30.0,30.0,30.0,120.0,30.0,30.0,30.0,30.0,30.0,30.0,1.0,1.0,29.167,,-50.0,4.0,17.445,78.35,13.571,1624871129676.0
2519,2021-06-28 14:42:00,1,1,2.68,33.15,40.724,939.501,38.057,37.507,40.127,557.0,2714.0,2060.0,1257.0,-0.048,0.0,-0.032,64768.0,0.0,65024.0,38.699,0.371,56.729,64.567,64.722,64.749,64.766,8.11,8.576,8.576,8.576,0.524,5.0,-103.0,0.0,100.0,4186.0,30.0,30.0,30.0,30.0,120.0,30.0,30.0,30.0,30.0,30.0,30.0,1.0,1.0,29.167,,-50.0,4.0,17.445,78.35,13.571,1624871554357.0
2524,2021-06-28 14:47:00,1,1,4.27,33.01,41.597,939.432,49.087,46.585,52.497,547.0,2621.0,2034.0,1236.0,0.0,0.0,0.016,0.0,0.0,256.0,48.239,0.426,60.499,68.857,69.023,69.051,69.07,8.649,9.146,9.146,9.146,0.494,0.0,750.0,0.0,100.0,4193.0,30.0,30.0,30.0,30.0,120.0,30.0,30.0,30.0,30.0,30.0,30.0,1.0,1.0,29.167,,-50.0,4.0,17.445,78.35,13.571,1624871847041.0
2529,2021-06-28 14:52:00,1,1,3.01,32.11,41.43,939.329,48.729,48.051,49.982,540.0,2535.0,2018.0,1214.0,-0.016,-0.032,0.032,65280.0,65024.0,512.0,47.19,0.418,65.735,74.818,74.998,75.029,75.049,9.397,9.937,9.937,9.937,0.493,0.0,305.0,0.0,100.0,4183.0,30.0,30.0,30.0,30.0,120.0,30.0,30.0,30.0,30.0,30.0,30.0,1.0,1.0,29.167,,-50.0,4.0,17.445,78.35,13.571,1624872124504.0
2536,2021-06-28 14:59:00,1,1,1.31,30.86,38.167,939.238,52.566,47.171,59.151,536.0,2425.0,2000.0,1178.0,-0.016,0.0,0.016,65280.0,0.0,256.0,45.773,0.295,54.553,62.091,62.24,62.266,62.283,7.799,8.247,8.247,8.247,0.52,0.0,462.0,0.0,100.0,4187.0,30.0,30.0,30.0,30.0,120.0,30.0,30.0,30.0,30.0,30.0,30.0,1.0,1.0,29.167,,-50.0,4.0,17.445,78.35,13.571,1624872567645.0
2551,2021-06-28 15:14:00,1,1,0.77,30.15,44.192,939.023,51.205,47.348,55.382,540.0,2457.0,2014.0,1190.0,0.0,0.0,-0.016,0.0,0.0,65280.0,47.127,0.257,55.195,62.821,62.972,62.998,63.014,7.89,8.344,8.344,8.344,0.502,50.0,-1006.0,0.0,100.0,4191.0,30.0,30.0,30.0,30.0,120.0,30.0,30.0,30.0,30.0,30.0,30.0,1.0,1.0,29.167,,-50.0,4.0,17.445,78.35,13.571,1624873495512.0
2554,2021-06-28 15:17:00,1,1,0.11,30.13,42.962,939.005,52.076,49.78,55.68,542.0,2435.0,2013.0,1187.0,0.0,0.0,-0.016,0.0,0.0,65280.0,46.545,0.434,57.643,65.608,65.765,65.793,65.81,8.24,8.714,8.714,8.714,0.519,28.0,-561.0,0.0,100.0,4198.0,30.0,30.0,30.0,30.0,120.0,30.0,30.0,30.0,30.0,30.0,30.0,1.0,1.0,29.167,,-50.0,4.0,17.445,78.35,13.571,1624873672873.0
2557,2021-06-28 15:20:00,1,1,0.0,29.96,39.513,938.901,51.214,48.636,55.586,540.0,2403.0,2013.0,1167.0,0.016,-0.032,0.016,256.0,65024.0,256.0,46.931,0.016,53.671,61.086,61.233,61.258,61.274,7.672,8.113,8.113,8.113,0.475,0.0,434.0,0.0,100.0,4176.0,30.0,30.0,30.0,30.0,120.0,30.0,30.0,30.0,30.0,30.0,30.0,1.0,1.0,29.167,,-50.0,4.0,17.445,78.35,13.571,1624873828759.0
2563,2021-06-28 15:26:00,1,1,1.26,29.69,44.58,938.869,45.987,45.356,46.727,541.0,2442.0,2022.0,1183.0,-0.016,0.0,-0.192,65280.0,0.0,62464.0,48.463,0.016,61.875,70.424,70.594,70.623,70.642,8.845,9.354,9.354,9.354,0.491,29.0,-584.0,0.0,100.0,4186.0,30.0,30.0,30.0,30.0,120.0,30.0,30.0,30.0,30.0,30.0,30.0,1.0,1.0,29.167,,-50.0,4.0,17.445,78.35,13.571,1624874166058.0
2570,2021-06-28 15:33:00,1,1,0.0,29.77,43.709,938.901,48.177,47.523,48.941,541.0,2421.0,2021.0,1176.0,-0.064,0.016,-0.048,64512.0,256.0,64768.0,49.869,0.194,64.003,72.847,73.022,73.052,73.071,9.15,9.675,9.675,9.675,0.499,19.0,-379.0,0.0,100.0,4191.0,30.0,30.0,30.0,30.0,120.0,30.0,30.0,30.0,30.0,30.0,30.0,1.0,1.0,29.167,,-50.0,4.0,17.445,78.35,13.571,1624874595417.0
2576,2021-06-28 15:39:00,1,1,0.98,29.39,44.454,938.929,45.531,44.837,46.293,538.0,2410.0,2012.0,1181.0,-0.032,0.016,0.016,65024.0,256.0,256.0,49.807,0.156,61.182,69.635,69.803,69.832,69.85,8.746,8.311,8.293,8.293,0.519,29.0,-575.0,0.0,100.0,4188.0,30.0,30.0,30.0,30.0,120.0,30.0,30.0,30.0,30.0,30.0,30.0,1.0,1.0,29.167,,-50.0,4.0,17.445,78.35,13.571,1624874958864.0
2582,2021-06-28 15:45:00,1,1,0.05,29.56,46.321,938.852,47.629,46.404,48.656,542.0,2442.0,2012.0,1184.0,0.0,-0.016,0.048,0.0,65280.0,768.0,49.956,0.226,60.337,68.673,68.838,68.867,68.885,8.625,9.121,9.121,9.121,0.514,29.0,-580.0,0.0,100.0,4197.0,30.0,30.0,30.0,30.0,120.0,30.0,30.0,30.0,30.0,30.0,30.0,1.0,1.0,29.167,,-50.0,4.0,17.445,78.35,13.571,1624875351144.0
2590,2021-06-28 15:53:00,1,1,0.67,29.15,45.571,938.726,45.638,44.562,46.649,539.0,2396.0,2011.0,1175.0,-0.032,-0.016,0.016,65024.0,65280.0,256.0,48.264,0.126,52.862,60.166,60.311,60.336,60.352,7.557,7.991,7.991,7.991,0.511,46.0,-925.0,0.0,100.0,4190.0,30.0,30.0,30.0,30.0,120.0,30.0,30.0,30.0,30.0,30.0,30.0,1.0,1.0,29.167,,-50.0,4.0,17.445,78.35,13.571,1624875811844.0
2599,2021-06-28 16:02:00,1,1,0.0,29.31,45.299,938.697,47.985,47.299,48.632,541.0,2410.0,2015.0,1176.0,-0.016,-0.016,-0.016,65280.0,65280.0,65280.0,47.275,0.164,54.928,62.517,62.667,62.693,62.71,7.852,8.678,8.632,8.632,0.479,0.0,332.0,0.0,100.0,4192.0,30.0,30.0,30.0,30.0,120.0,30.0,30.0,30.0,30.0,30.0,30.0,1.0,1.0,29.167,,-50.0,4.0,17.445,78.35,13.571,1624876339541.0
2606,2021-06-28 16:09:00,1,1,0.0,29.03,46.867,938.742,46.08,45.335,47.162,539.0,2396.0,2007.0,1175.0,0.016,0.0,0.048,256.0,0.0,768.0,48.327,0.426,56.795,64.642,64.797,64.824,64.841,8.119,8.586,8.586,8.586,0.517,50.0,-989.0,0.0,100.0,4190.0,30.0,30.0,30.0,30.0,120.0,30.0,30.0,30.0,30.0,30.0,30.0,1.0,1.0,29.167,,-50.0,4.0,17.445,78.35,13.571,1624876792175.0
2614,2021-06-28 16:17:00,1,1,0.0,29.54,46.583,938.68,44.953,42.713,51.867,542.0,2428.0,2018.0,1183.0,-0.032,0.016,0.048,65024.0,256.0,768.0,48.479,0.357,59.618,67.855,68.019,68.047,68.065,8.523,9.012,9.012,9.012,0.504,35.0,-699.0,0.0,100.0,4187.0,30.0,30.0,30.0,30.0,120.0,30.0,30.0,30.0,30.0,30.0,30.0,1.0,1.0,29.167,,-50.0,4.0,17.445,78.35,13.571,1624877239554.0
2618,2021-06-28 16:21:00,1,1,0.0,29.85,47.613,938.708,50.685,44.073,57.815,551.0,2471.0,2044.0,1195.0,0.0,-0.016,0.0,0.0,65280.0,0.0,47.702,0.196,61.45,69.94,70.108,70.137,70.156,8.785,9.289,9.289,9.289,0.547,41.0,-819.0,0.0,100.0,4186.0,30.0,30.0,30.0,30.0,120.0,30.0,30.0,30.0,30.0,30.0,30.0,1.0,1.0,29.167,,-50.0,4.0,17.445,78.35,13.571,1624877485652.0
2624,2021-06-28 16:27:00,1,1,0.0,30.18,47.877,938.664,54.837,45.84,59.902,555.0,2528.0,2051.0,1203.0,0.016,0.0,0.032,256.0,0.0,512.0,46.877,0.441,60.399,68.744,68.91,68.938,68.957,8.634,9.131,9.131,9.131,0.526,38.0,-767.0,0.0,100.0,4182.0,30.0,30.0,30.0,30.0,120.0,30.0,30.0,30.0,30.0,30.0,30.0,1.0,1.0,29.167,,-50.0,4.0,17.445,78.35,13.571,1624877878565.0
2630,2021-06-28 16:33:00,1,1,0.0,30.39,47.946,938.636,45.232,44.578,46.056,553.0,2517.0,2048.0,1203.0,0.0,0.0,-0.016,0.0,0.0,65280.0,47.127,0.426,62.752,71.422,71.594,71.624,71.643,8.971,9.486,9.486,9.486,0.522,27.0,-548.0,0.0,100.0,4173.0,30.0,30.0,30.0,30.0,120.0,30.0,30.0,30.0,30.0,30.0,30.0,1.0,1.0,29.167,,-50.0,4.0,17.445,78.35,13.571,1624878207291.0
2642,2021-06-28 16:45:00,1,1,0.0,30.66,47.746,938.641,49.159,44.69,57.162,750.0,3403.0,2604.0,1453.0,0.0,0.016,0.08,0.0,256.0,1280.0,46.617,0.715,59.166,67.341,67.503,67.531,67.549,8.458,8.944,8.944,8.944,0.535,32.0,-643.0,0.0,100.0,4196.0,30.0,30.0,30.0,30.0,120.0,30.0,30.0,30.0,30.0,30.0,30.0,1.0,1.0,29.167,,-50.0,4.0,17.445,78.35,13.571,1624878950429.0
2663,2021-06-28 17:06:00,1,1,2.82,31.01,49.024,938.5,49.269,46.63,51.251,733.0,3228.0,2553.0,1401.0,-0.032,0.0,-0.032,65024.0,0.0,65024.0,46.523,0.295,62.475,71.107,71.278,71.307,71.327,8.931,9.444,9.444,9.444,0.539,24.0,-481.0,0.0,100.0,4181.0,30.0,30.0,30.0,30.0,120.0,30.0,30.0,30.0,30.0,30.0,30.0,1.0,1.0,29.167,,-50.0,4.0,17.445,78.35,13.571,1624880211287.0
2664,2021-06-28 17:07:00,1,1,3.09,30.99,49.166,938.517,50.164,46.999,54.383,733.0,3250.0,2559.0,1398.0,0.016,0.032,-0.032,65280.0,65280.0,65024.0,47.639,0.334,63.581,72.365,72.539,72.569,72.589,9.089,9.611,9.611,9.611,0.515,12.0,-242.0,0.0,100.0,4200.0,30.0,30.0,30.0,30.0,120.0,30.0,30.0,30.0,30.0,30.0,30.0,1.0,1.0,29.167,,-50.0,4.0,17.445,78.35,13.571,1624880242467.0
2666,2021-06-28 17:09:00,1,1,3.35,30.94,49.811,938.558,51.57,46.846,57.913,731.0,3192.0,2545.0,1396.0,-0.032,-0.016,-0.032,65024.0,65280.0,65024.0,47.639,0.734,60.991,69.417,69.584,69.613,69.632,8.719,9.22,9.22,9.22,0.526,10.0,-192.0,0.0,100.0,4175.0,30.0,30.0,30.0,30.0,120.0,30.0,30.0,30.0,30.0,30.0,30.0,1.0,1.0,29.167,,-50.0,4.0,17.445,78.35,13.571,1624880359065.0
2669,2021-06-28 17:12:00,1,1,3.24,30.82,48.558,938.501,52.82,47.214,60.663,729.0,3142.0,2540.0,1379.0,0.0,0.0,0.032,0.0,0.0,512.0,47.568,0.249,62.143,70.729,70.899,70.928,70.947,8.884,9.394,9.394,9.394,0.523,1.0,-18.0,0.0,100.0,4187.0,30.0,30.0,30.0,30.0,120.0,30.0,30.0,30.0,30.0,30.0,30.0,1.0,1.0,29.167,,-50.0,4.0,17.445,78.35,13.571,1624880523814.0
2684,2021-06-28 17:27:00,1,1,0.0,29.57,45.662,938.57,50.179,45.818,59.086,703.0,2771.0,2471.0,1276.0,0.016,0.0,0.016,256.0,0.0,256.0,45.692,0.233,59.548,67.775,67.938,67.966,67.984,8.513,9.002,9.002,9.002,0.484,40.0,-804.0,0.0,100.0,4166.0,30.0,30.0,30.0,30.0,120.0,30.0,30.0,30.0,30.0,30.0,30.0,1.0,1.0,29.167,,-50.0,4.0,17.445,78.35,13.571,1624881448876.0
2692,2021-06-28 17:35:00,1,1,0.0,29.82,46.215,938.67,43.184,42.706,43.627,696.0,2782.0,2452.0,1275.0,0.0,0.016,-0.144,0.0,256.0,63232.0,35.26,0.434,61.688,70.212,70.38,70.409,70.428,8.819,9.325,9.325,9.325,0.501,29.0,-574.0,0.0,100.0,4184.0,30.0,30.0,30.0,30.0,120.0,30.0,30.0,30.0,30.0,30.0,30.0,1.0,1.0,29.167,,-50.0,4.0,17.445,78.35,13.571,1624881947821.0
2702,2021-06-28 17:45:00,1,1,0.0,30.86,44.321,938.633,37.346,36.394,38.098,699.0,2835.0,2458.0,1291.0,0.048,0.0,-0.112,768.0,0.0,63744.0,35.419,0.66,62.241,70.841,71.011,71.04,71.059,8.898,9.409,9.409,9.409,0.527,20.0,-406.0,0.0,100.0,4184.0,30.0,30.0,30.0,30.0,120.0,30.0,30.0,30.0,30.0,30.0,30.0,1.0,1.0,29.167,,-50.0,4.0,17.445,78.35,13.571,1624882538297.0
2711,2021-06-28 17:54:00,1,1,0.0,31.31,43.713,938.7,37.766,37.24,38.256,700.0,2835.0,2464.0,1292.0,-0.016,0.016,0.016,65280.0,256.0,256.0,35.075,0.117,58.352,66.415,66.574,66.602,66.62,8.342,8.821,8.821,8.821,0.542,7.0,-134.0,0.0,100.0,4186.0,30.0,30.0,30.0,30.0,120.0,30.0,30.0,30.0,30.0,30.0,30.0,1.0,1.0,29.167,,-50.0,4.0,17.445,78.35,13.571,1624883098664.0
2720,2021-06-28 18:03:00,1,1,0.0,31.56,43.459,938.756,37.791,37.232,38.135,700.0,2835.0,2461.0,1295.0,-0.08,-0.016,-0.032,64256.0,65280.0,65024.0,34.969,0.187,57.166,65.069,65.229,65.256,65.274,8.173,8.646,8.649,8.649,0.539,9.0,-187.0,0.0,100.0,4185.0,30.0,30.0,30.0,30.0,120.0,30.0,30.0,30.0,30.0,30.0,30.0,1.0,1.0,29.167,,-50.0,4.0,17.445,78.35,13.571,1624883591809.0
2727,2021-06-28 18:10:00,1,1,0.0,31.76,43.223,938.845,37.766,37.427,38.12,699.0,2846.0,2464.0,1296.0,-0.032,0.0,0.0,65024.0,0.0,0.0,34.409,0.349,58.481,66.561,66.721,66.748,66.766,8.36,8.84,8.84,8.84,0.515,10.0,-209.0,0.0,100.0,4190.0,30.0,30.0,30.0,30.0,120.0,30.0,30.0,30.0,30.0,30.0,30.0,1.0,1.0,29.167,,-50.0,4.0,17.445,78.35,13.571,1624884022070.0
2735,2021-06-28 18:18:00,1,1,0.0,31.95,43.0,938.874,37.432,37.054,38.295,699.0,2846.0,2462.0,1292.0,0.0,0.016,-0.096,0.0,256.0,64000.0,34.378,0.554,59.064,67.225,67.387,67.414,67.432,8.444,8.929,8.929,8.929,0.535,10.0,-191.0,0.0,100.0,4184.0,30.0,30.0,30.0,30.0,120.0,30.0,30.0,30.0,30.0,30.0,30.0,1.0,1.0,29.167,,-50.0,4.0,17.445,78.35,13.571,1624884520045.0
2742,2021-06-28 18:25:00,1,1,0.0,32.07,42.855,938.874,37.292,36.769,37.701,700.0,2842.0,2463.0,1297.0,-0.016,0.016,-0.192,65280.0,256.0,62464.0,34.597,0.039,62.049,70.622,70.792,70.821,70.84,8.87,9.38,9.38,9.38,0.534,1.0,-19.0,0.0,100.0,4184.0,30.0,30.0,30.0,30.0,120.0,30.0,30.0,30.0,30.0,30.0,30.0,1.0,1.0,29.167,,-50.0,4.0,17.445,78.35,13.571,1624884912321.0
2751,2021-06-28 18:34:00,1,1,0.0,32.22,42.687,938.934,37.37,37.037,37.998,700.0,2839.0,2463.0,1292.0,0.0,-0.016,0.096,0.0,65280.0,1536.0,34.003,0.318,60.137,68.446,68.611,68.639,68.657,8.597,9.091,9.091,9.091,0.542,9.0,-178.0,0.0,100.0,4187.0,30.0,30.0,30.0,30.0,120.0,30.0,30.0,30.0,30.0,30.0,30.0,1.0,1.0,29.167,,-50.0,4.0,17.445,78.35,13.571,1624885472857.0
2761,2021-06-28 18:44:00,1,1,0.0,32.35,42.59,938.989,37.429,36.997,38.3,699.0,2846.0,2454.0,1292.0,-0.032,0.016,-0.08,65024.0,256.0,64256.0,34.001,0.101,58.099,66.127,66.286,66.313,66.331,8.306,8.783,8.783,8.783,0.536,2.0,-32.0,0.0,100.0,4188.0,30.0,30.0,30.0,30.0,120.0,30.0,30.0,30.0,30.0,30.0,30.0,1.0,1.0,29.167,,-50.0,4.0,17.445,78.35,13.571,1624886067305.0
2772,2021-06-28 18:55:00,1,1,0.0,32.46,42.54,939.007,37.653,37.255,38.241,699.0,2846.0,2454.0,1297.0,0.0,0.0,-0.064,0.0,0.0,64512.0,33.479,0.094,51.44,58.551,58.694,58.719,58.735,7.354,7.78,7.782,7.782,0.549,3.0,-59.0,0.0,100.0,4173.0,30.0,30.0,30.0,30.0,120.0,30.0,30.0,30.0,30.0,30.0,30.0,1.0,1.0,29.167,,-50.0,4.0,17.445,78.35,13.571,1624886728862.0
2782,2021-06-28 19:05:00,1,1,0.0,32.54,42.499,939.156,37.388,37.016,37.896,699.0,2846.0,2453.0,1292.0,0.032,0.0,-0.064,512.0,0.0,64512.0,33.51,0.023,56.074,63.821,63.975,64.001,64.018,8.016,8.477,8.477,8.477,0.498,0.0,48.0,0.0,100.0,4179.0,30.0,30.0,30.0,30.0,120.0,30.0,30.0,30.0,30.0,30.0,30.0,1.0,1.0,29.167,,-50.0,4.0,17.445,78.35,13.571,1624887343585.0
2791,2021-06-28 19:14:00,1,1,0.0,32.59,42.479,939.253,37.536,37.174,37.793,698.0,2846.0,2456.0,1296.0,0.064,-0.032,0.08,1024.0,65024.0,1280.0,33.361,0.125,62.069,70.645,70.815,70.844,70.863,8.873,9.383,9.383,9.383,0.523,0.0,56.0,0.0,100.0,4189.0,30.0,30.0,30.0,30.0,120.0,30.0,30.0,30.0,30.0,30.0,30.0,1.0,1.0,29.167,,-50.0,4.0,17.445,78.35,13.571,1624887849837.0
2801,2021-06-28 19:24:00,1,1,0.03,32.66,42.499,939.359,37.569,37.033,37.91,695.0,2817.0,2446.0,1292.0,-0.048,0.032,-0.016,64768.0,512.0,65280.0,33.33,0.318,61.031,69.463,69.63,69.659,69.678,8.725,9.226,9.226,9.226,0.539,7.0,-142.0,0.0,100.0,4179.0,30.0,30.0,30.0,30.0,120.0,30.0,30.0,30.0,30.0,30.0,30.0,1.0,1.0,29.167,,-50.0,4.0,17.445,78.35,13.571,1624888440303.0
2813,2021-06-28 19:36:00,1,1,0.05,32.71,42.588,939.535,37.588,37.32,37.969,693.0,2821.0,2441.0,1292.0,0.0,0.016,-0.048,0.0,256.0,64768.0,33.33,0.148,62.6,71.25,71.421,71.45,71.469,8.949,9.463,9.463,9.463,0.531,6.0,-127.0,0.0,100.0,4181.0,30.0,30.0,30.0,30.0,120.0,30.0,30.0,30.0,30.0,30.0,30.0,1.0,1.0,29.167,,-50.0,4.0,17.445,78.35,13.571,1624889162103.0
2822,2021-06-28 19:45:00,1,1,0.07,32.76,42.581,939.703,37.481,37.1,37.796,691.0,2821.0,2432.0,1295.0,0.032,-0.016,-0.16,512.0,65280.0,62976.0,33.33,0.326,58.751,66.868,67.029,67.056,67.074,8.399,8.881,8.881,8.881,0.527,7.0,-134.0,0.0,100.0,4180.0,30.0,30.0,30.0,30.0,120.0,30.0,30.0,30.0,30.0,30.0,30.0,1.0,1.0,29.167,,-50.0,4.0,17.445,78.35,13.571,1624889758041.0
2833,2021-06-28 19:56:00,1,1,0.05,32.81,42.645,939.777,37.534,37.161,37.783,687.0,2814.0,2424.0,1288.0,0.032,0.032,-0.096,512.0,512.0,64000.0,33.361,0.257,61.52,70.02,70.189,70.218,70.236,8.795,9.3,9.3,9.3,0.486,2.0,-30.0,0.0,100.0,4179.0,30.0,30.0,30.0,30.0,120.0,30.0,30.0,30.0,30.0,30.0,30.0,1.0,1.0,29.167,,-50.0,4.0,17.445,78.35,13.571,1624890418488.0
2840,2021-06-28 20:03:00,1,1,0.03,32.84,42.599,939.872,37.775,37.345,38.22,685.0,2807.0,2423.0,1289.0,0.0,-0.016,0.08,0.0,65280.0,1280.0,33.267,0.164,64.014,72.859,73.034,73.064,73.084,9.151,9.677,9.677,9.677,0.547,0.0,72.0,0.0,100.0,4175.0,30.0,30.0,30.0,30.0,120.0,30.0,30.0,30.0,30.0,30.0,30.0,1.0,1.0,29.167,,-50.0,4.0,17.445,78.35,13.571,1624890826576.0
2847,2021-06-28 20:10:00,1,1,0.05,32.86,42.613,939.99,37.689,37.31,38.052,683.0,2807.0,2410.0,1284.0,0.016,-0.032,0.032,256.0,65024.0,512.0,33.392,0.071,63.837,72.657,72.832,72.862,72.881,9.126,9.65,9.65,9.65,0.534,7.0,-138.0,0.0,100.0,4177.0,30.0,30.0,30.0,30.0,120.0,30.0,30.0,30.0,30.0,30.0,30.0,1.0,1.0,29.167,,-50.0,4.0,17.445,78.35,13.571,1624891213124.0
2853,2021-06-28 20:16:00,1,1,0.04,32.88,42.628,940.012,37.517,37.093,37.87,682.0,2810.0,2409.0,1285.0,-0.064,0.0,-0.096,64512.0,0.0,64000.0,33.361,0.34,64.132,72.993,73.169,73.199,73.219,9.168,9.695,9.695,9.695,0.529,12.0,-248.0,0.0,100.0,4179.0,30.0,30.0,30.0,30.0,120.0,30.0,30.0,30.0,30.0,30.0,30.0,1.0,1.0,29.167,,-50.0,4.0,17.445,78.35,13.571,1624891608650.0
2860,2021-06-28 20:23:00,1,1,0.03,32.9,42.666,940.061,37.522,37.236,37.777,678.0,2792.0,2407.0,1287.0,0.016,0.0,-0.064,256.0,0.0,64512.0,33.33,0.533,61.189,69.644,69.811,69.84,69.859,8.747,9.25,9.25,9.25,0.51,5.0,-98.0,0.0,100.0,4179.0,30.0,30.0,30.0,30.0,120.0,30.0,30.0,30.0,30.0,30.0,30.0,1.0,1.0,29.167,,-50.0,4.0,17.445,78.35,13.571,1624892020174.0
2866,2021-06-28 20:29:00,1,1,0.01,32.91,42.655,940.114,37.65,37.117,37.986,679.0,2825.0,2397.0,1291.0,-0.064,0.016,0.08,64512.0,256.0,1280.0,33.541,0.031,65.23,74.243,74.421,74.452,74.472,9.325,10.048,10.058,10.058,0.519,10.0,-192.0,0.0,100.0,4185.0,30.0,30.0,30.0,30.0,120.0,30.0,30.0,30.0,30.0,30.0,30.0,1.0,1.0,29.167,,-50.0,4.0,17.445,78.35,13.571,1624892368281.0
2872,2021-06-28 20:35:00,1,1,0.04,32.94,42.621,940.264,37.695,37.33,38.113,675.0,2814.0,2399.0,1291.0,0.0,0.016,0.032,0.0,256.0,512.0,33.82,0.249,60.401,68.746,68.911,68.94,68.958,8.635,9.131,9.131,9.131,0.531,0.0,1.0,0.0,100.0,4185.0,30.0,30.0,30.0,30.0,120.0,30.0,30.0,30.0,30.0,30.0,30.0,1.0,1.0,29.167,,-50.0,4.0,17.445,78.35,13.571,1624892739022.0
2884,2021-06-28 20:47:00,1,1,0.06,32.96,42.671,940.527,37.528,37.051,38.265,674.0,2814.0,2388.0,1286.0,-0.016,0.016,-0.064,65280.0,256.0,64512.0,33.604,0.486,63.928,72.761,72.936,72.966,72.986,9.139,9.664,9.664,9.664,0.532,1.0,-20.0,0.0,100.0,4185.0,30.0,30.0,30.0,30.0,120.0,30.0,30.0,30.0,30.0,30.0,30.0,1.0,1.0,29.167,,-50.0,4.0,17.445,78.35,13.571,1624893452430.0
2895,2021-06-28 20:58:00,1,1,0.06,32.99,42.662,940.629,37.742,37.421,38.424,670.0,2785.0,2385.0,1285.0,0.032,0.0,-0.032,512.0,0.0,65024.0,33.33,0.387,66.163,75.304,75.485,75.517,75.537,9.458,10.002,10.002,10.002,0.536,8.0,-169.0,0.0,100.0,4190.0,30.0,30.0,30.0,30.0,120.0,30.0,30.0,30.0,30.0,30.0,30.0,1.0,1.0,29.167,,-50.0,4.0,17.445,78.35,13.571,1624894115884.0
2899,2021-06-28 21:02:00,1,1,0.23,32.98,42.71,940.663,37.342,37.042,37.63,670.0,2796.0,2383.0,1288.0,0.032,-0.032,0.048,512.0,65024.0,768.0,33.541,0.148,58.262,66.312,66.471,66.498,66.516,8.329,8.807,8.807,8.807,0.501,5.0,-95.0,0.0,100.0,4182.0,30.0,30.0,30.0,30.0,120.0,30.0,30.0,30.0,30.0,30.0,30.0,1.0,1.0,29.167,,-50.0,4.0,17.445,78.35,13.571,1624894349055.0
2901,2021-06-28 21:04:00,1,1,1.33,32.99,42.699,940.716,37.521,36.927,37.85,669.0,2796.0,2379.0,1285.0,-0.016,-0.016,-0.016,65280.0,65280.0,65280.0,33.604,0.148,62.664,71.322,71.493,71.523,71.542,8.958,9.473,9.473,9.473,0.522,0.0,0.0,0.0,100.0,4187.0,30.0,30.0,30.0,30.0,120.0,30.0,30.0,30.0,30.0,30.0,30.0,1.0,1.0,29.167,,-50.0,4.0,17.445,78.35,13.571,1624894472158.0
2910,2021-06-28 21:13:00,1,1,3.8,32.88,43.911,940.878,47.735,46.921,50.581,649.0,2757.0,2318.0,1272.0,-0.016,0.0,-0.192,65280.0,0.0,62464.0,39.71,0.202,61.89,70.441,70.611,70.64,70.659,8.848,9.356,9.356,9.356,0.535,0.0,190.0,0.0,100.0,4184.0,30.0,30.0,30.0,30.0,120.0,30.0,30.0,30.0,30.0,30.0,30.0,1.0,1.0,29.167,,-50.0,4.0,17.445,78.35,13.571,1624894986421.0
2918,2021-06-28 21:21:00,1,1,3.63,32.11,42.446,940.952,49.033,48.109,50.08,629.0,2664.0,2261.0,1243.0,0.0,0.0,-0.048,0.0,0.0,64768.0,39.118,0.023,60.853,69.26,69.427,69.455,69.474,8.699,9.199,9.199,9.199,0.532,0.0,336.0,0.0,100.0,4187.0,30.0,30.0,30.0,30.0,120.0,30.0,30.0,30.0,30.0,30.0,30.0,1.0,1.0,29.167,,-50.0,4.0,17.445,78.35,13.571,1624895469959.0
2937,2021-06-28 21:52:00,1,1,1.46,29.86,37.432,941.379,50.89,48.541,53.074,601.0,2457.0,2180.0,1193.0,-0.048,0.016,-0.176,64768.0,256.0,62720.0,39.157,0.349,49.218,62.484,62.634,62.66,62.677,7.848,8.299,8.299,8.299,0.543,1.0,-21.0,0.0,100.0,4179.0,30.0,30.0,30.0,30.0,120.0,30.0,30.0,30.0,30.0,30.0,30.0,1.0,1.0,29.167,,-50.0,4.0,17.445,78.35,13.571,1624897321563.0
2946,2021-06-28 22:01:00,1,1,0.0,29.39,35.272,941.581,53.447,51.061,58.205,592.0,2385.0,2165.0,1176.0,-0.016,-0.016,-0.016,65280.0,65280.0,65280.0,39.282,0.125,53.482,60.965,61.175,61.213,61.232,7.666,8.167,8.217,8.226,0.562,0.0,317.0,0.0,100.0,4181.0,30.0,30.0,30.0,30.0,120.0,30.0,30.0,30.0,30.0,30.0,30.0,1.0,1.0,29.167,,-50.0,4.0,17.445,78.35,13.571,1624897867228.0
2951,2021-06-28 22:06:00,1,1,0.0,29.06,34.597,941.526,53.226,49.167,61.152,589.0,2378.0,2154.0,1165.0,0.016,-0.032,0.064,256.0,65024.0,1024.0,38.722,0.086,51.016,58.065,58.205,58.229,58.244,7.293,7.712,7.712,7.712,0.522,0.0,130.0,0.0,100.0,4186.0,30.0,30.0,30.0,30.0,120.0,30.0,30.0,30.0,30.0,30.0,30.0,1.0,1.0,29.167,,-50.0,4.0,17.445,78.35,13.571,1624898211432.0
2955,2021-06-28 22:10:00,1,1,0.0,28.96,38.212,941.552,53.274,45.608,59.486,587.0,2421.0,2146.0,1173.0,0.016,0.0,0.032,256.0,0.0,512.0,38.938,0.14,47.052,53.553,53.682,53.704,53.718,6.726,7.113,7.113,7.113,0.536,45.0,-893.0,0.0,100.0,4181.0,30.0,30.0,30.0,30.0,120.0,30.0,30.0,30.0,30.0,30.0,30.0,1.0,1.0,29.167,,-50.0,4.0,17.445,78.35,13.571,1624898425979.0
2962,2021-06-28 22:17:00,1,1,0.0,29.16,43.651,941.593,51.417,44.29,59.326,582.0,2475.0,2138.0,1194.0,-0.016,0.016,-0.048,65280.0,256.0,64768.0,38.753,0.218,51.793,58.949,59.091,59.115,59.131,7.404,7.83,7.83,7.83,0.539,62.0,-1235.0,0.0,100.0,4171.0,30.0,30.0,30.0,30.0,120.0,30.0,30.0,30.0,30.0,30.0,30.0,1.0,1.0,29.167,,-50.0,4.0,17.445,78.35,13.571,1624898853983.0
2969,2021-06-28 22:24:00,1,1,0.0,29.36,45.4,941.531,51.597,46.643,59.196,585.0,2489.0,2139.0,1203.0,-0.032,-0.016,-0.048,65024.0,65280.0,64768.0,39.125,0.172,50.294,57.243,57.38,57.404,57.419,7.19,7.603,7.603,7.603,0.511,59.0,-1170.0,0.0,100.0,4184.0,30.0,30.0,30.0,30.0,120.0,30.0,30.0,30.0,30.0,30.0,30.0,1.0,1.0,29.167,,-50.0,4.0,17.445,78.35,13.571,1624899262385.0
2977,2021-06-28 22:32:00,1,1,0.0,29.43,45.9,941.56,46.28,43.585,52.211,583.0,2496.0,2135.0,1198.0,-0.032,-0.016,0.08,65024.0,65280.0,1280.0,39.094,0.047,52.307,59.534,59.677,59.702,59.718,7.478,7.907,7.907,7.907,0.518,34.0,-688.0,0.0,100.0,4181.0,30.0,30.0,30.0,30.0,120.0,30.0,30.0,30.0,30.0,30.0,30.0,1.0,1.0,29.167,,-50.0,4.0,17.445,78.35,13.571,1624899747991.0
2990,2021-06-28 22:45:00,1,1,0.0,29.81,45.914,941.484,52.165,44.672,57.399,588.0,2517.0,2145.0,1208.0,0.0,0.0,0.048,0.0,0.0,768.0,39.063,0.194,49.974,56.879,57.016,57.039,57.055,7.144,7.555,7.555,7.555,0.527,38.0,-753.0,0.0,100.0,4183.0,30.0,30.0,30.0,30.0,120.0,30.0,30.0,30.0,30.0,30.0,30.0,1.0,1.0,29.167,,-50.0,4.0,17.445,78.35,13.571,1624900556432.0
3002,2021-06-28 22:57:00,1,1,0.0,29.94,46.312,941.333,54.408,44.304,63.057,589.0,2535.0,2146.0,1207.0,-0.016,0.0,0.016,65280.0,0.0,256.0,39.25,0.395,54.29,61.873,62.078,62.115,62.133,7.779,8.279,8.323,8.331,0.552,28.0,-554.0,0.0,100.0,4186.0,30.0,30.0,30.0,30.0,120.0,30.0,30.0,30.0,30.0,30.0,30.0,1.0,1.0,29.167,,-50.0,4.0,17.445,78.35,13.571,1624901220541.0
3010,2021-06-28 23:05:00,1,1,0.0,30.12,46.426,941.276,56.369,48.109,62.942,591.0,2550.0,2152.0,1216.0,-0.016,0.0,0.0,65280.0,0.0,0.0,39.125,0.249,50.955,57.995,58.134,58.158,58.174,7.284,7.703,7.703,7.703,0.535,20.0,-390.0,0.0,100.0,4177.0,30.0,30.0,30.0,30.0,120.0,30.0,30.0,30.0,30.0,30.0,30.0,1.0,1.0,29.167,,-50.0,4.0,17.445,78.35,13.571,1624901737948.0
3018,2021-06-28 23:13:00,1,1,0.0,30.24,46.499,941.284,53.879,44.414,64.611,589.0,2560.0,2156.0,1219.0,0.0,-0.032,-0.096,0.0,65024.0,64000.0,39.157,0.357,48.41,55.241,55.471,55.514,55.531,6.951,7.443,7.518,7.533,0.572,7.0,-147.0,0.0,100.0,4193.0,30.0,30.0,30.0,30.0,120.0,30.0,30.0,30.0,30.0,30.0,30.0,1.0,1.0,29.167,,-50.0,4.0,17.445,78.35,13.571,1624902190059.0
3025,2021-06-28 23:20:00,1,1,0.0,30.34,46.569,941.159,53.454,47.608,61.082,593.0,2567.0,2159.0,1218.0,0.0,-0.016,-0.128,0.0,65280.0,63488.0,39.219,0.086,56.519,64.328,64.483,64.51,64.527,8.08,8.544,8.544,8.544,0.532,26.0,-524.0,0.0,100.0,4170.0,30.0,30.0,30.0,30.0,120.0,30.0,30.0,30.0,30.0,30.0,30.0,1.0,1.0,29.167,,-50.0,4.0,17.445,78.35,13.571,1624902628908.0
3032,2021-06-28 23:27:00,1,1,0.0,30.42,46.77,941.089,54.357,45.926,63.365,590.0,2575.0,2164.0,1221.0,-0.016,0.0,-0.016,65280.0,0.0,65280.0,38.659,0.244,46.3,52.697,52.824,52.845,52.859,6.619,6.999,6.999,6.999,0.533,19.0,-372.0,0.0,100.0,4187.0,30.0,30.0,30.0,30.0,120.0,30.0,30.0,30.0,30.0,30.0,30.0,1.0,1.0,29.167,,-50.0,4.0,17.445,78.35,13.571,1624903047654.0
3045,2021-06-28 23:43:00,1,1,0.0,30.64,46.937,941.086,55.577,48.75,62.724,596.0,2600.0,2174.0,1223.0,0.048,-0.016,0.0,768.0,65280.0,0.0,39.157,0.078,47.314,53.851,53.981,54.003,54.018,6.764,7.153,7.153,7.153,0.542,27.0,-544.0,0.0,100.0,4179.0,30.0,30.0,30.0,30.0,120.0,30.0,30.0,30.0,30.0,30.0,30.0,1.0,1.0,29.167,,-50.0,4.0,17.445,78.35,13.571,1624904035704.0
3055,2021-06-28 23:53:00,1,1,0.0,30.675,47.315,940.935,52.331,44.98,64.522,597.5,2606.5,2173.5,1231.5,-0.008,0.008,-0.032,32640.0,128.0,32256.0,38.257,0.179,48.021,54.656,54.788,54.811,54.826,6.865,7.26,7.26,7.26,0.533,23.5,-468.5,0.0,100.0,4205.0,30.0,30.0,30.0,30.0,120.0,30.0,30.0,30.0,30.0,30.0,30.0,1.0,1.0,29.167,,-55.5,4.0,17.445,78.35,13.571,1624904613209.0
3056,2021-06-28 23:54:00,1,1,0.0,30.71,47.246,940.853,54.662,44.524,60.682,599.0,2596.0,2175.0,1226.0,0.016,0.0,0.064,256.0,0.0,1024.0,38.292,0.257,51.358,58.454,58.594,58.619,58.634,7.342,7.764,7.764,7.764,0.525,15.0,-297.0,0.0,100.0,4222.0,30.0,30.0,30.0,30.0,120.0,30.0,30.0,30.0,30.0,30.0,30.0,1.0,1.0,29.167,,-55.0,4.0,17.445,78.35,13.571,1624904683692.0
3058,2021-06-28 23:56:00,1,1,0.0,30.78,47.168,940.855,48.342,44.301,53.04,598.0,2617.0,2175.0,1231.0,0.064,-0.032,-0.032,1024.0,65024.0,65024.0,38.503,0.463,45.31,51.571,51.695,51.716,51.73,6.477,6.85,6.85,6.85,0.546,27.0,-532.0,0.0,100.0,4203.0,30.0,30.0,30.0,30.0,120.0,30.0,30.0,30.0,30.0,30.0,30.0,1.0,1.0,29.167,,-55.0,4.0,17.445,78.35,13.571,1624904765040.0
3059,2021-06-28 23:57:00,1,1,0.0,30.82,47.088,940.785,45.158,44.263,46.243,599.0,2607.0,2177.0,1237.0,0.016,0.016,-0.08,256.0,256.0,64256.0,38.628,0.441,52.233,59.449,59.592,59.617,59.633,7.467,7.896,7.896,7.896,0.547,20.0,-391.0,0.0,100.0,4221.0,30.0,30.0,30.0,30.0,120.0,30.0,30.0,30.0,30.0,30.0,30.0,1.0,1.0,29.167,,-55.0,4.0,17.445,78.35,13.571,1624904849708.0
3064,2021-06-29 00:02:00,1,1,0.0,30.93,47.137,940.835,55.035,45.441,61.881,594.0,2592.0,2171.0,1232.0,-0.032,0.0,-0.048,65024.0,0.0,64768.0,38.284,0.062,49.059,55.837,55.972,55.995,56.01,7.013,7.416,7.416,7.416,0.514,24.0,-483.0,0.0,100.0,4210.0,30.0,30.0,30.0,30.0,120.0,30.0,30.0,30.0,30.0,30.0,30.0,1.0,1.0,29.167,,-55.0,4.0,17.445,78.35,13.571,1624905142319.0
3066,2021-06-29 00:04:00,1,1,0.0,30.96,47.151,940.805,49.431,45.468,53.078,596.0,2625.0,2164.0,1231.0,-0.016,-0.016,-0.08,65280.0,65280.0,64256.0,37.948,0.318,49.916,56.812,56.949,56.972,56.988,7.136,7.546,7.546,7.546,0.517,15.0,-304.0,0.0,100.0,4197.0,30.0,30.0,30.0,30.0,120.0,30.0,30.0,30.0,30.0,30.0,30.0,1.0,1.0,29.167,,-55.0,4.0,17.445,78.35,13.571,1624905294971.0
3071,2021-06-29 00:09:00,1,1,0.0,30.84,47.537,940.724,47.787,44.781,52.955,594.0,2592.0,2165.0,1230.0,0.016,-0.016,0.016,256.0,65280.0,256.0,38.159,0.241,47.855,54.467,54.598,54.621,54.636,6.841,7.234,7.234,7.234,0.552,5.0,-108.0,0.0,100.0,4193.0,30.0,30.0,30.0,30.0,120.0,30.0,30.0,30.0,30.0,30.0,30.0,1.0,1.0,29.167,,-55.0,4.0,17.445,78.35,13.571,1624905569309.0
3079,2021-06-29 00:17:00,1,1,0.02,30.89,47.843,940.805,51.283,45.059,55.082,594.0,2603.0,2161.0,1231.0,-0.016,0.0,0.0,65280.0,0.0,0.0,38.347,0.434,48.06,54.701,54.832,54.855,54.869,6.87,7.265,7.265,7.265,0.497,17.0,-330.0,0.0,100.0,4208.0,30.0,30.0,30.0,30.0,120.0,30.0,30.0,30.0,30.0,30.0,30.0,1.0,1.0,29.167,,-55.0,4.0,17.445,78.35,13.571,1624906078858.0
3090,2021-06-29 00:28:00,1,1,0.0,30.94,48.088,940.513,45.872,44.87,49.854,593.0,2617.0,2159.0,1235.0,-0.048,-0.016,0.112,64768.0,65280.0,1792.0,38.534,0.441,54.938,62.552,62.719,62.748,62.765,7.859,8.326,8.339,8.341,0.557,23.0,-466.0,0.0,100.0,4208.0,30.0,30.0,30.0,30.0,120.0,30.0,30.0,30.0,30.0,30.0,30.0,1.0,1.0,29.167,,-55.0,4.0,17.445,78.35,13.571,1624906713571.0
3095,2021-06-29 00:33:00,1,1,0.0,31.12,47.939,940.538,40.75,40.459,41.536,596.0,2653.0,2167.0,1238.0,0.032,-0.032,-0.08,512.0,65024.0,64256.0,33.142,0.554,51.238,58.317,58.458,58.482,58.498,7.325,7.746,7.746,7.746,0.544,57.0,-1128.0,0.0,100.0,4198.0,30.0,30.0,30.0,30.0,120.0,30.0,30.0,30.0,30.0,30.0,30.0,1.0,1.0,29.167,,-55.0,4.0,17.445,78.35,13.571,1624906989285.0
3096,2021-06-29 00:34:00,1,1,0.0,31.25,47.7,940.527,40.742,40.37,41.401,598.0,2671.0,2172.0,1237.0,-0.032,0.016,0.016,65024.0,256.0,256.0,33.392,0.47,52.635,59.908,60.052,60.076,60.093,7.524,7.957,7.957,7.957,0.539,51.0,-1011.0,0.0,100.0,4209.0,30.0,30.0,30.0,30.0,120.0,30.0,30.0,30.0,30.0,30.0,30.0,1.0,1.0,29.167,,-55.0,4.0,17.445,78.35,13.571,1624907069654.0
3098,2021-06-29 00:36:00,1,1,0.0,31.56,46.96,940.409,40.656,40.329,41.368,600.0,2667.0,2172.0,1248.0,0.0,-0.016,-0.064,0.0,65280.0,64512.0,33.236,0.502,58.218,66.268,66.431,66.46,66.477,8.324,8.806,8.81,8.81,0.548,40.0,-799.0,0.0,100.0,4193.0,30.0,30.0,30.0,30.0,120.0,30.0,30.0,30.0,30.0,30.0,30.0,1.0,1.0,29.167,,-55.0,4.0,17.445,78.35,13.571,1624907203695.0
3105,2021-06-29 00:43:00,1,1,0.0,32.08,45.684,940.326,40.68,40.363,41.416,602.0,2696.0,2184.0,1258.0,-0.016,0.0,-0.016,65280.0,0.0,65280.0,33.174,0.334,52.959,60.276,60.421,60.446,60.462,7.571,8.006,8.006,8.006,0.539,4.0,-85.0,0.0,100.0,4207.0,30.0,30.0,30.0,30.0,120.0,30.0,30.0,30.0,30.0,30.0,30.0,1.0,1.0,29.167,,-55.0,4.0,17.445,78.35,13.571,1624907630634.0
3114,2021-06-29 00:52:00,1,1,0.0,32.37,44.903,940.242,40.753,40.17,41.476,601.0,2703.0,2186.0,1261.0,0.016,0.0,0.016,65024.0,65280.0,256.0,33.142,0.533,53.429,60.812,60.958,60.983,60.999,7.638,8.077,8.077,8.077,0.526,0.0,132.0,0.0,100.0,4208.0,30.0,30.0,30.0,30.0,120.0,30.0,30.0,30.0,30.0,30.0,30.0,1.0,1.0,29.167,,-55.0,4.0,17.445,78.35,13.571,1624908128018.0
3124,2021-06-29 01:02:00,1,1,0.0,32.59,44.331,940.187,40.925,40.457,41.429,601.0,2700.0,2182.0,1265.0,0.0,-0.016,-0.064,0.0,65280.0,64512.0,33.205,0.295,58.447,66.525,66.686,66.714,66.732,8.356,8.837,8.838,8.838,0.545,0.0,12.0,0.0,100.0,4198.0,30.0,30.0,30.0,30.0,120.0,30.0,30.0,30.0,30.0,30.0,30.0,1.0,1.0,29.167,,-55.0,4.0,17.445,78.35,13.571,1624908734510.0
3126,2021-06-29 01:04:00,1,1,0.0,32.62,44.226,940.207,40.972,40.428,41.398,600.0,2728.0,2178.0,1263.0,0.0,-0.016,0.0,0.0,65280.0,0.0,33.541,0.125,57.378,65.306,65.463,65.49,65.507,8.202,8.674,8.674,8.674,0.527,2.0,-41.0,0.0,100.0,4196.0,30.0,30.0,30.0,30.0,120.0,30.0,30.0,30.0,30.0,30.0,30.0,1.0,1.0,29.167,,-55.0,4.0,17.445,78.35,13.571,1624908883371.0
3129,2021-06-29 01:07:00,1,1,0.0,32.65,44.119,940.102,40.975,40.337,41.299,601.0,2714.0,2187.0,1263.0,0.0,0.0,0.144,0.0,0.0,2304.0,33.299,0.11,54.075,61.546,61.694,61.72,61.736,7.73,8.175,8.175,8.175,0.537,4.0,-84.0,0.0,100.0,4205.0,30.0,30.0,30.0,30.0,120.0,30.0,30.0,30.0,30.0,30.0,30.0,1.0,1.0,29.167,,-55.0,4.0,17.445,78.35,13.571,1624909039061.0
