Epoch date,GMT,Temperature,Humidity,Pressure_hpa,CO_mega_ppb,CO_mega_ppm,NO2_mega_ppb,NO2_mega_ppm,Ozone_ppm,Latitude,Longitude
1627372186,27-07-2021 07:49,27.38999939,64.29100037,936.5991211,401,0.401,4375,4.375,0,17.4454205,78.3498244
1627372217,27-07-2021 07:50,27.56999969,63.79000092,936.6412964,408,0.408,3807,3.807,0,17.4454283,78.3498108
1627372278,27-07-2021 07:51,28.30999947,63.7879982,936.6234741,419,0.419,3450,3.45,0,17.4454223,78.34982
1627372320,27-07-2021 07:52,28.55999947,61.96300125,936.565918,425,0.425,3157,3.157,0,17.4454246,78.34982
1627372350,27-07-2021 07:52,28.71999931,61.26499939,936.5449219,431,0.431,3017,3.017,0,17.445419,78.3498231
1627372382,27-07-2021 07:53,28.85000038,61.2820015,936.5557861,436,0.436,2900,2.9,7,17.4454238,78.3498219
1627372412,27-07-2021 07:53,28.96999931,60.77000046,936.4763794,441,0.441,2807,2.807,0,17.4454166,78.349818
1627372443,27-07-2021 07:54,29.10000038,60.51100159,936.5831299,444,0.444,2753,2.753,3,17.4454194,78.3498233
1627372474,27-07-2021 07:54,29.21999931,60.16699982,936.6005859,446,0.446,2703,2.703,0,17.4454243,78.3498217
1627372505,27-07-2021 07:55,29.32999992,59.70000076,936.4738159,449,0.449,2657,2.657,5,17.4454243,78.3498217
1627372536,27-07-2021 07:55,29.44000053,59.5340004,936.5250854,452,0.452,2625,2.625,0,17.4454243,78.3498217
1627375706,27-07-2021 08:48,37.40999985,38.42699814,939.6989136,571,0.571,2517,2.517,123,17.49018167,78.40808833
1627375737,27-07-2021 08:48,37.54999924,38.67200089,939.703186,577,0.577,2542,2.542,133,17.49018,78.40808667
1627375767,27-07-2021 08:49,37.68999863,38.38899994,939.6680908,571,0.571,2528,2.528,122,17.49018,78.40808667
1627375798,27-07-2021 08:49,37.91999817,38.49399948,939.6079712,576,0.576,2525,2.525,116,17.49018,78.40808667
1627375830,27-07-2021 08:50,38.31000137,38.35499954,939.7230225,605,0.605,2582,2.582,31,17.48860167,78.40934333
1627375861,27-07-2021 08:51,38.81000137,35.26800156,939.838623,606,0.606,2553,2.553,99,17.486965,78.41041833
1627375892,27-07-2021 08:51,38.77999878,34.02899933,940.1292114,620,0.62,2403,2.403,65,17.48544833,78.41137833
1627375923,27-07-2021 08:52,38.68999863,35.69200134,940.5654297,624,0.624,2582,2.582,189,17.48443,78.41274
1627375954,27-07-2021 08:52,38.38000107,34.74100113,940.8256836,623,0.623,2539,2.539,62,17.482895,78.41431333
1627375985,27-07-2021 08:53,37.93000031,35.17699814,941.1782837,563,0.563,2642,2.642,79,17.48048333,78.41726833
1627376016,27-07-2021 08:53,37.47000122,35.84400177,941.6038208,604,0.604,2635,2.635,117,17.478475,78.419645
1627376047,27-07-2021 08:54,37.06000137,36.73600006,942.0614014,653,0.653,2578,2.578,127,17.47682833,78.42195167
1627376078,27-07-2021 08:54,36.74000168,36.8219986,942.425415,546,0.546,2400,2.4,137,17.47599667,78.42317667
1627376109,27-07-2021 08:55,36.54000092,37.45700073,942.3566895,661,0.661,2703,2.703,128,17.47607667,78.42328833
1627376140,27-07-2021 08:55,36.38999939,37.44499969,942.3751831,614,0.614,2575,2.575,134,17.47602167,78.42307
1627376171,27-07-2021 08:56,36.29000092,37.58399963,942.3154297,602,0.602,2592,2.592,121,17.47550167,78.42366167
1627376202,27-07-2021 08:56,36.18999863,37.64899826,942.6264038,658,0.658,2703,2.703,101,17.47357,78.42509167
1627376233,27-07-2021 08:57,36.06999969,37.36999893,942.5612793,629,0.629,2471,2.471,72,17.47116,78.426595
1627376264,27-07-2021 08:57,35.88999939,37.61299896,942.5985718,631,0.631,2457,2.457,182,17.46978333,78.42786333
1627376295,27-07-2021 08:58,35.75,37.94499969,942.5635986,572,0.572,2435,2.435,155,17.46890667,78.42816
1627376326,27-07-2021 08:58,35.59999847,38.12900162,942.1749878,648,0.648,2482,2.482,75,17.46609167,78.42952667
1627376357,27-07-2021 08:59,35.49000168,38.30400085,942.0280762,612,0.612,2510,2.51,108,17.46347667,78.43073167
1627376388,27-07-2021 08:59,35.45000076,38.12900162,941.4346924,588,0.588,2382,2.382,141,17.46114167,78.43183333
1627376419,27-07-2021 09:00,35.45999908,38.98899841,941.6983032,618,0.618,2489,2.489,136,17.45914333,78.43274167
1627376450,27-07-2021 09:00,35.52000046,37.98799896,942.1931152,618,0.618,2614,2.614,97,17.45702333,78.43368833
1627376481,27-07-2021 09:01,35.54999924,37.91600037,941.7424927,682,0.682,2592,2.592,105,17.45501833,78.43465
1627376512,27-07-2021 09:01,35.52000046,37.91400146,941.0780029,627,0.627,2539,2.539,97,17.4524,78.43594
1627376543,27-07-2021 09:02,35.43000031,37.84500122,941.7814941,532,0.532,2275,2.275,103,17.44974667,78.437225
1627376574,27-07-2021 09:02,35.38000107,38.72399902,942.2260742,565,0.565,2325,2.325,124,17.44742833,78.43842167
1627376605,27-07-2021 09:03,35.31999969,39.00099945,941.8933105,620,0.62,2296,2.296,130,17.44506667,78.43986833
1627376636,27-07-2021 09:03,35.25,39.44800186,942.005127,579,0.579,2275,2.275,107,17.443145,78.441
1627376667,27-07-2021 09:04,35.18000031,39.06200027,942.2714844,616,0.616,2450,2.45,131,17.44226333,78.44293333
1627376698,27-07-2021 09:04,35.06000137,38.61100006,942.8917236,496,0.496,2139,2.139,80,17.44213333,78.44449167
1627376698,27-07-2021 09:04,35.06000137,38.61100006,942.8917236,496,0.496,2139,2.139,80,17.44213333,78.44449167
1627376729,27-07-2021 09:05,34.97000122,39.22800064,943.1489868,552,0.552,2242,2.242,125,17.44186833,78.445955
1627376760,27-07-2021 09:06,34.93000031,39.58000183,943.4829712,653,0.653,2471,2.471,113,17.44226333,78.44734333
1627376791,27-07-2021 09:06,34.95000076,39.72900009,943.1900024,605,0.605,2353,2.353,97,17.44269667,78.44856833
1627376822,27-07-2021 09:07,34.95000076,39.70500183,943.0684814,602,0.602,2375,2.375,105,17.444555,78.448835
1627376853,27-07-2021 09:07,34.97000122,39.59500122,943.3463745,582,0.582,2371,2.371,84,17.44657667,78.44901667
1627376884,27-07-2021 09:08,35.00999832,40.13800049,943.6309814,766,0.766,3042,3.042,103,17.44683,78.44940333
1627376915,27-07-2021 09:08,35.06000137,41.09799957,943.6102905,668,0.668,2789,2.789,118,17.44693667,78.44927667
1627376946,27-07-2021 09:09,35.08000183,40.75699997,943.710022,722,0.722,2846,2.846,97,17.44712167,78.44923333
1627376976,27-07-2021 09:09,35.13000107,40.92100143,943.531311,609,0.609,2600,2.6,90,17.4472,78.44925333
1627377008,27-07-2021 09:10,35.16999817,40.29999924,943.6721802,625,0.625,2610,2.61,85,17.447445,78.449385
1627377040,27-07-2021 09:10,35.24000168,40.74599838,943.718689,667,0.667,2803,2.803,97,17.44819833,78.44962
1627377071,27-07-2021 09:11,35.27000046,40.35699844,943.6459961,585,0.585,2514,2.514,82,17.44845833,78.44954167
1627377102,27-07-2021 09:11,35.31000137,40.23799896,943.6998901,754,0.754,3196,3.196,93,17.44861667,78.44963
1627377133,27-07-2021 09:12,35.38000107,40.75799942,943.7606812,851,0.851,3607,3.607,105,17.44864833,78.44972833
1627377164,27-07-2021 09:12,35.45999908,41.07300186,943.7008057,833,0.833,4075,4.075,95,17.448755,78.44973
1627377195,27-07-2021 09:13,35.54000092,40.47900009,943.72229,740,0.74,3435,3.435,91,17.44946833,78.44981333
1627377226,27-07-2021 09:13,35.63000107,41.01399994,943.7418213,715,0.715,3307,3.307,95,17.44920667,78.44992667
1627377256,27-07-2021 09:14,35.72000122,40.58100128,943.5858765,664,0.664,2853,2.853,82,17.44935167,78.44988833
1627377288,27-07-2021 09:14,35.84999847,41.47499847,943.6264038,784,0.784,3467,3.467,107,17.44962667,78.44997833
1627377319,27-07-2021 09:15,35.97000122,40.57799911,943.6203003,766,0.766,3450,3.45,82,17.44975833,78.44995667
1627377349,27-07-2021 09:15,36.06999969,40.89300156,943.5255737,779,0.779,3492,3.492,82,17.44984,78.450075
1627377380,27-07-2021 09:16,36.15999985,40.50899887,943.5698853,676,0.676,3089,3.089,72,17.45016333,78.45040167
1627377412,27-07-2021 09:16,36.18999863,39.89699936,943.5438843,719,0.719,3121,3.121,83,17.45016,78.45043667
1627377442,27-07-2021 09:17,36.13000107,38.89799881,943.5170898,594,0.594,2678,2.678,48,17.44967833,78.451115
1627377473,27-07-2021 09:17,36.11999893,38.07400131,943.9910889,592,0.592,2596,2.596,71,17.44799333,78.45195667
1627377504,27-07-2021 09:18,36.04999924,37.98300171,943.5170288,634,0.634,2450,2.45,13,17.44440333,78.45318833
1627377535,27-07-2021 09:18,36.09000015,37.77600098,943.4660034,569,0.569,2335,2.335,42,17.44168667,78.45557
1627377566,27-07-2021 09:19,36.11000061,36.91799927,943.8673096,502,0.502,2189,2.189,38,17.44226,78.458425
1627377628,27-07-2021 09:20,35.81000137,37.48300171,944.5720825,643,0.643,2517,2.517,64,17.44497167,78.46390667
1627377659,27-07-2021 09:20,35.65999985,38.14699936,944.6588135,680,0.68,2567,2.567,95,17.444975,78.46544333
1627377690,27-07-2021 09:21,35.56000137,38.22399902,944.630188,758,0.758,2685,2.685,100,17.44453167,78.46869667
1627377752,27-07-2021 09:22,35.47999954,38.0340004,943.8858032,615,0.615,2385,2.385,86,17.44448667,78.474005
1627377783,27-07-2021 09:23,35.43000031,37.5019989,944.8807983,622,0.622,2375,2.375,80,17.44372667,78.47735167
1627377814,27-07-2021 09:23,35.43000031,37.84500122,944.9633179,640,0.64,2360,2.36,113,17.443325,78.47962667
1627377845,27-07-2021 09:24,35.45999908,38.28900146,944.7860718,644,0.644,2464,2.464,105,17.44355667,78.48140667
1627377876,27-07-2021 09:24,35.47000122,37.49300003,944.2052002,571,0.571,2232,2.232,88,17.44344167,78.484665
1627377938,27-07-2021 09:25,35.47999954,38.60900116,944.2376709,601,0.601,2407,2.407,119,17.443445,78.48507333
1627377969,27-07-2021 09:26,35.43999863,39.28099823,944.2844849,606,0.606,2414,2.414,109,17.443445,78.48507333
1627378000,27-07-2021 09:26,35.43999863,40.02899933,944.2700806,633,0.633,2489,2.489,115,17.443445,78.48507333
1627378031,27-07-2021 09:27,35.45999908,39.89500046,944.2930908,656,0.656,2542,2.542,100,17.443445,78.48507333
1627378062,27-07-2021 09:27,35.49000168,40.11899948,944.2606812,682,0.682,2603,2.603,109,17.443445,78.48507333
1627378093,27-07-2021 09:28,35.54000092,39.97600174,944.2832031,757,0.757,2792,2.792,95,17.4433489,78.4869455
1627378124,27-07-2021 09:28,35.61000061,40.8769989,944.2653198,701,0.701,2728,2.728,107,17.44341667,78.48734833
1627378155,27-07-2021 09:29,35.65000153,39.33599854,944.2299805,787,0.787,3264,3.264,80,17.44319333,78.48608333
1627378186,27-07-2021 09:29,35.65000153,38.48899841,944.3699951,593,0.593,2439,2.439,95,17.44323833,78.48470667
1627378217,27-07-2021 09:30,35.70000076,38.75099945,944.3674927,608,0.608,2460,2.46,66,17.44328667,78.48267333
1627378249,27-07-2021 09:30,35.86999893,38.52000046,944.5390015,580,0.58,2357,2.357,112,17.442325,78.48254333
1627378280,27-07-2021 09:31,36.13000107,38.82400131,944.3952026,616,0.616,2510,2.51,77,17.44119,78.48229667
1627378310,27-07-2021 09:31,36.33000183,38.49700165,944.5578003,629,0.629,2564,2.564,95,17.44037833,78.482205
1627378341,27-07-2021 09:32,36.52000046,38.6969986,944.6842041,699,0.699,2717,2.717,100,17.43949333,78.48188333
1627378372,27-07-2021 09:32,36.63999939,38.22800064,944.9158936,588,0.588,2539,2.539,63,17.43833,78.48163667
1627378403,27-07-2021 09:33,36.75999832,37.9659996,944.9804077,558,0.558,2450,2.45,77,17.43686667,78.48225
1627378435,27-07-2021 09:33,36.86000061,39.02099991,944.8356934,631,0.631,2667,2.667,56,17.43581,78.48324667
1627378435,27-07-2021 09:33,36.86000061,39.02099991,944.8356934,631,0.631,2667,2.667,56,17.43581,78.48324667
1627378465,27-07-2021 09:34,36.88999939,37.28900146,944.972229,531,0.531,2357,2.357,34,17.43477167,78.484305
1627378497,27-07-2021 09:34,36.93999863,37.35400009,944.9365845,633,0.633,2617,2.617,49,17.433855,78.48526667
1627378528,27-07-2021 09:35,36.93000031,36.33100128,944.8596802,539,0.539,2310,2.31,37,17.43374667,78.48585
1627378528,27-07-2021 09:35,36.93000031,36.33100128,944.8596802,539,0.539,2310,2.31,37,17.43374667,78.48585
1627378559,27-07-2021 09:35,36.90999985,37.01900101,944.7357788,581,0.581,2417,2.417,76,17.43374667,78.48585
1627378590,27-07-2021 09:36,36.88999939,37.60900116,944.7416992,594,0.594,2503,2.503,54,17.43374667,78.48585
1627378620,27-07-2021 09:37,36.90999985,37.42499924,944.7570801,623,0.623,2532,2.532,77,17.43320167,78.48591667
1627378652,27-07-2021 09:37,36.95000076,37.54000092,944.7935181,655,0.655,2603,2.603,68,17.43374667,78.48624333
1627378683,27-07-2021 09:38,36.97000122,37.52899933,944.7233887,576,0.576,2507,2.507,68,17.43349167,78.486205
1627378713,27-07-2021 09:38,37.00999832,37.92599869,944.7484741,625,0.625,2542,2.542,56,17.4332,78.487255
1627378744,27-07-2021 09:39,37.02999878,39.77399826,944.6138916,745,0.745,2796,2.796,77,17.433135,78.48722833
1627378775,27-07-2021 09:39,37.06000137,40.0340004,944.7138062,749,0.749,2957,2.957,77,17.43322,78.48720333
1627378806,27-07-2021 09:40,37.08000183,40.07400131,944.6436768,771,0.771,3085,3.085,83,17.43322,78.48720333
1627378837,27-07-2021 09:40,37.09000015,39.98799896,944.6484985,688,0.688,2907,2.907,69,17.43322,78.48720333
1627378869,27-07-2021 09:41,37.11999893,38.95600128,944.6868896,648,0.648,2700,2.7,67,17.43322,78.48720333
1627378899,27-07-2021 09:41,37.15999985,38.57799911,944.7301025,674,0.674,2653,2.653,81,17.43322,78.48720333
1627378899,27-07-2021 09:41,37.15999985,38.57799911,944.7301025,674,0.674,2653,2.653,81,17.43322,78.48720333
1627378931,27-07-2021 09:42,37.20000076,38.01599884,944.6799927,642,0.642,2635,2.635,70,17.43301167,78.48808833
1627378962,27-07-2021 09:42,37.18999863,37.20199966,944.8128052,638,0.638,2678,2.678,62,17.432115,78.48840833
1627378992,27-07-2021 09:43,37.11000061,35.47200012,944.7617188,550,0.55,2335,2.335,0,17.42959833,78.488125
1627378992,27-07-2021 09:43,37.11000061,35.47200012,944.7617188,550,0.55,2335,2.335,0,17.42959833,78.488125
1627379023,27-07-2021 09:43,37.15999985,36.65800095,944.9031982,634,0.634,2660,2.66,135,17.42901833,78.488015
1627379054,27-07-2021 09:44,37.29000092,36.65599823,944.864624,637,0.637,2589,2.589,37,17.428315,78.48774833
1627379085,27-07-2021 09:44,37.36000061,36.89599991,944.7310791,743,0.743,2925,2.925,39,17.42656333,78.48680667
1627379116,27-07-2021 09:45,37.36999893,37.14199829,944.7531738,773,0.773,2935,2.935,49,17.42456833,78.486125
1627379147,27-07-2021 09:45,37.29000092,36.77899933,944.7058716,581,0.581,2382,2.382,49,17.42169,78.484675
1627379178,27-07-2021 09:46,37.27000046,36.62900162,944.7368164,581,0.581,2367,2.367,152,17.42161667,78.484595
1627379209,27-07-2021 09:46,37.43999863,38.09700012,944.7559814,585,0.585,2510,2.51,152,17.42161667,78.484595
1627379240,27-07-2021 09:47,37.68999863,37.42699814,944.7717896,567,0.567,2425,2.425,82,17.42042833,78.48381667
1627379272,27-07-2021 09:47,37.75999832,34.99000168,944.0780029,560,0.56,2250,2.25,0,17.42042833,78.48381667
1627379302,27-07-2021 09:48,37.68000031,35.28099823,943.7106934,528,0.528,2221,2.221,79,17.41528333,78.479385
1627379333,27-07-2021 09:48,37.20999908,35.0359993,943.7938843,515,0.515,2078,2.078,19,17.41126667,78.47730167
1627379364,27-07-2021 09:49,36.70999908,35.5379982,944.2589722,509,0.509,2050,2.05,105,17.4099,78.476015
1627379396,27-07-2021 09:49,36.36999893,36.18999863,944.7426147,531,0.531,2121,2.121,128,17.40999833,78.47611333
1627379427,27-07-2021 09:50,36.18000031,36.94800186,944.5650024,589,0.589,2300,2.3,118,17.40999833,78.47611333
1627379458,27-07-2021 09:50,36.11999893,36.94300079,944.6309814,578,0.578,2239,2.239,87,17.409235,78.475595
1627379489,27-07-2021 09:51,36.18999863,36.82600021,944.6890259,701,0.701,2282,2.282,113,17.408335,78.47447333
1627379520,27-07-2021 09:52,36.33000183,36.52999878,944.7631836,728,0.728,2503,2.503,101,17.40841,78.47415
1627379551,27-07-2021 09:52,36.43999863,36.66199875,944.6477051,622,0.622,2171,2.171,96,17.40841,78.47415
1627379582,27-07-2021 09:53,36.47999954,37.10699844,944.6552734,728,0.728,2571,2.571,109,17.408,78.47327167
1627379613,27-07-2021 09:53,36.45000076,36.63899994,944.6600952,649,0.649,2503,2.503,50,17.407855,78.47166
1627379644,27-07-2021 09:54,36.43000031,36.4640007,944.5457764,604,0.604,2296,2.296,100,17.40768,78.46947
1627379676,27-07-2021 09:54,36.43000031,36.82099915,944.2263184,676,0.676,2553,2.553,88,17.40707833,78.46767167
1627379706,27-07-2021 09:55,36.45999908,36.72499847,944.2935181,689,0.689,2532,2.532,73,17.40653833,78.46549167
1627379736,27-07-2021 09:55,36.47999954,36.50600052,944.5479126,696,0.696,2660,2.66,94,17.40477333,78.464265
1627379767,27-07-2021 09:56,36.61999893,36.44200134,944.6757202,661,0.661,2457,2.457,102,17.40361167,78.46359333
1627379798,27-07-2021 09:56,36.88000107,36.25400162,944.5388794,705,0.705,2664,2.664,85,17.40311167,78.46290333
1627379829,27-07-2021 09:57,37.06999969,35.44300079,944.440918,748,0.748,2710,2.71,77,17.402675,78.46162167
1627379860,27-07-2021 09:57,37.15999985,35.25400162,944.0418701,631,0.631,2482,2.482,67,17.40287667,78.45937333
1627379891,27-07-2021 09:58,37.22999954,35.22200012,944.0263062,668,0.668,2550,2.55,81,17.40274,78.457865
1627379922,27-07-2021 09:58,37.25999832,34.75500107,943.8953857,627,0.627,2385,2.385,54,17.40409667,78.45528167
1627379953,27-07-2021 09:59,37.29000092,34.88100052,943.4802856,620,0.62,2346,2.346,72,17.40372667,78.45350667
1627379984,27-07-2021 09:59,37.34999847,35.11999893,942.9631958,606,0.606,2310,2.31,74,17.402335,78.45213833
1627380015,27-07-2021 10:00,37.47999954,34.6609993,943.1624756,579,0.579,2275,2.275,79,17.40052833,78.45111333
1627380046,27-07-2021 10:00,37.58000183,34.33499908,943.8093872,643,0.643,2446,2.446,62,17.39908167,78.45027833
1627380077,27-07-2021 10:01,37.81000137,34.52500153,943.6931763,646,0.646,2353,2.353,101,17.39882667,78.44962667
1627380108,27-07-2021 10:01,37.95000076,34.26499939,943.7849121,673,0.673,2471,2.471,67,17.39887333,78.44851667
1627380108,27-07-2021 10:01,37.95000076,34.26499939,943.7849121,673,0.673,2471,2.471,67,17.39887333,78.44851667
1627380140,27-07-2021 10:02,37.95000076,34.4620018,943.6047974,654,0.654,2432,2.432,64,17.39887167,78.44685167
1627380171,27-07-2021 10:02,37.88999939,34.18600082,943.6900024,639,0.639,2428,2.428,79,17.39864,78.44605
1627380171,27-07-2021 10:02,37.88999939,34.18600082,943.6900024,639,0.639,2428,2.428,79,17.39864,78.44605
1627380202,27-07-2021 10:03,37.84000015,33.77500153,943.5410767,624,0.624,2475,2.475,55,17.39860667,78.44521167
1627380233,27-07-2021 10:03,37.81000137,34.8219986,943.4729004,733,0.733,2792,2.792,79,17.39853,78.44467833
1627380264,27-07-2021 10:04,37.79999924,34.58599854,943.4284058,622,0.622,2475,2.475,69,17.39754833,78.44329
1627380295,27-07-2021 10:04,37.77000046,34.62099838,943.6641846,655,0.655,2532,2.532,41,17.39567333,78.44236667
1627380326,27-07-2021 10:05,37.72000122,34.67900085,943.0969238,729,0.729,2628,2.628,49,17.39517333,78.440915
1627380357,27-07-2021 10:05,37.68000031,34.81200027,943.0106812,725,0.725,2610,2.61,103,17.39475833,78.43978667
1627380388,27-07-2021 10:06,37.63000107,35.44900131,943.0136108,764,0.764,2932,2.932,68,17.39459,78.438535
1627380419,27-07-2021 10:06,37.59000015,35.31200027,943.2158203,663,0.663,2621,2.621,81,17.39458833,78.43854167
1627380419,27-07-2021 10:06,37.59000015,35.31200027,943.2158203,663,0.663,2621,2.621,81,17.39458833,78.43854167
1627380450,27-07-2021 10:07,37.56000137,35.83800125,943.2053223,653,0.653,2657,2.657,102,17.39462167,78.438635
1627380481,27-07-2021 10:08,37.54999924,34.76499939,943.2476807,694,0.694,2703,2.703,65,17.39468,78.43878333
1627380512,27-07-2021 10:08,37.43999863,34.27600098,943.12323,599,0.599,2478,2.478,52,17.394615,78.439045
1627380544,27-07-2021 10:09,37.43999863,35.84199905,943.0253296,579,0.579,2439,2.439,123,17.39458667,78.43928
1627380574,27-07-2021 10:09,37.40999985,34.92699814,943.0734863,559,0.559,2357,2.357,55,17.39448,78.43959667
1627380605,27-07-2021 10:10,37.38999939,35.98500061,943.0206909,618,0.618,2489,2.489,55,17.39454667,78.43974167
1627380638,27-07-2021 10:10,37.34999847,36.58599854,942.9418945,621,0.621,2475,2.475,65,17.39466167,78.439965
1627380667,27-07-2021 10:11,37.24000168,36.33100128,942.9678955,627,0.627,2528,2.528,82,17.39476833,78.440045
1627380698,27-07-2021 10:11,36.91999817,35.56700134,942.8306885,722,0.722,2728,2.728,70,17.3949,78.44008333
1627380729,27-07-2021 10:12,36.65999985,35.62099838,942.7885742,579,0.579,2282,2.282,114,17.3949,78.44008333
1627380760,27-07-2021 10:12,36.43000031,35.98400116,942.8320923,668,0.668,2350,2.35,60,17.39488667,78.44015667
1627380792,27-07-2021 10:13,36.04000092,36.24900055,942.8356934,646,0.646,2307,2.307,102,17.39482667,78.44003333
1627380822,27-07-2021 10:13,35.65999985,37.3370018,942.7926025,665,0.665,2617,2.617,157,17.39480167,78.43960833
1627380853,27-07-2021 10:14,35.43000031,37.19499969,942.7633057,593,0.593,2317,2.317,107,17.39480167,78.43960833
1627380884,27-07-2021 10:14,35.25999832,37.83200073,942.7717896,659,0.659,2500,2.5,116,17.39478333,78.440165
1627380915,27-07-2021 10:15,35.16999817,38.30199814,942.8491821,627,0.627,1989,1.989,142,17.39477833,78.44024333
1627380946,27-07-2021 10:15,35.29000092,38.54499817,942.8496094,534,0.534,2185,2.185,129,17.39470333,78.44035833
1627380978,27-07-2021 10:16,35.43000031,37.37900162,942.8208008,529,0.529,2153,2.153,74,17.39467667,78.44003
1627381009,27-07-2021 10:16,35.49000168,37.50600052,942.7576294,690,0.69,2471,2.471,169,17.39461833,78.43977833
1627381009,27-07-2021 10:16,35.49000168,37.50600052,942.7576294,690,0.69,2471,2.471,169,17.39461833,78.43977833
1627381039,27-07-2021 10:17,35.56000137,37.15599823,942.8652954,595,0.595,2328,2.328,61,17.39460667,78.43953333
1627381071,27-07-2021 10:17,35.58000183,36.7159996,942.848877,581,0.581,2250,2.25,187,17.394585,78.439235
1627381102,27-07-2021 10:18,35.34999847,36.80799866,943.0386963,487,0.487,1950,1.95,0,17.39460333,78.43888333
1627381102,27-07-2021 10:18,35.34999847,36.80799866,943.0386963,487,0.487,1950,1.95,0,17.39460333,78.43888333
1627381132,27-07-2021 10:18,35.08000183,38.60100174,942.9224243,613,0.613,2307,2.307,197,17.39466667,78.43877167
1627381194,27-07-2021 10:19,35.06999969,39.75099945,943.2595825,706,0.706,2567,2.567,128,17.394875,78.437385
1627381225,27-07-2021 10:20,35.16999817,40.4090004,943.4671021,714,0.714,2692,2.692,116,17.39494167,78.43672667
1627381256,27-07-2021 10:20,35.31000137,40.29899979,943.4916992,694,0.694,2685,2.685,121,17.39499667,78.43450167
1627381287,27-07-2021 10:21,35.40999985,39.47499847,943.1245117,751,0.751,2889,2.889,118,17.39583167,78.43210833
1627381318,27-07-2021 10:21,35.45000076,38.77899933,943.5991211,619,0.619,2485,2.485,99,17.39576333,78.43157833
1627381349,27-07-2021 10:22,35.45000076,38.42300034,943.6635132,637,0.637,2632,2.632,112,17.39572,78.431505
1627381380,27-07-2021 10:23,35.52999878,39.50799942,943.649292,720,0.72,2764,2.764,66,17.39591167,78.42864667
1627381411,27-07-2021 10:23,35.63999939,38.54899979,943.2969971,571,0.571,2375,2.375,110,17.39596,78.42841667
1627381442,27-07-2021 10:24,35.72000122,38.36000061,942.9777222,754,0.754,2635,2.635,77,17.39608,78.42723
1627381473,27-07-2021 10:24,35.81999969,38.13600159,942.552124,716,0.716,2635,2.635,98,17.39634667,78.42494833
1627381504,27-07-2021 10:25,35.88000107,37.48899841,942.1802979,613,0.613,2396,2.396,63,17.39678833,78.42215833
1627381535,27-07-2021 10:25,35.86999893,37.70899963,943.0349731,616,0.616,2378,2.378,66,17.39768833,78.41952333
1627381566,27-07-2021 10:26,35.86000061,37.24200058,943.5449219,611,0.611,2453,2.453,79,17.39825833,78.41742
1627381597,27-07-2021 10:26,35.84000015,37.53499985,943.7194824,714,0.714,2646,2.646,78,17.39860167,78.41586333
1627381628,27-07-2021 10:27,35.84999847,37.72000122,943.4470825,626,0.626,2539,2.539,74,17.399835,78.41457667
1627381659,27-07-2021 10:27,35.84000015,38.07600021,943.2340698,621,0.621,2560,2.56,96,17.40039333,78.413655
1627381690,27-07-2021 10:28,35.88999939,38.29999924,942.756897,712,0.712,2653,2.653,86,17.40180833,78.41215167
1627381721,27-07-2021 10:28,35.93000031,37.97299957,943.1453857,683,0.683,2617,2.617,88,17.402445,78.41099167
1627381783,27-07-2021 10:29,36.04000092,37.55199814,943.1380005,703,0.703,2628,2.628,96,17.40441833,78.40673167
1627381813,27-07-2021 10:30,36.02000046,37.51300049,942.883728,629,0.629,2375,2.375,115,17.40516,78.40474833
1627381845,27-07-2021 10:30,35.95000076,37.32300186,942.5927734,593,0.593,2342,2.342,109,17.40582167,78.40345
1627381876,27-07-2021 10:31,35.88000107,37.24399948,942.2521973,577,0.577,2389,2.389,75,17.40646333,78.40254833
1627381907,27-07-2021 10:31,35.77999878,37.52999878,941.8538818,591,0.591,2382,2.382,113,17.407245,78.40141333
1627381938,27-07-2021 10:32,35.68999863,38.0379982,941.6478271,666,0.666,2467,2.467,122,17.40939833,78.399135
1627381968,27-07-2021 10:32,35.59000015,38.74200058,941.2536011,657,0.657,2564,2.564,148,17.40959,78.39851833
1627381999,27-07-2021 10:33,35.47999954,38.24100113,941.0310059,676,0.676,2482,2.482,127,17.40959,78.39851833
1627382031,27-07-2021 10:33,35.40000153,38.40599823,940.8259888,599,0.599,2360,2.36,141,17.40959,78.39851833
1627382061,27-07-2021 10:34,35.22999954,38.35699844,940.6560059,554,0.554,2246,2.246,93,17.41409833,78.39236667
1627382093,27-07-2021 10:34,35.06000137,38.73400116,941.4049072,589,0.589,2360,2.36,133,17.41409833,78.39236667
1627382123,27-07-2021 10:35,34.88000107,39.23300171,941.6209106,533,0.533,2203,2.203,110,17.41922667,78.38706833
1627382154,27-07-2021 10:35,34.66999817,38.73799896,941.137085,536,0.536,2185,2.185,85,17.42184333,78.38431
1627382185,27-07-2021 10:36,34.47999954,39.9090004,941.1295776,594,0.594,2275,2.275,144,17.42264667,78.38195333
1627382216,27-07-2021 10:36,34.47999954,39.95700073,940.9641113,686,0.686,2503,2.503,129,17.423835,78.38034
1627382247,27-07-2021 10:37,34.56999969,41.23699951,940.4810181,756,0.756,2646,2.646,128,17.42529333,78.37848
1627382278,27-07-2021 10:37,34.65000153,40.03300095,939.9509277,606,0.606,2310,2.31,103,17.42611333,78.37793667
1627382309,27-07-2021 10:38,34.65999985,39.75299835,939.3737793,557,0.557,2153,2.153,98,17.42931333,78.37457333
1627382309,27-07-2021 10:38,34.65999985,39.75299835,939.3737793,557,0.557,2153,2.153,98,17.42931333,78.37457333
1627382341,27-07-2021 10:39,34.61000061,39.33200073,939.8464966,538,0.538,2167,2.167,74,17.43117167,78.37180667
1627382371,27-07-2021 10:39,34.52000046,40.18099976,938.9724121,559,0.559,2103,2.103,87,17.43383833,78.36906167
1627382402,27-07-2021 10:40,34.43999863,40.32099915,937.3751221,534,0.534,2042,2.042,79,17.43696833,78.36615333
1627382433,27-07-2021 10:40,34.09000015,40.16799927,936.1553955,507,0.507,1975,1.975,67,17.43997833,78.36185
1627382465,27-07-2021 10:41,33.90000153,41.03099823,936.4970703,575,0.575,2085,2.085,102,17.44208333,78.35815833
1627382496,27-07-2021 10:41,33.91999817,41.15399933,935.5734253,567,0.567,2117,2.117,90,17.44276167,78.35592833
1627382526,27-07-2021 10:42,33.93000031,41.04600143,935.5064087,535,0.535,2075,2.075,75,17.44276167,78.35592833
1627382558,27-07-2021 10:42,33.95000076,41.66999817,935.2280884,527,0.527,2046,2.046,112,17.44298667,78.34959167
1627382589,27-07-2021 10:43,34.06000137,42.08300018,933.9119873,556,0.556,2082,2.082,102,17.44298667,78.34959167
1627382620,27-07-2021 10:43,34.31999969,41.80199814,933.442688,831,0.831,2267,2.267,99,17.44298667,78.34959167
1627382651,27-07-2021 10:44,34.56000137,40.31999969,934.2854004,545,0.545,2107,2.107,60,17.44298667,78.34959167
1627382682,27-07-2021 10:44,34.70000076,40.14799881,934.5562134,514,0.514,2003,2.003,87,17.44298667,78.34959167
1627382713,27-07-2021 10:45,34.81000137,39.29999924,936.694397,521,0.521,1992,1.992,58,17.44298667,78.34959167
1627382744,27-07-2021 10:45,34.81999969,39.5340004,938.616272,517,0.517,2067,2.067,92,17.44298667,78.34959167
1627382775,27-07-2021 10:46,34.83000183,40.4659996,938.6392212,564,0.564,2278,2.278,114,17.4263,78.34063
1627382806,27-07-2021 10:46,34.93000031,40.75600052,938.6307983,544,0.544,2260,2.26,95,17.426245,78.34083667
1627382837,27-07-2021 10:47,35.09000015,40.89199829,938.5405273,701,0.701,2635,2.635,90,17.42603,78.340645
1627382869,27-07-2021 10:47,35.18999863,38.8429985,938.1696167,492,0.492,1975,1.975,51,17.42178,78.337945
1627382900,27-07-2021 10:48,35.22999954,38.63800049,938.5106812,500,0.5,2057,2.057,108,17.421945,78.338175
1627382931,27-07-2021 10:48,35.31000137,38.92599869,938.463501,513,0.513,2132,2.132,79,17.42410167,78.339425
1627382961,27-07-2021 10:49,35.34999847,37.88700104,938.614624,488,0.488,2003,2.003,54,17.424215,78.33955333
1627382991,27-07-2021 10:49,35.33000183,38.54800034,938.2573853,601,0.601,2185,2.185,104,17.424215,78.33955333
1627383023,27-07-2021 10:50,35.27999878,38.43299866,937.5341187,541,0.541,2082,2.082,93,17.42695833,78.33471
1627383054,27-07-2021 10:50,35.15999985,39.08499908,937.4299927,507,0.507,2014,2.014,101,17.42695833,78.33471
1627383085,27-07-2021 10:51,35.06999969,39.2480011,937.6334839,536,0.536,2146,2.146,124,17.42843833,78.32687
1627383085,27-07-2021 10:51,35.06999969,39.2480011,937.6334839,536,0.536,2146,2.146,124,17.42843833,78.32687
1627383115,27-07-2021 10:51,34.90999985,39.13700104,937.0228882,535,0.535,2067,2.067,110,17.42962167,78.32485833
1627383147,27-07-2021 10:52,34.84000015,40.31999969,937.2575073,527,0.527,2032,2.032,128,17.43249167,78.32172833
1627383147,27-07-2021 10:52,34.84000015,40.31999969,937.2575073,527,0.527,2032,2.032,128,17.43249167,78.32172833
1627383178,27-07-2021 10:52,34.77999878,40.0320015,936.5700073,487,0.487,1953,1.953,90,17.435695,78.31931833
1627383178,27-07-2021 10:52,34.77999878,40.0320015,936.5700073,487,0.487,1953,1.953,90,17.435695,78.31931833
1627383209,27-07-2021 10:53,34.65000153,40.05699921,936.8847046,488,0.488,1925,1.925,116,17.43863,78.31656333
1627383239,27-07-2021 10:53,34.47999954,40.3730011,936.5999146,495,0.495,1910,1.91,126,17.44204667,78.31337
1627383272,27-07-2021 10:54,34.27999878,40.96699905,937.1060791,481,0.481,1932,1.932,103,17.44413333,78.30971333
1627383302,27-07-2021 10:55,34.25999832,40.80599976,937.7385864,494,0.494,2035,2.035,120,17.44569667,78.30798
1627383333,27-07-2021 10:55,34.36000061,41.85400009,937.9025269,682,0.682,2310,2.31,132,17.44627833,78.30588833
1627383364,27-07-2021 10:56,34.52999878,41.59999847,937.8822021,518,0.518,2160,2.16,122,17.446615,78.30601833
1627383395,27-07-2021 10:56,34.70000076,41.35900116,937.7548218,524,0.524,2189,2.189,99,17.44707833,78.305665
1627383426,27-07-2021 10:57,34.88000107,40.68999863,937.8217163,518,0.518,2103,2.103,54,17.44763667,78.30483667
1627383457,27-07-2021 10:57,35.04999924,40.11600113,938.0482178,488,0.488,2046,2.046,63,17.44831333,78.304155
1627383489,27-07-2021 10:58,35.15999985,39.83300018,938.0977783,501,0.501,2039,2.039,79,17.44862167,78.30365167
1627383519,27-07-2021 10:58,35.27000046,39.35300064,938.1442871,491,0.491,2039,2.039,75,17.44862167,78.30365167
1627383550,27-07-2021 10:59,35.31999969,38.31399918,938.5545044,484,0.484,1978,1.978,38,17.45035833,78.30067
1627383581,27-07-2021 10:59,35.36999893,39.1269989,939.0441284,486,0.486,1996,1.996,74,17.451135,78.30011167
1627383612,27-07-2021 11:00,35.40999985,39.70800018,939.2999878,500,0.5,2053,2.053,99,17.451135,78.30011167
1627383643,27-07-2021 11:00,35.47999954,40.52199936,939.3200073,503,0.503,2167,2.167,81,17.451135,78.30011167
1627383674,27-07-2021 11:01,35.56999969,40.34600067,939.3389282,498,0.498,2107,2.107,83,17.451135,78.30011167
1627383705,27-07-2021 11:01,35.63999939,38.86800003,939.3850098,512,0.512,2107,2.107,78,17.451135,78.30011167
1627383736,27-07-2021 11:02,35.65999985,38.65000153,939.5526123,493,0.493,2000,2,67,17.456375,78.29681167
1627383767,27-07-2021 11:02,35.70000076,40.19800186,939.5015259,502,0.502,2057,2.057,105,17.45778667,78.29597
1627383798,27-07-2021 11:03,35.66999817,38.90800095,939.0855713,477,0.477,1967,1.967,51,17.45985833,78.293885
1627383829,27-07-2021 11:03,35.54000092,38.45600128,939.692688,481,0.481,1932,1.932,77,17.461575,78.29149
1627383860,27-07-2021 11:04,35.47999954,38.3030014,939.2269287,484,0.484,1964,1.964,70,17.461575,78.29149
1627383891,27-07-2021 11:04,35.43000031,39.32899857,939.6431885,557,0.557,2103,2.103,106,17.461575,78.29149
1627383922,27-07-2021 11:05,35.43999863,39.23199844,939.8703003,518,0.518,2050,2.05,90,17.461575,78.29149
1627383952,27-07-2021 11:05,35.45999908,38.97600174,939.7860107,492,0.492,2003,2.003,44,17.46830667,78.28791333
1627383984,27-07-2021 11:06,35.27999878,39.41500092,940.3981934,497,0.497,1996,1.996,52,17.46868333,78.28801
1627384015,27-07-2021 11:06,35.18000031,40.26399994,940.5075073,506,0.506,2085,2.085,136,17.46868333,78.28801
1627384015,27-07-2021 11:06,35.18000031,40.26399994,940.5075073,506,0.506,2085,2.085,136,17.46868333,78.28801
1627384046,27-07-2021 11:07,35.20999908,41.51499939,940.5994873,523,0.523,2232,2.232,109,17.47105167,78.29102333
1627384077,27-07-2021 11:07,35.33000183,43.93899918,940.4813843,522,0.522,2275,2.275,156,17.47146667,78.29174167
1627384108,27-07-2021 11:08,35.49000168,42.16600037,940.3676147,501,0.501,2139,2.139,78,17.47181333,78.29268
1627384139,27-07-2021 11:08,35.68999863,40.87200165,940.1699829,521,0.521,2110,2.11,71,17.47220333,78.29353833
1627384170,27-07-2021 11:09,35.95000076,38.0719986,939.2871094,494,0.494,2010,2.01,2,17.47357,78.29698833
1627384232,27-07-2021 11:10,36.00999832,38.04000092,939.4077148,522,0.522,1985,1.985,84,17.47615167,78.30252833
1627384263,27-07-2021 11:11,36.02000046,38.88899994,938.9088135,547,0.547,2117,2.117,90,17.47694667,78.30506333
1627384294,27-07-2021 11:11,36.09000015,38.88199997,938.7597046,533,0.533,2121,2.121,76,17.47752667,78.30683
1627384325,27-07-2021 11:12,36.20000076,39.55400085,938.9780273,526,0.526,2185,2.185,97,17.479455,78.30750833
1627384356,27-07-2021 11:12,36.29000092,40.07799911,939.3928223,559,0.559,2307,2.307,106,17.47937833,78.30976333
1627384388,27-07-2021 11:13,36.36999893,39.82699966,938.8928223,534,0.534,2342,2.342,113,17.47967333,78.31101667
1627384419,27-07-2021 11:13,36.54000092,40.62900162,938.8895874,545,0.545,2310,2.31,83,17.48029333,78.31161667
1627384449,27-07-2021 11:14,36.61999893,36.4679985,939.5266724,592,0.592,2217,2.217,26,17.47993333,78.315525
1627384480,27-07-2021 11:14,36.59999847,36.23199844,939.5131836,543,0.543,2153,2.153,35,17.47965167,78.319075
1627384511,27-07-2021 11:15,36.54999924,36.90399933,939.2821045,549,0.549,2203,2.203,99,17.478065,78.32014
1627384542,27-07-2021 11:15,36.52999878,36.2879982,938.8021851,546,0.546,2085,2.085,81,17.478585,78.32294833
1627384573,27-07-2021 11:16,36.50999832,36.49499893,938.4434204,541,0.541,2028,2.028,74,17.47702667,78.32447833
1627384604,27-07-2021 11:16,36.50999832,37.23300171,938.6594238,623,0.623,2150,2.15,130,17.475085,78.32608833
1627384635,27-07-2021 11:17,36.50999832,36.97499847,938.7573853,558,0.558,2157,2.157,58,17.47301167,78.32765167
1627384666,27-07-2021 11:17,36.52999878,37.22200012,938.8773193,554,0.554,2171,2.171,91,17.47084,78.33009167
1627384697,27-07-2021 11:18,36.49000168,36.50699997,938.15448,528,0.528,2078,2.078,72,17.46809333,78.33144333
1627384728,27-07-2021 11:18,36.38999939,36.62099838,937.7175293,559,0.559,2100,2.1,83,17.46474,78.33407833
1627384759,27-07-2021 11:19,36.25999832,37.18899918,936.4968262,531,0.531,2017,2.017,86,17.461545,78.33605
1627384790,27-07-2021 11:19,36.18000031,37.07099915,936.3565063,521,0.521,1989,1.989,54,17.45872167,78.33852
1627384821,27-07-2021 11:20,36.11000061,37.01699829,935.6281128,528,0.528,1982,1.982,15,17.45528667,78.34123
1627384852,27-07-2021 11:20,36.02999878,37.08399963,935.1464844,521,0.521,1964,1.964,28,17.45157,78.344875
1627384883,27-07-2021 11:21,35.86000061,37.51200104,934.802124,508,0.508,1821,1.821,24,17.44951,78.34840833
1627384914,27-07-2021 11:21,35.77000046,37.90999985,934.6895142,539,0.539,1982,1.982,89,17.44605833,78.35174167
1627384945,27-07-2021 11:22,35.63999939,38.1570015,935.2938232,492,0.492,1942,1.942,34,17.44581667,78.35162167
1627384976,27-07-2021 11:22,35.54000092,37.86700058,935.8391113,502,0.502,1953,1.953,73,17.44590667,78.3515
1627385007,27-07-2021 11:23,35.52999878,39.00600052,935.8125,533,0.533,2128,2.128,98,17.445955,78.35136667
1627385038,27-07-2021 11:23,35.58000183,40.55500031,935.8925171,541,0.541,2475,2.475,86,17.44597833,78.35146
1627385069,27-07-2021 11:24,35.65999985,41.53099823,935.9818726,524,0.524,2367,2.367,60,17.44597833,78.35146
1627385102,27-07-2021 11:25,35.84000015,38.87400055,935.8394165,507,0.507,2275,2.275,63,17.44597833,78.35146
1627385131,27-07-2021 11:25,35.77999878,38.94200134,935.7766724,511,0.511,2292,2.292,89,17.44597833,78.35146
1627385162,27-07-2021 11:26,35.63999939,39.31100082,935.685791,799,0.799,4875,4.875,95,17.44579333,78.35130333
1627385193,27-07-2021 11:26,35.52000046,40.73400116,935.7368164,760,0.76,4128,4.128,64,17.44574667,78.35122333
1627385224,27-07-2021 11:27,35.47999954,39.22200012,935.7293091,553,0.553,2628,2.628,96,17.44574667,78.35122333
1627385255,27-07-2021 11:27,35.38000107,43.40399933,935.7531128,590,0.59,2560,2.56,97,17.44574667,78.35122333
1627385286,27-07-2021 11:28,35.31000137,40.97200012,935.7612305,794,0.794,3796,3.796,102,17.44573167,78.35132
1627385317,27-07-2021 11:28,35.25999832,38.48199844,935.6281738,466,0.466,2292,2.292,59,17.44573167,78.35132
1627385348,27-07-2021 11:29,35.15000153,39.48899841,935.6470947,511,0.511,2314,2.314,93,17.44565167,78.35108833
1627385379,27-07-2021 11:29,35.06000137,40.46099854,935.5280151,453,0.453,2260,2.26,149,17.44582667,78.35059667
1627385410,27-07-2021 11:30,34.95999908,41.23600006,935.3828735,458,0.458,2153,2.153,162,17.44595333,78.35014833
1627385441,27-07-2021 11:30,34.88000107,41.32600021,935.085022,467,0.467,2142,2.142,153,17.44595333,78.35014833
1627385472,27-07-2021 11:31,34.75,38.8429985,934.8583984,446,0.446,2017,2.017,105,17.44595333,78.35014833
1627385503,27-07-2021 11:31,34.47000122,39.49100113,934.9702148,462,0.462,2017,2.017,142,17.44595333,78.35014833
1627385537,27-07-2021 11:32,34.11000061,40.53699875,934.9559937,454,0.454,1975,1.975,185,17.44595333,78.35014833
1627386181,27-07-2021 11:43,31.87999916,48.30799866,934.901001,483,0.483,2167,2.167,53,17.4454205,78.3498209
1627386213,27-07-2021 11:43,31.68000031,48.96500015,934.9456177,481,0.481,2128,2.128,74,17.44540667,78.34978333
1627386244,27-07-2021 11:44,31.53000069,49.24100113,934.8519287,483,0.483,2132,2.132,124,17.44548,78.349665
1627386275,27-07-2021 11:44,31.37000084,49.07799911,934.8538818,483,0.483,2132,2.132,105,17.445655,78.34978833
1627386305,27-07-2021 11:45,31.11000061,49.36500168,934.8566895,483,0.483,2107,2.107,82,17.44571,78.34998833
1627386336,27-07-2021 11:45,30.89999962,49.63299942,934.8709717,481,0.481,2107,2.107,70,17.44548833,78.34998333
1627386368,27-07-2021 11:46,30.72999954,49.77099991,934.8178711,483,0.483,2100,2.1,74,17.445545,78.34988333
1627386399,27-07-2021 11:46,30.60000038,49.75799942,934.8728027,485,0.485,2075,2.075,68,17.44551167,78.34983
1627386461,27-07-2021 11:47,30.40999985,49.50799942,934.8251953,483,0.483,2067,2.067,55,17.44552167,78.34990333
1627386492,27-07-2021 11:48,30.35000038,49.4640007,934.9003296,483,0.483,2046,2.046,57,17.44562,78.35
1627386523,27-07-2021 11:48,30.26000023,49.51499939,934.8311768,484,0.484,2057,2.057,73,17.44567333,78.350115
1627386554,27-07-2021 11:49,30.20000076,49.41199875,934.8739014,486,0.486,2057,2.057,57,17.445545,78.35011833
1627386585,27-07-2021 11:49,30.15999985,49.08100128,934.8776245,484,0.484,2042,2.042,55,17.445345,78.35008167
1627386616,27-07-2021 11:50,30.12000084,48.45999908,934.9263916,484,0.484,2039,2.039,52,17.44547833,78.35015167
1627386647,27-07-2021 11:50,30.06999969,47.9109993,934.8571777,486,0.486,2014,2.014,46,17.44551,78.350045
1627386678,27-07-2021 11:51,29.98999977,46.79199982,934.8991699,483,0.483,1996,1.996,56,17.44548667,78.34999167
1627386709,27-07-2021 11:51,29.94000053,45.97499847,934.8756714,484,0.484,1971,1.971,49,17.44551667,78.35006333
1627386741,27-07-2021 11:52,29.87000084,45.43700027,934.8898926,483,0.483,1971,1.971,45,17.44558,78.35007667
1627386771,27-07-2021 11:52,29.81999969,44.91199875,934.9232178,484,0.484,1946,1.946,50,17.44552167,78.35000667
1627386802,27-07-2021 11:53,29.75,44.46900177,934.9804077,484,0.484,1957,1.957,45,17.44551833,78.35004667
1627386833,27-07-2021 11:53,29.70999908,44.15100098,934.9542847,484,0.484,1957,1.957,45,17.44542667,78.34992167
1627386864,27-07-2021 11:54,29.65999985,43.90499878,934.8994141,485,0.485,1950,1.95,41,17.44554333,78.35004833
1627386895,27-07-2021 11:54,29.59000015,44.34500122,934.8775024,484,0.484,1946,1.946,64,17.445305,78.34998
1627386925,27-07-2021 11:55,29.51000023,44.59199905,934.8981934,485,0.485,1957,1.957,55,17.44546167,78.35009
1627386957,27-07-2021 11:55,29.36000061,45.09600067,934.8713989,487,0.487,1978,1.978,69,17.44557167,78.35026167
1627386988,27-07-2021 11:56,29.26000023,45.56900024,934.8884888,486,0.486,1960,1.96,54,17.445625,78.35018333
1627387019,27-07-2021 11:56,29.20999908,45.97399902,934.8726196,486,0.486,1964,1.964,47,17.44563833,78.35017333
1627387050,27-07-2021 11:57,29.19000053,46.29800034,934.902771,487,0.487,1982,1.982,61,17.44564,78.35017667
1627387081,27-07-2021 11:58,29.19000053,46.69599915,934.9171143,488,0.488,1971,1.971,57,17.44560667,78.35009667
1627387112,27-07-2021 11:58,29.15999985,47.00699997,934.8917847,486,0.486,1975,1.975,75,17.44555167,78.35008
1627387143,27-07-2021 11:59,29.10000038,47.70100021,934.8256226,485,0.485,1942,1.942,69,17.44555167,78.35008
1627387174,27-07-2021 11:59,29.07999992,48.04800034,934.8764038,482,0.482,1957,1.957,68,17.44563833,78.349905
1627387205,27-07-2021 12:00,29.03000069,48.46500015,934.8927002,481,0.481,1942,1.942,74,17.44554167,78.349945
1627387236,27-07-2021 12:00,29.02000046,48.74200058,934.9060059,483,0.483,1946,1.946,74,17.445605,78.34998667
1627387267,27-07-2021 12:01,29.02000046,49.12799835,934.9487305,479,0.479,1932,1.932,72,17.44552167,78.349965
1627387298,27-07-2021 12:01,29.02000046,49.57300186,934.9266968,478,0.478,1928,1.928,66,17.44555167,78.34997667
1627387329,27-07-2021 12:02,29.03000069,49.75500107,934.9963989,478,0.478,1903,1.903,65,17.44538833,78.34997833
1627387360,27-07-2021 12:02,29.04999924,49.85400009,934.9376831,478,0.478,1942,1.942,62,17.44540667,78.35001667
1627387391,27-07-2021 12:03,29.07999992,49.70000076,934.880188,480,0.48,1925,1.925,64,17.44549,78.34997167
